Date,Timestamp,Half,Team,Player,Event,Assist By,Highlight,Assist Highlight,Shot X,Shot Y,Assist X,Assist Y,Net X,Net Y,Foot
2026-05-21,0:00,1H,A,Ines,GK On,,,,,,,,,,
2026-05-21,0:00,1H,B,Jake,GK On,,,,,,,,,,
2026-05-21,0:28,1H,A,James,Off Target,,none,,,,,,,,
2026-05-21,0:29,1H,A,James,Nutmegs,,none,,,,,,,,
2026-05-21,0:39,1H,A,James,Interceptions,,none,,,,,,,,
2026-05-21,0:42,1H,A,Richard,Tackles,,none,,,,,,,,
2026-05-21,0:44,1H,B,Bailey,Key Passes,,none,,,,,,,,
2026-05-21,0:45,1H,B,Andres,On Target,,none,,,,,,,,
2026-05-21,0:45,1H,A,Richard,Blocks,,none,,,,,,,,
2026-05-21,0:48,1H,A,Richard,Interceptions,,none,,,,,,,,
2026-05-21,0:59,1H,A,Richard,Interceptions,,none,,,,,,,,
2026-05-21,1:02,1H,B,Bailey,Interceptions,,none,,,,,,,,
2026-05-21,1:20,1H,A,James,Key Passes,,none,,,,,,,,
2026-05-21,1:22,1H,A,Gio,On Target,,none,,,,,,,,
2026-05-21,1:22,1H,B,Lachlan,Blocks,,none,,,,,,,,
2026-05-21,1:25,1H,A,Richard,Interceptions,,none,,,,,,,,
2026-05-21,1:32,1H,A,Gio,On Target,,none,,,,,,,,
2026-05-21,1:32,1H,A,Gio,Goals,Richard,highlight,none,0.6960,0.1720,0.2700,0.8150,,,
2026-05-21,1:50,1H,A,James,Interceptions,,none,,,,,,,,
2026-05-21,1:52,1H,A,Richard,Interceptions,,none,,,,,,,,
2026-05-21,1:58,1H,A,Gio,Interceptions,,none,,,,,,,,
2026-05-21,2:02,1H,B,Andres,On Target,,none,,,,,,,,
2026-05-21,2:02,1H,B,Andres,Goals,Bailey,none,none,0.6930,0.7770,0.8050,0.8760,,,
2026-05-21,2:18,1H,B,Bailey,Interceptions,,none,,,,,,,,
2026-05-21,2:22,1H,B,Bailey,Key Passes,,none,,,,,,,,
2026-05-21,2:22,1H,B,Andres,On Target,,none,,,,,,,,
2026-05-21,2:22,1H,A,Richard,Blocks,,none,,,,,,,,
2026-05-21,2:32,1H,B,Bailey,Interceptions,,none,,,,,,,,
2026-05-21,2:59,1H,B,Alberto,Interceptions,,none,,,,,,,,
2026-05-21,3:05,1H,A,Richard,Interceptions,,none,,,,,,,,
2026-05-21,3:08,1H,B,Bailey,Interceptions,,none,,,,,,,,
2026-05-21,3:11,1H,B,Alberto,Tackles,,none,,,,,,,,
2026-05-21,3:26,1H,B,Andres,Key Passes,,none,,,,,,,,
2026-05-21,3:28,1H,B,Bailey,Off Target,,none,,,,,,,,
2026-05-21,3:36,1H,A,Gio,Nutmegs,,none,,,,,,,,
2026-05-21,3:36,1H,B,Alberto,Interceptions,,none,,,,,,,,
2026-05-21,3:46,1H,B,Lachlan,Key Passes,,none,,,,,,,,
2026-05-21,4:51,1H,A,Gio,Interceptions,,none,,,,,,,,
2026-05-21,4:54,1H,B,Alberto,Interceptions,,none,,,,,,,,
2026-05-21,4:59,1H,A,Gio,Interceptions,,none,,,,,,,,
2026-05-21,5:01,1H,A,Gio,On Target,,none,,,,,,,,
2026-05-21,5:01,1H,B,Lachlan,Blocks,,none,,,,,,,,
2026-05-21,5:10,1H,B,Andres,Interceptions,,none,,,,,,,,
2026-05-21,5:15,1H,B,Lachlan,Interceptions,,none,,,,,,,,
2026-05-21,5:30,1H,A,Gio,Tackles,,none,,,,,,,,
2026-05-21,6:09,1H,B,Alberto,Tackles,,none,,,,,,,,
2026-05-21,6:21,1H,A,Gio,Tackles,,none,,,,,,,,
2026-05-21,6:26,1H,B,Andres,Tackles,,none,,,,,,,,
2026-05-21,6:29,1H,B,Lachlan,Key Passes,,none,,,,,,,,
2026-05-21,6:31,1H,B,Andres,On Target,,none,,,,,,,,
2026-05-21,6:31,1H,A,Gio,Blocks,,none,,,,,,,,
2026-05-21,6:33,1H,B,Andres,On Target,,none,,,,,,,,
2026-05-21,6:33,1H,A,Richard,GK Saves,,none,,,,,,,,
2026-05-21,3:35,1H,A,Ines,GK Removed,,,,,,,,,,
2026-05-21,3:35,1H,A,Richard,GK On,,,,,,,,,,
2026-05-21,6:42,1H,A,Gio,Key Passes,,none,,,,,,,,
2026-05-21,6:44,1H,A,James,On Target,,none,,,,,,,,
2026-05-21,6:44,1H,B,Alberto,Blocks,,none,,,,,,,,
2026-05-21,6:48,1H,B,Lachlan,Interceptions,,none,,,,,,,,
2026-05-21,6:49,1H,A,Lach2,Tackles,,none,,,,,,,,
2026-05-21,6:51,1H,B,Lachlan,Tackles,,none,,,,,,,,
2026-05-21,7:16,1H,B,Alberto,Key Passes,,none,,,,,,,,
2026-05-21,7:16,1H,B,Andres,On Target,,none,,,,,,,,
2026-05-21,7:16,1H,A,Lach2,Blocks,,none,,,,,,,,
2026-05-21,7:22,1H,B,Lachlan,Key Passes,,none,,,,,,,,
2026-05-21,7:23,1H,B,Bailey,On Target,,none,,,,,,,,
2026-05-21,7:23,1H,A,Richard,GK Saves,,none,,,,,,,,
2026-05-21,7:29,1H,A,Richard,Key Passes,,none,,,,,,,,
2026-05-21,7:32,1H,A,James,Off Target,,none,,,,,,,,
2026-05-21,7:40,1H,A,Ines,Interceptions,,none,,,,,,,,
2026-05-21,7:50,1H,A,Ines,Interceptions,,none,,,,,,,,
2026-05-21,8:09,1H,B,Bailey,Key Passes,,none,,,,,,,,
2026-05-21,8:10,1H,B,Alberto,On Target,,none,,,,,,,,
2026-05-21,8:11,1H,A,Richard,GK Saves,,none,,,,,,,,
2026-05-21,8:12,1H,A,Richard,Key Passes,,none,,,,,,,,
2026-05-21,8:24,1H,A,Richard,Interceptions,,none,,,,,,,,
2026-05-21,8:31,1H,B,Lachlan,Interceptions,,none,,,,,,,,
2026-05-21,8:37,1H,A,James,Off Target,,none,,,,,,,,
2026-05-21,8:38,1H,B,Jake,GK Saves,,none,,,,,,,,
2026-05-21,8:54,1H,B,Jake,GK Removed,,,,,,,,,,
2026-05-21,8:54,1H,B,Alberto,GK On,,,,,,,,,,
2026-05-21,9:08,1H,A,Richard,Interceptions,,none,,,,,,,,
2026-05-21,9:20,1H,B,Bailey,Interceptions,,none,,,,,,,,
2026-05-21,9:22,1H,A,Gio,Key Passes,,none,,,,,,,,
2026-05-21,9:22,1H,A,James,Off Target,,none,,,,,,,,
2026-05-21,9:30,1H,B,Bailey,Key Passes,,none,,,,,,,,
2026-05-21,9:33,1H,B,Lachlan,On Target,,none,,,,,,,,
2026-05-21,9:33,1H,A,Richard,GK Saves,,none,,,,,,,,
2026-05-21,9:35,1H,A,Gio,Interceptions,,none,,,,,,,,
2026-05-21,9:40,1H,B,Bailey,Key Passes,,none,,,,,,,,
2026-05-21,9:40,1H,B,Lachlan,Off Target,,none,,,,,,,,
2026-05-21,9:40,1H,B,Lachlan,Post,,none,,,,,,,,
2026-05-21,9:43,1H,B,Andres,Tackles,,none,,,,,,,,
2026-05-21,9:48,1H,A,Ines,Interceptions,,none,,,,,,,,
2026-05-21,9:59,1H,B,Jake,Tackles,,none,,,,,,,,
2026-05-21,10:02,1H,B,Bailey,Goals,Lachlan,highlight,highlight,0.8250,0.5270,0.7680,0.2230,,,
2026-05-21,10:27,1H,B,Jake,Interceptions,,none,,,,,,,,
2026-05-21,10:42,1H,A,James,Tackles,,none,,,,,,,,
2026-05-21,10:48,1H,A,Ines,Tackles,,none,,,,,,,,
2026-05-21,10:48,1H,B,Lachlan,Key Passes,,none,,,,,,,,
2026-05-21,10:49,1H,B,Bailey,On Target,,none,,,,,,,,
2026-05-21,10:49,1H,A,Richard,GK Saves,,none,,,,,,,,
2026-05-21,10:52,1H,B,Jake,On Target,,none,,,,,,,,
2026-05-21,10:53,1H,A,Richard,GK Saves,,none,,,,,,,,
2026-05-21,10:55,1H,B,Jake,Off Target,,none,,,,,,,,
2026-05-21,10:58,1H,A,Lach2,Interceptions,,none,,,,,,,,
2026-05-21,11:00,1H,B,Andres,Interceptions,,none,,,,,,,,
2026-05-21,11:03,1H,A,James,Key Passes,,none,,,,,,,,
2026-05-21,11:04,1H,A,Gio,Off Target,,none,,,,,,,,
2026-05-21,11:07,1H,B,Jake,Interceptions,,none,,,,,,,,
2026-05-21,11:22,1H,B,Bailey,Key Passes,,none,,,,,,,,
2026-05-21,11:25,1H,B,Jake,On Target,,none,,,,,,,,
2026-05-21,11:26,1H,A,Gio,Blocks,,none,,,,,,,,
2026-05-21,11:31,1H,A,Gio,Interceptions,,none,,,,,,,,
2026-05-21,11:33,1H,A,Gio,Nutmegs,,none,,,,,,,,
2026-05-21,11:43,1H,B,Andres,Key Passes,,none,,,,,,,,
2026-05-21,11:45,1H,B,Jake,Off Target,,none,,,,,,,,
2026-05-21,11:54,1H,B,Andres,Interceptions,,none,,,,,,,,
2026-05-21,12:10,1H,A,Lach2,Interceptions,,none,,,,,,,,
2026-05-21,12:18,1H,B,Jake,Interceptions,,none,,,,,,,,
2026-05-21,12:20,1H,A,James,Key Passes,,none,,,,,,,,
2026-05-21,12:20,1H,A,Gio,Off Target,,none,,,,,,,,
2026-05-21,12:28,1H,A,Lach2,Interceptions,,none,,,,,,,,
2026-05-21,12:32,1H,A,Lach2,On Target,,none,,,,,,,,
2026-05-21,12:33,1H,B,Alberto,GK Saves,,none,,,,,,,,
2026-05-21,12:34,1H,A,James,On Target,,none,,,,,,,,
2026-05-21,12:35,1H,B,Alberto,GK Saves,,none,,,,,,,,
2026-05-21,12:45,1H,A,James,Interceptions,,none,,,,,,,,
2026-05-21,13:52,1H,A,Lach2,Interceptions,,none,,,,,,,,
2026-05-21,13:55,1H,A,Lach2,Key Passes,,none,,,,,,,,
2026-05-21,13:57,1H,A,Gio,On Target,,none,,,,,,,,
2026-05-21,13:57,1H,B,Lachlan,Blocks,,none,,,,,,,,
2026-05-21,14:01,1H,B,Bailey,Tackles,,none,,,,,,,,
2026-05-21,14:07,1H,A,Ines,Tackles,,none,,,,,,,,
2026-05-21,13:57,1H,A,Richard,GK Removed,,,,,,,,,,
2026-05-21,13:57,1H,A,James,GK On,,,,,,,,,,
2026-05-21,14:10,1H,A,Ines,Key Passes,,none,,,,,,,,
2026-05-21,14:12,1H,A,Richard,Off Target,,none,,,,,,,,
2026-05-21,14:13,1H,B,Lachlan,Blocks,,none,,,,,,,,
2026-05-21,14:34,1H,B,Andres,Key Passes,,none,,,,,,,,
2026-05-21,14:37,1H,B,Jake,On Target,,none,,,,,,,,
2026-05-21,14:37,1H,A,Lach2,Blocks,,none,,,,,,,,
2026-05-21,14:42,1H,A,Gio,Nutmegs,,none,,,,,,,,
2026-05-21,14:47,1H,B,Bailey,Interceptions,,none,,,,,,,,
2026-05-21,14:55,1H,A,Richard,Tackles,,none,,,,,,,,
2026-05-21,14:57,1H,B,Andres,Tackles,,none,,,,,,,,
2026-05-21,15:01,1H,A,Lach2,Tackles,,none,,,,,,,,
2026-05-21,15:10,1H,A,Richard,Nutmegs,,none,,,,,,,,
2026-05-21,15:10,1H,A,Richard,Tackles,,none,,,,,,,,
2026-05-21,15:13,1H,B,Lachlan,Interceptions,,none,,,,,,,,
2026-05-21,15:17,1H,B,Jake,Tackles,,none,,,,,,,,
2026-05-21,15:21,1H,B,Andres,Key Passes,,none,,,,,,,,
2026-05-21,15:23,1H,B,Bailey,Off Target,,none,,,,,,,,
2026-05-21,15:23,1H,B,Bailey,Nutmegs,,none,,,,,,,,
2026-05-21,15:25,1H,B,Jake,Off Target,,none,,,,,,,,
2026-05-21,15:50,1H,B,Andres,Tackles,,none,,,,,,,,
2026-05-21,16:01,1H,A,Lach2,Interceptions,,none,,,,,,,,
2026-05-21,16:01,1H,A,Lach2,Tackles,,none,,,,,,,,
2026-05-21,16:02,1H,A,Lach2,Off Target,,none,,,,,,,,
2026-05-21,16:17,1H,A,Richard,Tackles,,none,,,,,,,,
2026-05-21,16:17,1H,B,Bailey,Interceptions,,none,,,,,,,,
2026-05-21,16:18,1H,B,Lachlan,Goals,,none,none,0.8640,0.2600,,,,,
2026-05-21,16:20,1H,B,Lachlan,Nutmegs,,none,,,,,,,,
2026-05-21,16:35,1H,A,Ines,Off Target,,none,,,,,,,,
2026-05-21,16:36,1H,B,Andres,Blocks,,none,,,,,,,,
2026-05-21,16:37,1H,B,Alberto,GK Saves,,none,,,,,,,,
2026-05-21,16:49,1H,A,Lach2,Interceptions,,none,,,,,,,,
2026-05-21,16:46,1H,A,Richard,Interceptions,,none,,,,,,,,
2026-05-21,16:56,1H,B,Jake,Tackles,,none,,,,,,,,
2026-05-21,16:57,1H,A,Gio,Tackles,,none,,,,,,,,
2026-05-21,16:58,1H,A,Gio,On Target,,none,,,,,,,,
2026-05-21,16:58,1H,A,Gio,Goals,,highlight,none,0.6070,0.7160,,,,,
2026-05-21,17:20,1H,A,Gio,Interceptions,,none,,,,,,,,
2026-05-21,17:22,1H,B,Bailey,Key Passes,,none,,,,,,,,
2026-05-21,17:23,1H,B,Andres,On Target,,none,,,,,,,,
2026-05-21,17:24,1H,A,James,GK Saves,,none,,,,,,,,
2026-05-21,17:27,1H,B,Lachlan,Key Passes,,none,,,,,,,,
2026-05-21,17:29,1H,B,Jake,Off Target,,none,,,,,,,,
2026-05-21,17:40,1H,B,Andres,Interceptions,,none,,,,,,,,
2026-05-21,17:42,1H,B,Bailey,Interceptions,,none,,,,,,,,
2026-05-21,17:55,1H,B,Lachlan,Interceptions,,none,,,,,,,,
2026-05-21,18:04,1H,A,Lach2,Interceptions,,none,,,,,,,,
2026-05-21,18:06,1H,A,Lach2,On Target,,none,,,,,,,,
2026-05-21,18:06,1H,B,Alberto,GK Saves,,none,,,,,,,,
2026-05-21,18:09,1H,A,Lach2,Off Target,,none,,,,,,,,
2026-05-21,18:09,1H,B,Alberto,GK Saves,,none,,,,,,,,
2026-05-21,18:16,1H,A,Lach2,On Target,,none,,,,,,,,
2026-05-21,18:16,1H,A,Lach2,Nutmegs,,none,,,,,,,,
2026-05-21,18:16,1H,A,Lach2,Goals,,none,none,0.8280,0.5310,,,,,
2026-05-21,18:34,1H,A,Richard,Interceptions,,none,,,,,,,,
2026-05-21,18:36,1H,A,Richard,On Target,,none,,,,,,,,
2026-05-21,18:36,1H,B,Alberto,GK Saves,,none,,,,,,,,
2026-05-21,18:39,1H,B,Bailey,Interceptions,,none,,,,,,,,
2026-05-21,18:41,1H,A,Lach2,Interceptions,,none,,,,,,,,
2026-05-21,18:42,1H,A,Lach2,Off Target,,none,,,,,,,,
2026-05-21,18:46,1H,A,Ines,Key Passes,,none,,,,,,,,
2026-05-21,18:47,1H,A,Gio,Off Target,,none,,,,,,,,
2026-05-21,18:53,1H,B,Jake,On Target,,none,,,,,,,,
2026-05-21,18:54,1H,A,Richard,Blocks,,none,,,,,,,,
2026-05-21,19:03,1H,B,Bailey,Key Passes,,none,,,,,,,,
2026-05-21,19:05,1H,B,Jake,On Target,,none,,,,,,,,
2026-05-21,19:05,1H,A,James,GK Saves,,none,,,,,,,,
2026-05-21,19:07,1H,A,Ines,Interceptions,,none,,,,,,,,
2026-05-21,19:13,1H,A,Gio,Goals,Lach2,none,none,0.8030,0.6450,0.6230,0.1220,,,
2026-05-21,19:31,1H,B,Alberto,GK Removed,,,,,,,,,,
2026-05-21,19:31,1H,B,Andres,GK On,,,,,,,,,,
2026-05-21,19:38,1H,B,Lachlan,Key Passes,,none,,,,,,,,
2026-05-21,19:38,1H,B,Jake,On Target,,none,,,,,,,,
2026-05-21,19:39,1H,A,James,GK Saves,,none,,,,,,,,
2026-05-21,19:51,1H,B,Jake,Interceptions,,none,,,,,,,,
2026-05-21,19:54,1H,B,Alberto,Tackles,,none,,,,,,,,
2026-05-21,19:58,1H,A,Richard,Interceptions,,none,,,,,,,,
2026-05-21,20:06,1H,B,Alberto,Interceptions,,none,,,,,,,,
2026-05-21,20:08,1H,A,Lach2,On Target,,none,,,,,,,,
2026-05-21,20:08,1H,A,Lach2,Goals,,highlight,none,0.7340,0.4520,,,,,
2026-05-21,20:31,1H,A,Lach2,Tackles,,none,,,,,,,,
2026-05-21,20:33,1H,A,Richard,Interceptions,,none,,,,,,,,
2026-05-21,20:15,1H,A,James,GK Removed,,,,,,,,,,
2026-05-21,20:15,1H,A,Ines,GK On,,,,,,,,,,
2026-05-21,20:51,1H,B,Lachlan,Interceptions,,none,,,,,,,,
2026-05-21,20:56,1H,A,Richard,Interceptions,,none,,,,,,,,
2026-05-21,20:59,1H,A,Richard,Key Passes,,none,,,,,,,,
2026-05-21,20:59,1H,A,Gio,Off Target,,none,,,,,,,,
2026-05-21,20:59,1H,B,Alberto,Blocks,,none,,,,,,,,
2026-05-21,21:01,1H,A,Gio,Key Passes,,none,,,,,,,,
2026-05-21,21:02,1H,A,Richard,Off Target,,none,,,,,,,,
2026-05-21,21:33,1H,B,Bailey,Off Target,,none,,,,,,,,
2026-05-21,21:31,1H,B,Lachlan,Off Target,,none,,,,,,,,
2026-05-21,21:31,1H,A,Richard,Blocks,,none,,,,,,,,
2026-05-21,21:52,1H,A,James,Interceptions,,none,,,,,,,,
2026-05-21,21:55,1H,B,Jake,Interceptions,,none,,,,,,,,
2026-05-21,21:55,1H,B,Lachlan,Interceptions,,none,,,,,,,,
2026-05-21,21:59,1H,B,Lachlan,Key Passes,,none,,,,,,,,
2026-05-21,21:59,1H,B,Bailey,On Target,,none,,,,,,,,
2026-05-21,21:59,1H,B,Bailey,Nutmegs,,none,,,,,,,,
2026-05-21,22:00,1H,A,Ines,GK Saves,,none,,,,,,,,
2026-05-21,22:23,1H,B,Jake,Tackles,,none,,,,,,,,
2026-05-21,22:34,1H,A,Lach2,Interceptions,,none,,,,,,,,
2026-05-21,22:37,1H,A,Lach2,Goals,,none,none,0.6360,0.6020,,,,,
2026-05-21,22:55,1H,A,Lach2,Interceptions,,none,,,,,,,,
2026-05-21,23:11,1H,B,Lachlan,Interceptions,,none,,,,,,,,
2026-05-21,23:16,1H,A,James,Key Passes,,none,,,,,,,,
2026-05-21,23:17,1H,A,Ines,On Target,,none,,,,,,,,
2026-05-21,23:18,1H,B,Andres,GK Saves,,none,,,,,,,,
2026-05-21,23:21,1H,B,Jake,Interceptions,,none,,,,,,,,
2026-05-21,22:12,1H,A,Ines,GK Removed,,,,,,,,,,
2026-05-21,22:12,1H,A,Richard,GK On,,,,,,,,,,
2026-05-21,23:27,1H,A,Gio,Interceptions,,none,,,,,,,,
2026-05-21,23:33,1H,A,Gio,Nutmegs,,none,,,,,,,,
2026-05-21,23:30,1H,B,Jake,Nutmegs,,none,,,,,,,,
2026-05-21,23:45,1H,A,Lach2,Key Passes,,none,,,,,,,,
2026-05-21,23:48,1H,A,James,On Target,,none,,,,,,,,
2026-05-21,23:48,1H,B,Lachlan,Blocks,,none,,,,,,,,
2026-05-21,23:51,1H,A,Lach2,Interceptions,,none,,,,,,,,
2026-05-21,23:55,1H,A,James,Key Passes,,none,,,,,,,,
2026-05-21,23:55,1H,A,Lach2,On Target,,none,,,,,,,,
2026-05-21,23:56,1H,B,Andres,GK Saves,,none,,,,,,,,
2026-05-21,24:08:00,1H,B,Jake,Off Target,,none,,,,,,,,
2026-05-21,24:21:00,1H,B,Lachlan,Interceptions,,none,,,,,,,,
2026-05-21,24:23:00,1H,B,Lachlan,Nutmegs,,none,,,,,,,,
2026-05-21,24:33:00,1H,B,Lachlan,Interceptions,,none,,,,,,,,
2026-05-21,24:42:00,1H,B,Andres,Key Passes,,none,,,,,,,,
2026-05-21,24:42:00,1H,B,Bailey,Off Target,,none,,,,,,,,
2026-05-21,24:44:00,1H,B,Jake,Off Target,,none,,,,,,,,
2026-05-21,24:50:00,1H,B,Alberto,Interceptions,,none,,,,,,,,
2026-05-21,25:07:00,1H,A,Gio,Tackles,,none,,,,,,,,
2026-05-21,25:13:00,1H,B,Alberto,Interceptions,,none,,,,,,,,
2026-05-21,25:19:00,1H,B,Lachlan,Interceptions,,none,,,,,,,,
2026-05-21,25:23:00,1H,B,Alberto,Key Passes,,none,,,,,,,,
2026-05-21,25:24:00,1H,B,Jake,On Target,,none,,,,,,,,
2026-05-21,25:25:00,1H,A,Richard,GK Saves,,highlight,,,,,,,,
2026-05-21,25:36:00,1H,B,Lachlan,Interceptions,,none,,,,,,,,
2026-05-21,25:38:00,1H,A,Lach2,Tackles,,none,,,,,,,,
2026-05-21,25:45:00,1H,B,Jake,Tackles,,none,,,,,,,,
2026-05-21,25:55:00,1H,B,Alberto,Off Target,,none,,,,,,,,
2026-05-21,25:55:00,1H,A,Lach2,Blocks,,none,,,,,,,,
2026-05-21,25:56:00,1H,A,Richard,GK Saves,,none,,,,,,,,
2026-05-21,26:10:00,1H,B,Jake,Interceptions,,none,,,,,,,,
2026-05-21,26:13:00,1H,A,Lach2,Tackles,,none,,,,,,,,
2026-05-21,26:14:00,1H,A,Lach2,Off Target,,none,,,,,,,,
2026-05-21,26:27:00,1H,A,Gio,Tackles,,none,,,,,,,,
2026-05-21,26:45:00,1H,B,Andres,GK Removed,,,,,,,,,,
2026-05-21,26:45:00,1H,B,Lachlan,GK On,,,,,,,,,,
2026-05-21,26:50:00,1H,B,Andres,Interceptions,,none,,,,,,,,
2026-05-21,26:56:00,1H,A,Gio,Nutmegs,,none,,,,,,,,
2026-05-21,26:59:00,1H,B,Andres,Interceptions,,none,,,,,,,,
2026-05-21,27:13:00,1H,B,Bailey,Interceptions,,none,,,,,,,,
2026-05-21,28:07:00,1H,B,Andres,Tackles,,none,,,,,,,,
2026-05-21,28:09:00,1H,B,Jake,Off Target,,none,,,,,,,,
2026-05-21,28:09:00,1H,B,Jake,Post,,none,,,,,,,,
2026-05-21,28:20:00,1H,A,James,Goals,Lach2,highlight,none,0.6180,0.9000,0.2990,0.8760,,,
2026-05-21,28:56:00,1H,B,Andres,Off Target,,none,,,,,,,,
2026-05-21,29:19:00,1H,A,Lach2,Tackles,,none,,,,,,,,
2026-05-21,29:24:00,1H,B,Lachlan,Tackles,,none,,,,,,,,
2026-05-21,29:34:00,1H,B,Bailey,Key Passes,,none,,,,,,,,
2026-05-21,29:55:00,1H,B,Alberto,Tackles,,none,,,,,,,,
2026-05-21,30:06:00,1H,A,Ines,Tackles,,none,,,,,,,,
2026-05-21,30:08:00,1H,B,Bailey,Tackles,,none,,,,,,,,
2026-05-21,30:26.2,1H,B,Andres,Interceptions,,none,,,,,,,,
2026-05-21,30:29.6,1H,B,Andres,Off Target,,none,,,,,,,,
2026-05-21,30:33.6,1H,B,Bailey,Key Passes,,none,,,,,,,,
2026-05-21,30:34.3,1H,B,Andres,Off Target,,none,,,,,,,,
2026-05-21,30:34.3,1H,B,Andres,Post,,none,,,,,,,,
2026-05-21,30:42.4,1H,A,Lach2,Tackles,,none,,,,,,,,
2026-05-21,30:51.3,1H,B,Alberto,Tackles,,none,,,,,,,,
2026-05-21,30:51.8,1H,A,Gio,Interceptions,,none,,,,,,,,
2026-05-21,30:56.3,1H,B,Bailey,Interceptions,,none,,,,,,,,
2026-05-21,31:11.7,1H,A,Richard,GK Saves,,none,,,,,,,,
2026-05-21,31:18.0,1H,B,Jake,Tackles,,none,,,,,,,,
2026-05-21,31:25.8,1H,A,Gio,Goals,James,none,none,0.8070,0.6850,0.8800,0.9070,,,
2026-05-21,31:53.9,2H,A,Alberto,Team Swap,Alberto: B → A,none,,,,,,,,
2026-05-21,31:53.9,2H,B,James,Team Swap,James: A → B,none,,,,,,,,
2026-05-21,31:55.7,2H,A,Richard,GK Removed,,,,,,,,,,
2026-05-21,31:55.7,2H,A,Ines,GK On,,,,,,,,,,
2026-05-21,31:55.7,2H,B,Lachlan,GK Removed,,,,,,,,,,
2026-05-21,31:55.7,2H,B,Jake,GK On,,,,,,,,,,
2026-05-21,32:04.0,2H,A,Alberto,Interceptions,,none,,,,,,,,
2026-05-21,32:12.4,2H,A,Richard,Interceptions,,none,,,,,,,,
2026-05-21,32:16.0,2H,B,Bailey,Nutmegs,,none,,,,,,,,
2026-05-21,32:17.9,2H,A,Gio,Tackles,,none,,,,,,,,
2026-05-21,32:24.5,2H,B,James,Key Passes,,none,,,,,,,,
2026-05-21,32:26.7,2H,B,Andres,Off Target,,none,,,,,,,,
2026-05-21,32:32.2,2H,A,Lach2,Interceptions,,none,,,,,,,,
2026-05-21,32:37.7,2H,B,Andres,Interceptions,,none,,,,,,,,
2026-05-21,32:40.2,2H,B,Andres,Nutmegs,,none,,,,,,,,
2026-05-21,33:13.7,2H,A,Lach2,On Target,,none,,,,,,,,
2026-05-21,33:14.0,2H,B,Jake,GK Saves,,none,,,,,,,,
2026-05-21,33:15.0,2H,A,Lach2,Goals,Alberto,none,highlight,0.8300,0.2730,0.8340,0.7840,,,
2026-05-21,33:32.0,2H,A,Richard,Interceptions,,none,,,,,,,,
2026-05-21,33:34.7,2H,A,Richard,Interceptions,,none,,,,,,,,
2026-05-21,33:38.6,2H,A,Richard,Key Passes,,none,,,,,,,,
2026-05-21,33:40.8,2H,A,Alberto,Off Target,,none,,,,,,,,
2026-05-21,33:44.5,2H,B,Jake,Key Passes,,none,,,,,,,,
2026-05-21,33:47.5,2H,B,Andres,On Target,,none,,,,,,,,
2026-05-21,33:47.6,2H,B,Andres,Nutmegs,,none,,,,,,,,
2026-05-21,33:47.6,2H,A,Ines,GK Saves,,none,,,,,,,,
2026-05-21,33:57.5,2H,B,Bailey,On Target,,none,,,,,,,,
2026-05-21,33:57.9,2H,A,Ines,GK Saves,,none,,,,,,,,
2026-05-21,34:00.8,2H,A,Richard,Interceptions,,none,,,,,,,,
2026-05-21,34:03.6,2H,B,Bailey,Interceptions,,none,,,,,,,,
2026-05-21,34:04.1,2H,A,Gio,Tackles,,none,,,,,,,,
2026-05-21,34:36.2,2H,A,Lach2,Interceptions,,none,,,,,,,,
2026-05-21,34:39.6,2H,A,Lach2,Tackles,,none,,,,,,,,
2026-05-21,34:42.1,2H,A,Ines,Key Passes,,none,,,,,,,,
2026-05-21,34:46.6,2H,A,Gio,On Target,,none,,,,,,,,
2026-05-21,34:46.8,2H,B,Jake,GK Saves,,none,,,,,,,,
2026-05-21,34:50.1,2H,A,Lach2,Interceptions,,none,,,,,,,,
2026-05-21,34:54.6,2H,B,James,Interceptions,,none,,,,,,,,
2026-05-21,34:59.2,2H,A,Alberto,Key Passes,,none,,,,,,,,
2026-05-21,35:08.1,2H,B,Bailey,Key Passes,,none,,,,,,,,
2026-05-21,35:09.1,2H,B,Andres,On Target,,none,,,,,,,,
2026-05-21,35:09.4,2H,A,Ines,GK Saves,,none,,,,,,,,
2026-05-21,35:11.1,2H,B,Andres,Off Target,,none,,,,,,,,
2026-05-21,35:21.3,2H,B,James,Interceptions,,none,,,,,,,,
2026-05-21,35:22.6,2H,A,Ines,Interceptions,,none,,,,,,,,
2026-05-21,35:29.0,2H,A,Richard,Key Passes,,none,,,,,,,,
2026-05-21,35:31.1,2H,A,Lach2,Off Target,,none,,,,,,,,
2026-05-21,35:31.1,2H,A,Lach2,Post,,none,,,,,,,,
2026-05-21,35:48.6,2H,B,Lachlan,On Target,,none,,,,,,,,
2026-05-21,35:48.7,2H,A,Richard,Blocks,,none,,,,,,,,
2026-05-21,35:59.4,2H,B,Jake,GK Removed,,,,,,,,,,
2026-05-21,35:59.4,2H,B,James,GK On,,,,,,,,,,
2026-05-21,36:02.2,2H,B,Lachlan,Interceptions,,none,,,,,,,,
2026-05-21,36:04.7,2H,B,Lachlan,On Target,,none,,,,,,,,
2026-05-21,36:04.8,2H,B,Lachlan,Nutmegs,,none,,,,,,,,
2026-05-21,36:05.1,2H,A,Ines,GK Saves,,none,,,,,,,,
2026-05-21,36:18.9,2H,A,Lach2,Key Passes,,none,,,,,,,,
2026-05-21,36:22.1,2H,A,Richard,Off Target,,none,,,,,,,,
2026-05-21,36:22.1,2H,A,Richard,Nutmegs,,none,,,,,,,,
2026-05-21,36:28.5,2H,A,Richard,Interceptions,,none,,,,,,,,
2026-05-21,36:31.3,2H,B,Jake,Key Passes,,none,,,,,,,,
2026-05-21,36:32.6,2H,B,Andres,Off Target,,none,,,,,,,,
2026-05-21,36:39.9,2H,A,Alberto,On Target,,none,,,,,,,,
2026-05-21,36:39.9,2H,A,Alberto,Goals,,none,none,0.8190,0.2600,,,,,
2026-05-21,37:01.9,2H,B,Andres,Goals,Lachlan,none,none,0.7910,0.1720,0.6040,0.1090,,,
2026-05-21,37:09.3,2H,A,Ines,GK Removed,,,,,,,,,,
2026-05-21,37:09.3,2H,A,Alberto,GK On,,,,,,,,,,
2026-05-21,37:24.7,2H,A,Richard,Interceptions,,none,,,,,,,,
2026-05-21,37:26.6,2H,B,Jake,Interceptions,,none,,,,,,,,
2026-05-21,37:29.4,2H,B,Andres,Interceptions,,none,,,,,,,,
2026-05-21,37:32.6,2H,B,Bailey,Key Passes,,none,,,,,,,,
2026-05-21,37:33.7,2H,B,Lachlan,Off Target,,none,,,,,,,,
2026-05-21,37:33.7,2H,B,Lachlan,Post,,none,,,,,,,,
2026-05-21,37:43.7,2H,B,Andres,Off Target,,none,,,,,,,,
2026-05-21,37:46.6,2H,B,Jake,On Target,,none,,,,,,,,
2026-05-21,37:46.6,2H,A,Lach2,Blocks,,none,,,,,,,,
2026-05-21,37:52.0,2H,B,Jake,Interceptions,,none,,,,,,,,
2026-05-21,37:54.1,2H,B,Lachlan,Key Passes,,none,,,,,,,,
2026-05-21,37:55.7,2H,B,Bailey,On Target,,none,,,,,,,,
2026-05-21,37:56.1,2H,A,Alberto,GK Saves,,none,,,,,,,,
2026-05-21,37:56.8,2H,A,Richard,Interceptions,,none,,,,,,,,
2026-05-21,38:19.9,2H,B,Jake,Tackles,,none,,,,,,,,
2026-05-21,38:27.5,2H,A,Ines,Interceptions,,none,,,,,,,,
2026-05-21,38:30.4,2H,A,Lach2,On Target,,none,,,,,,,,
2026-05-21,38:30.7,2H,B,Jake,Blocks,,none,,,,,,,,
2026-05-21,38:33.3,2H,A,Lach2,On Target,,none,,,,,,,,
2026-05-21,38:33.5,2H,B,James,GK Saves,,none,,,,,,,,
2026-05-21,38:36.5,2H,A,Richard,On Target,,none,,,,,,,,
2026-05-21,38:36.6,2H,B,Jake,Blocks,,none,,,,,,,,
2026-05-21,38:38.5,2H,B,Andres,Interceptions,,none,,,,,,,,
2026-05-21,38:49.3,2H,A,Gio,Tackles,,none,,,,,,,,
2026-05-21,38:51.3,2H,A,Gio,On Target,,none,,,,,,,,
2026-05-21,38:51.3,2H,A,Gio,Goals,,none,none,0.7730,0.2020,,,,,
2026-05-21,39:08.4,2H,A,Richard,Interceptions,,none,,,,,,,,
2026-05-21,39:12.6,2H,B,Bailey,Interceptions,,none,,,,,,,,
2026-05-21,39:20.5,2H,A,Ines,Tackles,,none,,,,,,,,
2026-05-21,39:28.2,2H,A,Gio,Interceptions,,none,,,,,,,,
2026-05-21,39:30.2,2H,A,Gio,On Target,,none,,,,,,,,
2026-05-21,39:30.5,2H,A,Gio,Nutmegs,,none,,,,,,,,
2026-05-21,39:30.5,2H,B,James,GK Saves,,none,,,,,,,,
2026-05-21,39:43.8,2H,B,Lachlan,Key Passes,,none,,,,,,,,
2026-05-21,39:46.8,2H,B,Bailey,On Target,,none,,,,,,,,
2026-05-21,39:46.9,2H,A,Alberto,GK Saves,,none,,,,,,,,
2026-05-21,39:47.8,2H,B,Lachlan,Goals,,none,none,0.8750,0.2950,,,,,
2026-05-21,39:47.8,2H,B,Lachlan,On Target,,none,,,,,,,,
2026-05-21,40:18.6,2H,B,Andres,Interceptions,,none,,,,,,,,
2026-05-21,40:28.8,2H,B,Lachlan,Key Passes,,none,,,,,,,,
2026-05-21,40:28.8,2H,B,Lachlan,Nutmegs,,none,,,,,,,,
2026-05-21,40:29.5,2H,B,Bailey,Off Target,,none,,,,,,,,
2026-05-21,40:30.6,2H,B,Lachlan,Off Target,,none,,,,,,,,
2026-05-21,40:30.6,2H,B,Lachlan,Post,,none,,,,,,,,
2026-05-21,40:34.3,2H,B,Bailey,Key Passes,,none,,,,,,,,
2026-05-21,40:34.9,2H,B,Andres,Off Target,,none,,,,,,,,
2026-05-21,40:36.4,2H,A,Richard,Interceptions,,none,,,,,,,,
2026-05-21,40:43.9,2H,B,Lachlan,Interceptions,,none,,,,,,,,
2026-05-21,40:45.7,2H,B,Andres,Tackles,,none,,,,,,,,
2026-05-21,40:49.8,2H,A,Richard,Interceptions,,none,,,,,,,,
2026-05-21,41:02.0,2H,B,Andres,Interceptions,,none,,,,,,,,
2026-05-21,41:17.0,2H,A,Gio,Interceptions,,none,,,,,,,,
2026-05-21,41:19.4,2H,B,Jake,Interceptions,,none,,,,,,,,
2026-05-21,41:23.9,2H,B,Jake,On Target,,none,,,,,,,,
2026-05-21,41:24.1,2H,A,Alberto,GK Saves,,none,,,,,,,,
2026-05-21,41:27.3,2H,B,Jake,Key Passes,,none,,,,,,,,
2026-05-21,41:29.3,2H,B,Andres,Off Target,,none,,,,,,,,
2026-05-21,41:45.9,2H,B,Andres,Interceptions,,none,,,,,,,,
2026-05-21,41:47.5,2H,B,Andres,Key Passes,,none,,,,,,,,
2026-05-21,41:48.5,2H,B,Jake,Off Target,,none,,,,,,,,
2026-05-21,41:53.7,2H,B,Lachlan,Interceptions,,none,,,,,,,,
2026-05-21,42:01.8,2H,B,Bailey,Interceptions,,none,,,,,,,,
2026-05-21,42:03.4,2H,A,Lach2,Tackles,,none,,,,,,,,
2026-05-21,42:40.0,2H,A,Richard,Tackles,,none,,,,,,,,
2026-05-21,43:03.8,2H,B,Lachlan,Off Target,,none,,,,,,,,
2026-05-21,43:05.6,2H,B,Jake,Off Target,,none,,,,,,,,
2026-05-21,43:27.4,2H,A,Richard,On Target,,none,,,,,,,,
2026-05-21,43:27.4,2H,A,Richard,Goals,Gio,none,none,0.8160,0.2640,0.5880,0.7890,,,
2026-05-21,43:56.4,2H,A,Ines,Interceptions,,none,,,,,,,,
2026-05-21,43:59.0,2H,A,Ines,Key Passes,,none,,,,,,,,
2026-05-21,44:00.1,2H,A,Richard,Off Target,,none,,,,,,,,
2026-05-21,44:00.1,2H,A,Richard,Post,,none,,,,,,,,
2026-05-21,44:02.0,2H,A,Ines,On Target,,none,,,,,,,,
2026-05-21,44:02.5,2H,B,Lachlan,Blocks,,none,,,,,,,,
2026-05-21,44:07.0,2H,B,James,GK Removed,,,,,,,,,,
2026-05-21,44:07.0,2H,B,Jake,GK On,,,,,,,,,,
2026-05-21,44:07.0,2H,B,James,On Target,,none,,,,,,,,
2026-05-21,44:07.5,2H,A,Alberto,GK Saves,,none,,,,,,,,
2026-05-21,44:16.0,2H,A,Ines,Interceptions,,none,,,,,,,,
2026-05-21,44:20.3,2H,B,Lachlan,Tackles,,none,,,,,,,,
2026-05-21,44:27.6,2H,A,Gio,Key Passes,,none,,,,,,,,
2026-05-21,44:28.8,2H,A,Ines,On Target,,none,,,,,,,,
2026-05-21,44:29.1,2H,B,Jake,GK Saves,,none,,,,,,,,
2026-05-21,44:36.0,2H,A,Richard,Interceptions,,none,,,,,,,,
2026-05-21,44:47.1,2H,A,Gio,Interceptions,,none,,,,,,,,
2026-05-21,44:51.6,2H,A,Gio,Tackles,,none,,,,,,,,
2026-05-21,44:55.6,2H,B,Lachlan,Key Passes,,none,,,,,,,,
2026-05-21,44:56.7,2H,B,Bailey,Off Target,,none,,,,,,,,
2026-05-21,45:00.4,2H,A,Ines,Interceptions,,none,,,,,,,,
2026-05-21,45:08.2,2H,A,Alberto,GK Removed,,,,,,,,,,
2026-05-21,45:08.2,2H,A,Ines,GK On,,,,,,,,,,
2026-05-21,45:20.3,2H,B,James,Interceptions,,none,,,,,,,,
2026-05-21,45:24.7,2H,A,Richard,Nutmegs,,none,,,,,,,,
2026-05-21,45:24.7,2H,B,Lachlan,Interceptions,,none,,,,,,,,
2026-05-21,45:33.5,2H,B,Andres,Interceptions,,none,,,,,,,,
2026-05-21,45:37.2,2H,A,Alberto,Tackles,,none,,,,,,,,
2026-05-21,45:44.6,2H,B,Lachlan,Interceptions,,none,,,,,,,,
2026-05-21,45:48.9,2H,A,Alberto,Interceptions,,none,,,,,,,,
2026-05-21,45:54.3,2H,A,Lach2,Off Target,,none,,,,,,,,
2026-05-21,46:08.7,2H,B,James,Goals,Andres,highlight,highlight,0.7070,0.7900,0.2600,0.2320,,,
2026-05-21,46:08.7,2H,B,James,On Target,,none,,,,,,,,
2026-05-21,46:31.9,2H,B,James,Tackles,,none,,,,,,,,
2026-05-21,46:36.7,2H,B,Bailey,Key Passes,,none,,,,,,,,
2026-05-21,46:37.6,2H,B,Andres,Off Target,,none,,,,,,,,
2026-05-21,46:46.3,2H,A,Lach2,Nutmegs,,none,,,,,,,,
2026-05-21,46:47.3,2H,A,Gio,Goals,Lach2,highlight,highlight,0.8070,0.5010,0.6570,0.4900,,,
2026-05-21,46:47.3,2H,A,Gio,On Target,,none,,,,,,,,
2026-05-21,47:05.0,2H,B,Bailey,Key Passes,,none,,,,,,,,
2026-05-21,47:06.4,2H,B,Lachlan,On Target,,none,,,,,,,,
2026-05-21,47:06.9,2H,A,Ines,GK Saves,,none,,,,,,,,
2026-05-21,47:11.9,2H,B,Lachlan,Interceptions,,none,,,,,,,,
2026-05-21,47:18.3,2H,A,Alberto,Interceptions,,none,,,,,,,,
2026-05-21,47:24.9,2H,B,Andres,Interceptions,,none,,,,,,,,
2026-05-21,47:26.0,2H,A,Lach2,Tackles,,none,,,,,,,,
2026-05-21,47:30.2,2H,A,Alberto,On Target,,none,,,,,,,,
2026-05-21,47:30.2,2H,A,Alberto,Goals,Gio,highlight,none,0.8250,0.3030,0.5840,0.3280,,,
2026-05-21,47:55.2,2H,A,Richard,Interceptions,,none,,,,,,,,
2026-05-28,00:00.0,1H,A,Alberto,GK On,,,,,,,,,,
2026-05-28,00:00.0,1H,B,James,GK On,,,,,,,,,,
2026-05-28,00:08.3,1H,B,Ines,On Target,,none,,,,,,,,
2026-05-28,00:08.8,1H,A,Alberto,GK Saves,,none,,,,,,,,
2026-05-28,00:11.8,1H,B,Richard,Tackles,,none,,,,,,,,
2026-05-28,00:12.9,1H,B,Ines,Key Passes,,none,,,,,,,,
2026-05-28,00:14.4,1H,B,Richard,Off Target,,none,,,,,,,,
2026-05-28,00:15.7,1H,B,Jake,Off Target,,none,,,,,,,,
2026-05-28,00:15.7,1H,B,Jake,Post,,none,,,,,,,,
2026-05-28,00:22.5,1H,B,Richard,Interceptions,,none,,,,,,,,
2026-05-28,00:23.1,1H,A,Xavier,Tackles,,none,,,,,,,,
2026-05-28,00:27.2,1H,B,Ines,Interceptions,,none,,,,,,,,
2026-05-28,00:28.9,1H,A,Xavier,Tackles,,none,,,,,,,,
2026-05-28,00:32.9,1H,A,Lach2,Goals,Lachlan,none,none,0.7270,0.5230,0.5630,0.7360,,,
2026-05-28,00:32.9,1H,A,Lach2,On Target,,none,,,,,,,,
2026-05-28,00:53.2,1H,A,Lach2,Interceptions,,none,,,,,,,,
2026-05-28,00:53.9,1H,B,Gio,Tackles,,none,,,,,,,,
2026-05-28,00:57.7,1H,A,James2,On Target,,none,,,,,,,,
2026-05-28,00:58.1,1H,B,James,GK Saves,,none,,,,,,,,
2026-05-28,01:06.9,1H,A,Xavier,Tackles,,none,,,,,,,,
2026-05-28,01:09.1,1H,B,Jake,Interceptions,,none,,,,,,,,
2026-05-28,01:14.2,1H,B,Gio,Key Passes,,none,,,,,,,,
2026-05-28,01:15.8,1H,B,Jake,On Target,,none,,,,,,,,
2026-05-28,01:15.8,1H,A,Lachlan,Blocks,,none,,,,,,,,
2026-05-28,01:35.0,1H,B,Ines,Interceptions,,none,,,,,,,,
2026-05-28,01:38.1,1H,A,James2,Interceptions,,none,,,,,,,,
2026-05-28,01:41.2,1H,B,Ines,Interceptions,,none,,,,,,,,
2026-05-28,01:48.1,1H,A,James2,Interceptions,,none,,,,,,,,
2026-05-28,01:52.0,1H,A,James2,Nutmegs,,none,,,,,,,,
2026-05-28,01:52.7,1H,B,Ines,Interceptions,,none,,,,,,,,
2026-05-28,01:57.5,1H,B,Gio,Interceptions,,none,,,,,,,,
2026-05-28,01:58.2,1H,A,Xavier,Nutmegs,,none,,,,,,,,
2026-05-28,01:59.9,1H,B,Ines,Interceptions,,none,,,,,,,,
2026-05-28,02:01.9,1H,A,Lachlan,On Target,,none,,,,,,,,
2026-05-28,02:02.3,1H,B,James,GK Saves,,none,,,,,,,,
2026-05-28,02:07.2,1H,B,Richard,Interceptions,,none,,,,,,,,
2026-05-28,02:09.7,1H,B,Jake,Tackles,,none,,,,,,,,
2026-05-28,02:19.7,1H,A,Lachlan,Interceptions,,none,,,,,,,,
2026-05-28,02:37.8,1H,A,Lachlan,Nutmegs,,none,,,,,,,,
2026-05-28,02:40.4,1H,A,Lach2,Interceptions,,none,,,,,,,,
2026-05-28,02:42.6,1H,A,Lach2,On Target,,none,,,,,,,,
2026-05-28,02:42.6,1H,B,James,GK Saves,,none,,,,,,,,
2026-05-28,02:47.9,1H,B,James,Key Passes,,none,,,,,,,,
2026-05-28,02:50.7,1H,B,Jake,On Target,,none,,,,,,,,
2026-05-28,02:51.0,1H,A,Alberto,GK Saves,,none,,,,,,,,
2026-05-28,02:58.3,1H,B,Richard,Interceptions,,none,,,,,,,,
2026-05-28,03:00.7,1H,A,Lach2,Key Passes,,none,,,,,,,,
2026-05-28,03:01.8,1H,A,Xavier,Off Target,,none,,,,,,,,
2026-05-28,03:18.6,1H,A,Xavier,Interceptions,,none,,,,,,,,
2026-05-28,03:21.1,1H,A,Lach2,Tackles,,none,,,,,,,,
2026-05-28,03:23.8,1H,B,Richard,Interceptions,,none,,,,,,,,
2026-05-28,03:31.2,1H,B,James,Key Passes,,none,,,,,,,,
2026-05-28,03:34.1,1H,B,Gio,On Target,,none,,,,,,,,
2026-05-28,03:34.6,1H,A,Alberto,GK Saves,,none,,,,,,,,
2026-05-28,03:37.5,1H,A,Lachlan,Interceptions,,none,,,,,,,,
2026-05-28,03:40.4,1H,A,Lach2,Interceptions,,none,,,,,,,,
2026-05-28,03:42.5,1H,B,Richard,Tackles,,none,,,,,,,,
2026-05-28,03:49.2,1H,A,James2,Interceptions,,none,,,,,,,,
2026-05-28,03:53.6,1H,B,Gio,Interceptions,,none,,,,,,,,
2026-05-28,03:54.5,1H,A,James2,On Target,,none,,,,,,,,
2026-05-28,03:54.5,1H,A,James2,Nutmegs,,none,,,,,,,,
2026-05-28,03:55.0,1H,B,James,GK Saves,,none,,,,,,,,
2026-05-28,03:56.9,1H,A,Lachlan,Goals,,none,none,0.9050,0.8030,,,,,
2026-05-28,04:18.9,1H,A,Xavier,Interceptions,,none,,,,,,,,
2026-05-28,04:19.5,1H,B,Richard,Tackles,,none,,,,,,,,
2026-05-28,04:22.8,1H,A,James2,On Target,,none,,,,,,,,
2026-05-28,04:22.8,1H,A,James2,Goals,,none,none,0.7070,0.1450,,,,,
2026-05-28,03:56.9,1H,A,Lachlan,On Target,,none,,,,,,,,
2026-05-28,04:04.4,1H,B,James,GK Removed,,,,,,,,,,
2026-05-28,04:04.4,1H,B,Ines,GK On,,,,,,,,,,
2026-05-28,04:36.8,1H,A,Alberto,GK Saves,,none,,,,,,,,
2026-05-28,04:36.0,1H,B,James,On Target,,none,,,,,,,,
2026-05-28,04:40.7,1H,B,Richard,Interceptions,,none,,,,,,,,
2026-05-28,04:42.9,1H,B,James,Key Passes,,none,,,,,,,,
2026-05-28,04:44.5,1H,B,Richard,Off Target,,none,,,,,,,,
2026-05-28,05:09.8,1H,A,Lach2,Key Passes,,none,,,,,,,,
2026-05-28,05:12.1,1H,A,Lachlan,Off Target,,none,,,,,,,,
2026-05-28,05:13.9,1H,A,Lach2,Off Target,,none,,,,,,,,
2026-05-28,05:13.9,1H,A,Lach2,Nutmegs,,none,,,,,,,,
2026-05-28,05:17.2,1H,B,Gio,Interceptions,,none,,,,,,,,
2026-05-28,05:18.9,1H,B,Gio,Tackles,,none,,,,,,,,
2026-05-28,05:22.7,1H,B,Ines,Key Passes,,none,,,,,,,,
2026-05-28,05:26.2,1H,B,Jake,Off Target,,none,,,,,,,,
2026-05-28,05:26.2,1H,A,Alberto,GK Saves,,none,,,,,,,,
2026-05-28,05:31.2,1H,B,Gio,Tackles,,none,,,,,,,,
2026-05-28,05:31.5,1H,B,Gio,Nutmegs,,none,,,,,,,,
2026-05-28,05:46.3,1H,A,Lachlan,Nutmegs,,none,,,,,,,,
2026-05-28,05:46.6,1H,B,Gio,Interceptions,,none,,,,,,,,
2026-05-28,05:50.7,1H,B,Jake,Off Target,,none,,,,,,,,
2026-05-28,05:50.7,1H,B,Jake,Post,,none,,,,,,,,
2026-05-28,05:56.2,1H,A,Lach2,Key Passes,,none,,,,,,,,
2026-05-28,05:58.3,1H,A,Lachlan,On Target,,none,,,,,,,,
2026-05-28,05:58.5,1H,B,Gio,Blocks,,none,,,,,,,,
2026-05-28,06:09.1,1H,A,Lach2,Interceptions,,none,,,,,,,,
2026-05-28,06:17.2,1H,B,James,Interceptions,,none,,,,,,,,
2026-05-28,06:27.8,1H,A,Lachlan,Key Passes,,none,,,,,,,,
2026-05-28,06:28.7,1H,A,Xavier,Off Target,,none,,,,,,,,
2026-05-28,06:32.2,1H,A,Lachlan,Off Target,,none,,,,,,,,
2026-05-28,06:32.3,1H,B,Gio,Blocks,,none,,,,,,,,
2026-05-28,06:34.6,1H,B,Richard,Interceptions,,none,,,,,,,,
2026-05-28,06:54.8,1H,A,James2,Key Passes,,none,,,,,,,,
2026-05-28,06:56.0,1H,A,Xavier,Off Target,,none,,,,,,,,
2026-05-28,06:58.9,1H,A,Xavier,Tackles,,none,,,,,,,,
2026-05-28,07:00.2,1H,B,Jake,Tackles,,none,,,,,,,,
2026-05-28,07:03.5,1H,A,James2,Key Passes,,none,,,,,,,,
2026-05-28,07:04.4,1H,A,Lachlan,On Target,,none,,,,,,,,
2026-05-28,07:04.5,1H,B,Ines,GK Saves,,none,,,,,,,,
2026-05-28,07:05.2,1H,A,Lachlan,Nutmegs,,none,,,,,,,,
2026-05-28,07:05.2,1H,A,Lachlan,Goals,James2,none,none,0.8210,0.2730,0.5880,0.6660,,,
2026-05-28,07:05.2,1H,A,Lachlan,On Target,,none,,,,,,,,
2026-05-28,07:11.1,1H,B,Ines,GK Removed,,,,,,,,,,
2026-05-28,07:11.1,1H,B,Richard,GK On,,,,,,,,,,
2026-05-28,07:27.5,1H,B,James,Key Passes,,none,,,,,,,,
2026-05-28,07:28.4,1H,B,Jake,Off Target,,none,,,,,,,,
2026-05-28,07:36.4,1H,A,Lach2,Key Passes,,none,,,,,,,,
2026-05-28,07:38.9,1H,A,James2,On Target,,none,,,,,,,,
2026-05-28,07:39.1,1H,B,Richard,GK Saves,,none,,,,,,,,
2026-05-28,07:58.7,1H,A,Xavier,Interceptions,,none,,,,,,,,
2026-05-28,08:06.3,1H,B,James,Interceptions,,none,,,,,,,,
2026-05-28,08:18.7,1H,A,Lachlan,Interceptions,,none,,,,,,,,
2026-05-28,08:28.9,1H,A,James2,Key Passes,,none,,,,,,,,
2026-05-28,08:30.2,1H,A,Lachlan,Off Target,,none,,,,,,,,
2026-05-28,08:35.7,1H,A,Lach2,On Target,,none,,,,,,,,
2026-05-28,08:35.7,1H,A,Lach2,Goals,James2,none,none,0.7550,0.5880,0.7620,0.1350,,,
2026-05-28,08:50.4,1H,B,Gio,Off Target,,none,,,,,,,,
2026-05-28,08:52.8,1H,B,James,Off Target,,none,,,,,,,,
2026-05-28,09:07.0,1H,B,Ines,Tackles,,none,,,,,,,,
2026-05-28,09:09.1,1H,A,Xavier,Interceptions,,none,,,,,,,,
2026-05-28,09:11.6,1H,A,Xavier,On Target,,none,,,,,,,,
2026-05-28,09:11.6,1H,A,Xavier,Goals,,highlight,none,0.6730,0.9700,,,,,
2026-05-28,09:29.2,1H,B,Ines,On Target,,none,,,,,,,,
2026-05-28,09:29.7,1H,A,Xavier,Blocks,,none,,,,,,,,
2026-05-28,09:34.1,1H,B,James,Interceptions,,none,,,,,,,,
2026-05-28,09:35.3,1H,B,James,On Target,,none,,,,,,,,
2026-05-28,09:35.3,1H,A,Alberto,GK Saves,,none,,,,,,,,
2026-05-28,09:38.0,1H,B,Ines,On Target,,none,,,,,,,,
2026-05-28,09:38.0,1H,B,Ines,Goals,,none,none,0.6070,0.6630,,,,,
2026-05-28,09:59.3,1H,A,Lachlan,Goals,Lach2,none,highlight,0.8460,0.4960,0.5520,0.7360,,,
2026-05-28,10:28.6,1H,A,James2,Interceptions,,none,,,,,,,,
2026-05-28,10:37.2,1H,A,James2,Key Passes,,none,,,,,,,,
2026-05-28,10:38.1,1H,A,Lach2,Off Target,,none,,,,,,,,
2026-05-28,10:39.5,1H,B,Richard,Interceptions,,none,,,,,,,,
2026-05-28,10:42.9,1H,A,Xavier,Interceptions,,none,,,,,,,,
2026-05-28,10:50.0,1H,B,Jake,Tackles,,none,,,,,,,,
2026-05-28,10:50.8,1H,A,Xavier,Off Target,,none,,,,,,,,
2026-05-28,10:57.1,1H,A,Lach2,Interceptions,,none,,,,,,,,
2026-05-28,10:59.4,1H,A,Lach2,Key Passes,,none,,,,,,,,
2026-05-28,11:00.2,1H,A,James2,Off Target,,none,,,,,,,,
2026-05-28,11:11.0,1H,A,Lachlan,Tackles,,none,,,,,,,,
2026-05-28,11:13.5,1H,B,Jake,Off Target,,none,,,,,,,,
2026-05-28,11:13.5,1H,B,Jake,Post,,none,,,,,,,,
2026-05-28,11:19.0,1H,B,Ines,Tackles,,none,,,,,,,,
2026-05-28,11:31.2,1H,B,Jake,Interceptions,,none,,,,,,,,
2026-05-28,11:32.8,1H,A,Lach2,Tackles,,none,,,,,,,,
2026-05-28,11:39.3,1H,B,James,Key Passes,,none,,,,,,,,
2026-05-28,11:40.2,1H,B,Gio,On Target,,none,,,,,,,,
2026-05-28,11:40.5,1H,A,Alberto,GK Saves,,none,,,,,,,,
2026-05-28,11:48.6,1H,B,Jake,Interceptions,,none,,,,,,,,
2026-05-28,11:54.2,1H,B,Jake,Key Passes,,none,,,,,,,,
2026-05-28,11:56.9,1H,B,James,Off Target,,none,,,,,,,,
2026-05-28,11:53.2,1H,A,Alberto,GK Removed,,,,,,,,,,
2026-05-28,11:53.2,1H,A,Lachlan,GK On,,,,,,,,,,
2026-05-28,11:57.4,1H,A,Lachlan,GK Saves,,none,,,,,,,,
2026-05-28,12:25.0,1H,A,James2,Tackles,,none,,,,,,,,
2026-05-28,12:29.1,1H,B,James,Tackles,,none,,,,,,,,
2026-05-28,12:36.2,1H,A,James2,Interceptions,,none,,,,,,,,
2026-05-28,12:46.8,1H,B,James,Key Passes,,none,,,,,,,,
2026-05-28,12:47.5,1H,B,Gio,On Target,,none,,,,,,,,
2026-05-28,12:47.9,1H,A,Lachlan,GK Saves,,none,,,,,,,,
2026-05-28,12:58.1,1H,A,Alberto,Nutmegs,,none,,,,,,,,
2026-05-28,12:58.1,1H,B,Jake,Interceptions,,none,,,,,,,,
2026-05-28,13:01.2,1H,A,Lach2,Tackles,,none,,,,,,,,
2026-05-28,13:05.0,1H,A,Lach2,Key Passes,,none,,,,,,,,
2026-05-28,13:08.7,1H,A,Xavier,On Target,,none,,,,,,,,
2026-05-28,13:09.1,1H,B,Richard,GK Saves,,none,,,,,,,,
2026-05-28,13:12.0,1H,A,Lach2,Off Target,,none,,,,,,,,
2026-05-28,13:12.0,1H,A,Lach2,Post,,none,,,,,,,,
2026-05-28,13:13.8,1H,A,Xavier,Goals,,none,none,0.9030,0.2070,,,,,
2026-05-28,13:26.8,1H,B,Richard,GK Removed,,,,,,,,,,
2026-05-28,13:26.8,1H,B,Ines,GK On,,,,,,,,,,
2026-05-28,13:40.6,1H,B,Richard,Tackles,,none,,,,,,,,
2026-05-28,13:42.0,1H,B,Richard,Interceptions,,none,,,,,,,,
2026-05-28,13:58.9,1H,B,Gio,Tackles,,none,,,,,,,,
2026-05-28,14:14.0,1H,B,Richard,Interceptions,,none,,,,,,,,
2026-05-28,14:21.2,1H,B,James,Key Passes,,none,,,,,,,,
2026-05-28,14:23.8,1H,B,Jake,Off Target,,none,,,,,,,,
2026-05-28,14:36.6,1H,A,Xavier,Interceptions,,none,,,,,,,,
2026-05-28,14:38.6,1H,A,Xavier,Interceptions,,none,,,,,,,,
2026-05-28,14:53.5,1H,B,Richard,Interceptions,,none,,,,,,,,
2026-05-28,14:54.5,1H,B,Richard,Key Passes,,none,,,,,,,,
2026-05-28,14:56.0,1H,B,Jake,Off Target,,none,,,,,,,,
2026-05-28,14:56.2,1H,A,James2,Blocks,,none,,,,,,,,
2026-05-28,15:05.0,1H,A,Xavier,On Target,,none,,,,,,,,
2026-05-28,15:05.0,1H,B,Gio,Blocks,,none,,,,,,,,
2026-05-28,15:10.2,1H,A,Lach2,Tackles,,none,,,,,,,,
2026-05-28,15:13.4,1H,B,Jake,Key Passes,,none,,,,,,,,
2026-05-28,15:16.1,1H,B,James,On Target,,none,,,,,,,,
2026-05-28,15:16.6,1H,A,Lachlan,GK Saves,,none,,,,,,,,
2026-05-28,15:19.7,1H,B,Gio,Interceptions,,none,,,,,,,,
2026-05-28,15:22.2,1H,B,Jake,On Target,,none,,,,,,,,
2026-05-28,15:22.4,1H,A,Xavier,Blocks,,none,,,,,,,,
2026-05-28,15:27.8,1H,A,James2,On Target,,none,,,,,,,,
2026-05-28,15:27.8,1H,B,Richard,Blocks,,none,,,,,,,,
2026-05-28,15:39.5,1H,A,James2,Tackles,,none,,,,,,,,
2026-05-28,15:46.9,1H,A,Lachlan,GK Removed,,,,,,,,,,
2026-05-28,15:46.9,1H,A,James2,GK On,,,,,,,,,,
2026-05-28,15:54.9,1H,A,Lachlan,Interceptions,,none,,,,,,,,
2026-05-28,16:00.0,1H,B,Richard,Tackles,,none,,,,,,,,
2026-05-28,16:09.3,1H,B,Richard,On Target,,none,,,,,,,,
2026-05-28,16:10.9,1H,B,Jake,Off Target,,none,,,,,,,,
2026-05-28,16:13.7,1H,B,James,Nutmegs,,none,,,,,,,,
2026-05-28,16:13.7,1H,B,James,Key Passes,,none,,,,,,,,
2026-05-28,16:15.2,1H,B,Richard,On Target,,none,,,,,,,,
2026-05-28,16:15.5,1H,A,Xavier,Blocks,,none,,,,,,,,
2026-05-28,16:21.3,1H,A,Alberto,Tackles,,none,,,,,,,,
2026-05-28,16:30.4,1H,B,Ines,Key Passes,,none,,,,,,,,
2026-05-28,16:33.8,1H,B,James,On Target,,none,,,,,,,,
2026-05-28,16:34.2,1H,A,James2,GK Saves,,none,,,,,,,,
2026-05-28,17:12.8,1H,A,Lach2,Key Passes,,none,,,,,,,,
2026-05-28,17:15.1,1H,A,Lachlan,On Target,,none,,,,,,,,
2026-05-28,17:15.4,1H,B,Ines,GK Saves,,none,,,,,,,,
2026-05-28,17:16.8,1H,B,Gio,Interceptions,,none,,,,,,,,
2026-05-28,17:20.0,1H,B,Gio,Key Passes,,none,,,,,,,,
2026-05-28,17:22.0,1H,B,James,On Target,,none,,,,,,,,
2026-05-28,17:22.4,1H,A,James2,GK Saves,,none,,,,,,,,
2026-05-28,17:23.6,1H,B,Jake,Goals,,none,none,0.8620,0.2330,,,,,
2026-05-28,17:23.6,1H,B,Jake,On Target,,none,,,,,,,,
2026-05-28,18:09.1,1H,B,James,Interceptions,,none,,,,,,,,
2026-05-28,18:18.5,1H,B,Richard,Interceptions,,none,,,,,,,,
2026-05-28,18:20.5,1H,B,Richard,Off Target,,none,,,,,,,,
2026-05-28,18:28.1,1H,B,Gio,Interceptions,,none,,,,,,,,
2026-05-28,18:29.1,1H,B,Jake,Tackles,,none,,,,,,,,
2026-05-28,18:32.3,1H,A,Lachlan,Interceptions,,none,,,,,,,,
2026-05-28,18:38.9,1H,A,Lach2,Interceptions,,none,,,,,,,,
2026-05-28,18:46.1,1H,B,Richard,Tackles,,none,,,,,,,,
2026-05-28,18:51.8,1H,B,Richard,Interceptions,,none,,,,,,,,
2026-05-28,18:53.1,1H,A,Lachlan,Key Passes,,none,,,,,,,,
2026-05-28,18:55.5,1H,A,Lach2,Off Target,,none,,,,,,,,
2026-05-28,18:56.7,1H,A,Alberto,Off Target,,none,,,,,,,,
2026-05-28,19:11.0,1H,B,Gio,Key Passes,,none,,,,,,,,
2026-05-28,19:12.3,1H,B,Jake,On Target,,none,,,,,,,,
2026-05-28,19:12.9,1H,A,James2,GK Saves,,none,,,,,,,,
2026-05-28,19:19.6,1H,B,Richard,Interceptions,,none,,,,,,,,
2026-05-28,19:21.0,1H,A,Alberto,Interceptions,,none,,,,,,,,
2026-05-28,19:26.4,1H,B,Jake,Tackles,,none,,,,,,,,
2026-05-28,19:34.7,1H,A,Lach2,Interceptions,,none,,,,,,,,
2026-05-28,19:46.2,1H,B,James,Key Passes,,none,,,,,,,,
2026-05-28,19:48.0,1H,B,Gio,On Target,,none,,,,,,,,
2026-05-28,19:48.1,1H,A,Lach2,Blocks,,none,,,,,,,,
2026-05-28,20:15.2,1H,B,Richard,Interceptions,,none,,,,,,,,
2026-05-28,20:28.2,1H,B,Ines,GK Removed,,,,,,,,,,
2026-05-28,20:28.2,1H,B,Richard,GK On,,,,,,,,,,
2026-05-28,20:40.4,1H,A,Lachlan,Key Passes,,none,,,,,,,,
2026-05-28,20:42.1,1H,A,Xavier,Off Target,,none,,,,,,,,
2026-05-28,20:44.3,1H,A,Xavier,Tackles,,none,,,,,,,,
2026-05-28,20:46.3,1H,A,Xavier,Off Target,,none,,,,,,,,
2026-05-28,20:46.8,1H,B,Richard,GK Saves,,none,,,,,,,,
2026-05-28,20:49.1,1H,A,Lachlan,On Target,,none,,,,,,,,
2026-05-28,20:49.3,1H,B,Richard,GK Saves,,none,,,,,,,,
2026-05-28,21:01.1,1H,A,Alberto,Tackles,,none,,,,,,,,
2026-05-28,21:07.6,1H,A,Lachlan,On Target,,none,,,,,,,,
2026-05-28,21:07.6,1H,A,Lachlan,Goals,Xavier,highlight,none,0.7710,0.7680,0.7160,0.5040,,,
2026-05-28,21:06.3,1H,A,Lachlan,Nutmegs,,none,,,,,,,,
2026-05-28,21:27.9,1H,A,Alberto,Interceptions,,none,,,,,,,,
2026-05-28,21:41.4,1H,B,Ines,Interceptions,,none,,,,,,,,
2026-05-28,21:42.3,1H,A,Lach2,Tackles,,none,,,,,,,,
2026-05-28,21:58.2,1H,A,Xavier,On Target,,none,,,,,,,,
2026-05-28,21:59.0,1H,B,Richard,GK Saves,,none,,,,,,,,
2026-05-28,22:08.9,1H,A,Lachlan,Key Passes,,none,,,,,,,,
2026-05-28,22:09.8,1H,A,Xavier,Off Target,,none,,,,,,,,
2026-05-28,22:10.0,1H,B,Ines,Blocks,,none,,,,,,,,
2026-05-28,22:15.9,1H,A,Xavier,Tackles,,none,,,,,,,,
2026-05-28,22:37.5,1H,A,Alberto,Interceptions,,none,,,,,,,,
2026-05-28,22:40.0,1H,A,Alberto,Off Target,,none,,,,,,,,
2026-05-28,22:46.3,1H,A,Lach2,Interceptions,,none,,,,,,,,
2026-05-28,22:48.1,1H,A,Alberto,Key Passes,,none,,,,,,,,
2026-05-28,22:50.3,1H,A,Lach2,Off Target,,none,,,,,,,,
2026-05-28,23:08.5,1H,B,Ines,Interceptions,,none,,,,,,,,
2026-05-28,23:21.6,1H,B,Ines,Interceptions,,none,,,,,,,,
2026-05-28,23:21.7,1H,B,Ines,Off Target,,none,,,,,,,,
2026-05-28,23:21.7,1H,B,Ines,Post,,none,,,,,,,,
2026-05-28,23:24.0,1H,B,Gio,On Target,,none,,,,,,,,
2026-05-28,23:24.2,1H,A,Xavier,Blocks,,none,,,,,,,,
2026-05-28,23:32.6,1H,A,Lachlan,Key Passes,,none,,,,,,,,
2026-05-28,23:33.8,1H,A,Alberto,Off Target,,none,,,,,,,,
2026-05-28,23:45.4,1H,A,Lach2,Interceptions,,none,,,,,,,,
2026-05-28,23:45.5,1H,A,Lach2,Key Passes,,none,,,,,,,,
2026-05-28,23:49.8,1H,A,Xavier,On Target,,none,,,,,,,,
2026-05-28,23:49.9,1H,A,Xavier,Nutmegs,,none,,,,,,,,
2026-05-28,23:49.9,1H,B,Gio,Blocks,,none,,,,,,,,
2026-05-28,23:54.2,1H,A,Xavier,Interceptions,,none,,,,,,,,
2026-05-28,23:55.2,1H,A,Xavier,On Target,,none,,,,,,,,
2026-05-28,23:55.2,1H,A,Xavier,Goals,,none,none,0.8250,0.6940,,,,,
2026-05-28,24:07.5,1H,B,Richard,GK Removed,,,,,,,,,,
2026-05-28,24:07.5,1H,B,Gio,GK On,,,,,,,,,,
2026-05-28,24:21.9,1H,A,Alberto,Tackles,,none,,,,,,,,
2026-05-28,24:26.4,1H,B,James,Interceptions,,none,,,,,,,,
2026-05-28,24:26.5,1H,B,James,Nutmegs,,none,,,,,,,,
2026-05-28,24:29.5,1H,B,Ines,Key Passes,,none,,,,,,,,
2026-05-28,24:31.4,1H,B,Richard,Off Target,,none,,,,,,,,
2026-05-28,24:34.1,1H,B,Ines,Off Target,,none,,,,,,,,
2026-05-28,24:36.8,1H,B,James,Off Target,,none,,,,,,,,
2026-05-28,24:39.7,1H,B,Jake,Off Target,,none,,,,,,,,
2026-05-28,24:42.6,1H,B,Ines,Off Target,,none,,,,,,,,
2026-05-28,24:47.0,1H,B,Ines,Off Target,,none,,,,,,,,
2026-05-28,24:47.0,1H,B,Ines,Post,,none,,,,,,,,
2026-05-28,25:07.4,1H,B,Ines,Tackles,,none,,,,,,,,
2026-05-28,25:08.1,1H,B,Ines,On Target,,none,,,,,,,,
2026-05-28,25:08.1,1H,B,Ines,Goals,,none,none,0.8090,0.2110,,,,,
2026-05-28,25:15.5,2H,A,James2,GK Removed,,,,,,,,,,
2026-05-28,25:15.5,2H,A,Alberto,GK On,,,,,,,,,,
2026-05-28,25:15.5,2H,B,Gio,GK Removed,,,,,,,,,,
2026-05-28,25:15.5,2H,B,James,GK On,,,,,,,,,,
2026-05-28,25:31.7,2H,B,Jake,Interceptions,,none,,,,,,,,
2026-05-28,25:41.6,2H,B,Richard,Interceptions,,none,,,,,,,,
2026-05-28,25:46.6,2H,A,Lach2,Tackles,,none,,,,,,,,
2026-05-28,25:54.1,2H,A,Lach2,On Target,,none,,,,,,,,
2026-05-28,25:54.0,2H,A,Lach2,Goals,James2,highlight,none,0.8940,0.1980,0.5820,0.7710,,,
2026-05-28,26:19.4,2H,B,Jake,Key Passes,,none,,,,,,,,
2026-05-28,26:20.7,2H,B,Gio,Off Target,,none,,,,,,,,
2026-05-28,26:22.2,2H,B,Richard,On Target,,none,,,,,,,,
2026-05-28,26:22.6,2H,A,Alberto,GK Saves,,none,,,,,,,,
2026-05-28,26:28.4,2H,B,Ines,Interceptions,,none,,,,,,,,
2026-05-28,26:29.4,2H,B,Richard,Interceptions,,none,,,,,,,,
2026-05-28,26:33.6,2H,B,James,Key Passes,,none,,,,,,,,
2026-05-28,26:36.4,2H,B,Jake,Off Target,,none,,,,,,,,
2026-05-28,26:44.6,2H,B,Richard,Interceptions,,none,,,,,,,,
2026-05-28,26:49.7,2H,B,Gio,On Target,,none,,,,,,,,
2026-05-28,26:49.7,2H,B,Gio,Goals,Richard,none,none,0.8300,0.1760,0.7250,0.2710,,,
2026-05-28,27:10.5,2H,B,Gio,Tackles,,none,,,,,,,,
2026-05-28,27:14.9,2H,A,James2,Interceptions,,none,,,,,,,,
2026-05-28,27:28.1,2H,A,Lach2,Off Target,,none,,,,,,,,
2026-05-28,27:28.4,2H,B,Jake,Blocks,,none,,,,,,,,
2026-05-28,27:31.2,2H,A,James2,Key Passes,,none,,,,,,,,
2026-05-28,27:32.0,2H,A,Xavier,Off Target,,none,,,,,,,,
2026-05-28,27:38.8,2H,B,Jake,On Target,,none,,,,,,,,
2026-05-28,27:38.8,2H,B,Jake,Goals,Gio,none,highlight,0.7570,0.6100,0.6480,0.2100,,,
2026-05-28,28:09.8,2H,B,Jake,Tackles,,none,,,,,,,,
2026-05-28,28:09.9,2H,B,Jake,Nutmegs,,none,,,,,,,,
2026-05-28,28:14.4,2H,A,Lach2,Interceptions,,none,,,,,,,,
2026-05-28,28:18.8,2H,B,Richard,Interceptions,,none,,,,,,,,
2026-05-28,28:33.6,2H,B,Richard,Interceptions,,none,,,,,,,,
2026-05-28,28:37.6,2H,A,Lachlan,Interceptions,,none,,,,,,,,
2026-05-28,28:39.1,2H,A,Lachlan,Key Passes,,none,,,,,,,,
2026-05-28,28:40.3,2H,A,Xavier,Off Target,,none,,,,,,,,
2026-05-28,29:03.3,2H,A,Xavier,Interceptions,,none,,,,,,,,
2026-05-28,29:06.9,2H,B,Gio,Key Passes,,none,,,,,,,,
2026-05-28,29:10.1,2H,B,Jake,On Target,,none,,,,,,,,
2026-05-28,29:10.4,2H,A,Alberto,GK Saves,,none,,,,,,,,
2026-05-28,29:12.5,2H,A,Lach2,Interceptions,,none,,,,,,,,
2026-05-28,29:15.8,2H,A,Lach2,Interceptions,,none,,,,,,,,
2026-05-28,29:19.3,2H,B,Ines,Interceptions,,none,,,,,,,,
2026-05-28,29:21.9,2H,B,Jake,Key Passes,,none,,,,,,,,
2026-05-28,29:23.0,2H,B,Ines,On Target,,none,,,,,,,,
2026-05-28,29:23.5,2H,A,Alberto,GK Saves,,none,,,,,,,,
2026-05-28,29:31.3,2H,B,Richard,Interceptions,,none,,,,,,,,
2026-05-28,29:45.0,2H,B,Richard,Key Passes,,none,,,,,,,,
2026-05-28,29:46.0,2H,B,Jake,On Target,,none,,,,,,,,
2026-05-28,29:46.1,2H,A,Lachlan,Blocks,,none,,,,,,,,
2026-05-28,29:56.0,2H,A,James2,Interceptions,,none,,,,,,,,
2026-05-28,29:59.8,2H,B,Richard,On Target,,none,,,,,,,,
2026-05-28,29:59.8,2H,B,Richard,Goals,Ines,none,none,0.6390,0.8030,0.6290,0.1000,,,
2026-05-28,30:32.4,2H,B,Gio,Interceptions,,none,,,,,,,,
2026-05-28,30:34.0,2H,B,Gio,On Target,,none,,,,,,,,
2026-05-28,30:34.3,2H,A,Alberto,GK Saves,,none,,,,,,,,
2026-05-28,30:50.7,2H,A,Xavier,On Target,,none,,,,,,,,
2026-05-28,30:50.9,2H,B,James,GK Saves,,none,,,,,,,,
2026-05-28,31:18.0,2H,B,Richard,Key Passes,,none,,,,,,,,
2026-05-28,31:19.1,2H,B,Ines,On Target,,none,,,,,,,,
2026-05-28,31:19.4,2H,A,Alberto,GK Saves,,none,,,,,,,,
2026-05-28,31:22.1,2H,B,Richard,Interceptions,,none,,,,,,,,
2026-05-28,31:30.2,2H,B,Jake,Interceptions,,none,,,,,,,,
2026-05-28,31:32.3,2H,B,Gio,Tackles,,none,,,,,,,,
2026-05-28,31:34.3,2H,A,Lach2,Tackles,,none,,,,,,,,
2026-05-28,31:37.3,2H,A,Lach2,Off Target,,none,,,,,,,,
2026-05-28,31:48.5,2H,A,James2,Interceptions,,none,,,,,,,,
2026-05-28,31:58.1,2H,A,Lachlan,Off Target,,none,,,,,,,,
2026-05-28,32:03.6,2H,A,Lach2,Interceptions,,none,,,,,,,,
2026-05-28,32:07.3,2H,A,Lach2,On Target,,none,,,,,,,,
2026-05-28,32:07.9,2H,B,James,GK Saves,,none,,,,,,,,
2026-05-28,32:11.8,2H,B,Gio,Tackles,,none,,,,,,,,
2026-05-28,32:37.6,2H,A,Lach2,Goals,James2,none,none,0.7520,0.2240,0.6930,0.6400,,,
2026-05-28,32:37.6,2H,A,Lach2,On Target,,none,,,,,,,,
2026-05-28,32:37.8,2H,A,Lach2,Nutmegs,,none,,,,,,,,
2026-05-28,32:55.9,2H,A,Lachlan,Tackles,,none,,,,,,,,
2026-05-28,32:57.6,2H,A,Lachlan,Key Passes,,none,,,,,,,,
2026-05-28,33:00.4,2H,A,Xavier,Off Target,,none,,,,,,,,
2026-05-28,33:03.7,2H,A,Lachlan,Interceptions,,none,,,,,,,,
2026-05-28,33:12.0,2H,B,Richard,On Target,,none,,,,,,,,
2026-05-28,33:12.0,2H,B,Richard,Goals,Jake,none,none,0.8120,0.5670,0.7930,0.1880,,,
2026-05-28,33:27.4,2H,A,Xavier,Off Target,,none,,,,,,,,
2026-05-28,33:27.7,2H,B,Jake,Blocks,,none,,,,,,,,
2026-05-28,34:11.5,2H,B,Richard,Interceptions,,none,,,,,,,,
2026-05-28,34:26.7,2H,A,Lachlan,Interceptions,,none,,,,,,,,
2026-05-28,32:47.3,2H,B,James,GK Removed,,,,,,,,,,
2026-05-28,32:47.3,2H,B,Ines,GK On,,,,,,,,,,
2026-05-28,34:32.3,2H,B,James,Key Passes,,none,,,,,,,,
2026-05-28,34:33.6,2H,B,Jake,Off Target,,none,,,,,,,,
2026-05-28,34:43.4,2H,B,Richard,Interceptions,,none,,,,,,,,
2026-05-28,34:48.0,2H,A,Xavier,Tackles,,none,,,,,,,,
2026-05-28,35:03.4,2H,B,Richard,Interceptions,,none,,,,,,,,
2026-05-28,35:06.3,2H,A,Lach2,Tackles,,none,,,,,,,,
2026-05-28,35:11.0,2H,B,Jake,Interceptions,,none,,,,,,,,
2026-05-28,35:12.2,2H,A,Lach2,On Target,,none,,,,,,,,
2026-05-28,35:12.3,2H,B,Gio,Blocks,,none,,,,,,,,
2026-05-28,35:19.5,2H,A,Xavier,On Target,,none,,,,,,,,
2026-05-28,35:19.8,2H,B,Ines,GK Saves,,none,,,,,,,,
2026-05-28,35:28.7,2H,B,Gio,Key Passes,,none,,,,,,,,
2026-05-28,35:29.9,2H,B,Richard,On Target,,none,,,,,,,,
2026-05-28,35:30.1,2H,A,Alberto,GK Saves,,none,,,,,,,,
2026-05-28,35:33.2,2H,B,Gio,Goals,James,none,none,0.7570,0.5800,0.8870,0.8590,,,
2026-05-28,35:51.9,2H,A,Lach2,Key Passes,,none,,,,,,,,
2026-05-28,35:53.9,2H,A,Lachlan,On Target,,none,,,,,,,,
2026-05-28,35:54.0,2H,B,Ines,GK Saves,,none,,,,,,,,
2026-05-28,36:00.1,2H,A,Lachlan,Tackles,,none,,,,,,,,
2026-05-28,36:00.1,2H,A,Lachlan,Nutmegs,,none,,,,,,,,
2026-05-28,36:27.0,2H,B,Jake,On Target,,none,,,,,,,,
2026-05-28,36:27.0,2H,B,Jake,Goals,Richard,none,highlight,0.7960,0.2420,0.4970,0.4900,,,
2026-05-28,36:56.5,2H,B,James,Tackles,,none,,,,,,,,
2026-05-28,36:59.3,2H,B,Jake,Tackles,,none,,,,,,,,
2026-05-28,36:59.3,2H,B,Jake,Nutmegs,,none,,,,,,,,
2026-05-28,37:00.3,2H,B,Jake,On Target,,none,,,,,,,,
2026-05-28,37:00.3,2H,B,Jake,Goals,,none,none,0.7390,0.7600,,,,,
2026-05-28,37:14.5,2H,B,Jake,Tackles,,none,,,,,,,,
2026-05-28,37:23.4,2H,B,Gio,Tackles,,none,,,,,,,,
2026-05-28,37:40.2,2H,B,Jake,Tackles,,none,,,,,,,,
2026-05-28,37:47.6,2H,B,Jake,Off Target,,none,,,,,,,,
2026-05-28,37:49.6,2H,A,Lach2,Interceptions,,none,,,,,,,,
2026-05-28,37:59.1,2H,B,Jake,Tackles,,none,,,,,,,,
2026-05-28,38:01.3,2H,A,Xavier,Tackles,,none,,,,,,,,
2026-05-28,38:04.0,2H,A,Lach2,Interceptions,,none,,,,,,,,
2026-05-28,38:04.8,2H,B,Gio,Interceptions,,none,,,,,,,,
2026-05-28,38:12.8,2H,B,James,Interceptions,,none,,,,,,,,
2026-05-28,38:22.4,2H,B,Richard,On Target,,none,,,,,,,,
2026-05-28,38:22.5,2H,B,Richard,Nutmegs,,none,,,,,,,,
2026-05-28,38:22.5,2H,A,Lach2,Blocks,,none,,,,,,,,
2026-05-28,38:24.7,2H,B,Richard,Interceptions,,none,,,,,,,,
2026-05-28,38:32.4,2H,B,Gio,Interceptions,,none,,,,,,,,
2026-05-28,38:37.9,2H,A,Lach2,Tackles,,none,,,,,,,,
2026-05-28,38:42.4,2H,A,James2,Interceptions,,none,,,,,,,,
2026-05-28,38:51.0,2H,A,James2,Interceptions,,none,,,,,,,,
2026-05-28,39:01.7,2H,B,James,On Target,,none,,,,,,,,
2026-05-28,39:01.7,2H,B,James,Goals,Gio,none,none,0.5590,0.2860,0.3930,0.8190,,,
2026-05-28,39:22.5,2H,A,Lachlan,On Target,,none,,,,,,,,
2026-05-28,39:22.5,2H,A,Lachlan,Goals,Lach2,none,none,0.8340,0.8870,0.5590,0.8850,,,
2026-05-28,39:43.3,2H,A,Lach2,Tackles,,none,,,,,,,,
2026-05-28,39:44.8,2H,A,Lach2,Off Target,,none,,,,,,,,
2026-05-28,40:01.9,2H,A,Lach2,Goals,James2,none,highlight,0.8340,0.2110,0.7340,0.8680,,,
2026-05-28,40:01.9,2H,A,Lach2,On Target,,none,,,,,,,,
2026-05-28,40:25.6,2H,A,James2,Interceptions,,none,,,,,,,,
2026-05-28,40:30.2,2H,A,Alberto,Interceptions,,none,,,,,,,,
2026-05-28,40:34.0,2H,A,James2,Tackles,,none,,,,,,,,
2026-05-28,40:42.4,2H,A,Alberto,Key Passes,,none,,,,,,,,
2026-05-28,40:45.7,2H,A,Lachlan,Off Target,,none,,,,,,,,
2026-05-28,40:47.4,2H,B,Ines,Interceptions,,none,,,,,,,,
2026-05-28,39:32.4,2H,B,Ines,GK Removed,,,,,,,,,,
2026-05-28,39:32.4,2H,B,Richard,GK On,,,,,,,,,,
2026-05-28,41:10.6,2H,A,Xavier,Interceptions,,none,,,,,,,,
2026-05-28,41:11.1,2H,B,Ines,Tackles,,none,,,,,,,,
2026-05-28,41:14.5,2H,B,James,Key Passes,,none,,,,,,,,
2026-05-28,41:20.8,2H,B,Gio,On Target,,none,,,,,,,,
2026-05-28,41:21.0,2H,A,Alberto,GK Saves,,none,,,,,,,,
2026-05-28,41:24.9,2H,A,James2,Interceptions,,none,,,,,,,,
2026-05-28,41:28.3,2H,B,Jake,Tackles,,none,,,,,,,,
2026-05-28,41:52.6,2H,B,Gio,Tackles,,none,,,,,,,,
2026-05-28,41:55.8,2H,B,Gio,Key Passes,,none,,,,,,,,
2026-05-28,41:58.2,2H,B,Jake,Off Target,,none,,,,,,,,
2026-05-28,41:58.9,2H,A,Alberto,OG,,none,,,,,,,,
2026-05-28,42:29.4,2H,B,Jake,Interceptions,,none,,,,,,,,
2026-05-28,42:37.9,2H,B,Jake,Interceptions,,none,,,,,,,,
2026-05-28,42:39.0,2H,B,Jake,On Target,,none,,,,,,,,
2026-05-28,42:39.0,2H,B,Jake,Goals,,none,none,0.7520,0.7810,,,,,
2026-05-28,42:48.1,2H,A,Alberto,GK Removed,,,,,,,,,,
2026-05-28,42:48.1,2H,A,Xavier,GK On,,,,,,,,,,
2026-05-28,43:05.6,2H,A,James2,On Target,,none,,,,,,,,
2026-05-28,43:05.6,2H,A,James2,Goals,Lachlan,highlight,none,0.7300,0.1890,0.9730,0.0560,,,
2026-05-28,43:35.7,2H,A,Alberto,Tackles,,none,,,,,,,,
2026-05-28,43:43.2,2H,A,Lachlan,On Target,,none,,,,,,,,
2026-05-28,43:43.2,2H,A,Lachlan,Goals,James2,none,none,0.8620,0.2990,0.3830,0.2930,,,
2026-05-28,43:43.2,2H,A,Lachlan,Nutmegs,,none,,,,,,,,
2026-05-28,43:59.4,2H,B,Ines,On Target,,none,,,,,,,,
2026-05-28,44:24.3,2H,A,Lachlan,Key Passes,,none,,,,,,,,
2026-05-28,44:25.3,2H,A,James2,Off Target,,none,,,,,,,,
2026-05-28,44:31.7,2H,A,Lach2,Tackles,,none,,,,,,,,
2026-05-28,44:35.4,2H,B,Gio,Interceptions,,none,,,,,,,,
2026-05-28,44:36.3,2H,A,Lachlan,Off Target,,none,,,,,,,,
2026-05-28,44:40.3,2H,B,Jake,Tackles,,none,,,,,,,,
2026-05-28,44:54.6,2H,A,James2,Tackles,,none,,,,,,,,
2026-05-28,44:59.4,2H,B,Jake,Key Passes,,none,,,,,,,,
2026-05-28,45:00.6,2H,B,Gio,Off Target,,none,,,,,,,,
2026-05-28,45:01.2,2H,A,Xavier,GK Saves,,none,,,,,,,,
2026-05-28,45:07.2,2H,B,Jake,Key Passes,,none,,,,,,,,
2026-05-28,45:08.1,2H,B,Gio,On Target,,none,,,,,,,,
2026-05-28,45:08.3,2H,A,Lachlan,Blocks,,none,,,,,,,,
2026-05-28,45:15.2,2H,A,Xavier,Key Passes,,none,,,,,,,,
2026-05-28,45:17.3,2H,A,Lachlan,Off Target,,none,,,,,,,,
2026-05-28,45:22.1,2H,B,Richard,Key Passes,,none,,,,,,,,
2026-05-28,45:25.0,2H,B,Ines,On Target,,none,,,,,,,,
2026-05-28,45:25.7,2H,A,Xavier,GK Saves,,none,,,,,,,,
2026-05-28,45:43.6,2H,B,Gio,Interceptions,,none,,,,,,,,
2026-05-28,45:46.6,2H,B,Gio,Key Passes,,none,,,,,,,,
2026-05-28,45:48.0,2H,B,Jake,On Target,,none,,,,,,,,
2026-05-28,45:48.2,2H,A,Xavier,GK Saves,,none,,,,,,,,
2026-05-28,45:52.2,2H,B,Jake,On Target,,none,,,,,,,,
2026-05-28,45:52.3,2H,A,Lach2,Blocks,,none,,,,,,,,
2026-05-28,45:53.4,2H,B,Gio,On Target,,none,,,,,,,,
2026-05-28,45:53.7,2H,A,Xavier,GK Saves,,none,,,,,,,,
2026-05-28,46:07.8,2H,B,Richard,GK Removed,,,,,,,,,,
2026-05-28,46:07.8,2H,B,Ines,GK On,,,,,,,,,,
2026-05-28,46:11.3,2H,B,Richard,Interceptions,,none,,,,,,,,
2026-05-28,46:13.8,2H,A,Lach2,Tackles,,none,,,,,,,,
2026-05-28,46:16.4,2H,B,Richard,Tackles,,none,,,,,,,,
2026-05-28,46:20.4,2H,A,Lach2,Key Passes,,none,,,,,,,,
2026-05-28,46:22.5,2H,A,Lachlan,On Target,,none,,,,,,,,
2026-05-28,46:22.5,2H,A,Lachlan,Goals,Alberto,highlight,highlight,0.7910,0.5050,0.8070,0.3410,,,
2026-05-28,46:44.7,2H,A,Lachlan,Interceptions,,none,,,,,,,,
2026-05-28,46:46.7,2H,B,Jake,Key Passes,,none,,,,,,,,
2026-05-28,46:47.9,2H,B,Gio,On Target,,none,,,,,,,,
2026-05-28,46:48.1,2H,A,James2,Blocks,,none,,,,,,,,
2026-05-28,46:51.2,2H,A,Lachlan,Interceptions,,none,,,,,,,,
2026-05-28,47:07.7,2H,A,Alberto,On Target,,none,,,,,,,,
2026-05-28,47:07.7,2H,A,Alberto,Goals,Lach2,highlight,none,0.9230,0.8120,0.9280,0.1570,,,
2026-05-28,47:44.2,2H,B,Gio,Key Passes,,none,,,,,,,,
2026-05-28,47:45.0,2H,B,Jake,Off Target,,none,,,,,,,,
2026-05-28,47:49.3,2H,A,Xavier,Key Passes,,none,,,,,,,,
2026-05-28,47:51.6,2H,A,Alberto,Off Target,,none,,,,,,,,
2026-05-28,48:01.8,2H,B,Gio,Key Passes,,none,,,,,,,,
2026-05-28,48:03.1,2H,B,James,On Target,,none,,,,,,,,
2026-05-28,48:03.5,2H,A,Xavier,GK Saves,,none,,,,,,,,
2026-05-28,48:13.0,2H,B,Jake,On Target,,none,,,,,,,,
2026-05-28,48:13.3,2H,A,Xavier,GK Saves,,none,,,,,,,,
2026-05-28,48:18.7,2H,B,Jake,Interceptions,,none,,,,,,,,
2026-05-28,48:20.2,2H,B,Jake,Off Target,,none,,,,,,,,
2026-05-28,48:23.1,2H,B,Gio,On Target,,none,,,,,,,,
2026-05-28,48:23.1,2H,B,Gio,Nutmegs,,none,,,,,,,,
2026-05-28,48:23.1,2H,B,Gio,Goals,,highlight,none,0.9280,0.8030,,,,,
2026-05-28,48:44.1,2H,A,Lachlan,Nutmegs,,none,,,,,,,,
2026-05-28,48:49.7,2H,B,James,Nutmegs,,none,,,,,,,,
2026-05-28,48:52.3,2H,A,James2,Key Passes,,none,,,,,,,,
2026-05-28,48:54.6,2H,A,Alberto,Off Target,,none,,,,,,,,
2026-05-28,49:11.7,2H,B,Richard,Tackles,,none,,,,,,,,
2026-05-28,49:15.2,2H,B,Richard,Off Target,,none,,,,,,,,
2026-05-28,49:15.5,2H,A,Lach2,Blocks,,none,,,,,,,,
2026-05-28,49:27.5,2H,B,Jake,Interceptions,,none,,,,,,,,
2026-05-28,49:39.2,2H,A,James2,Key Passes,,none,,,,,,,,
2026-05-28,49:40.5,2H,A,Lachlan,Off Target,,none,,,,,,,,
2026-05-28,49:53.9,2H,B,Richard,Key Passes,,none,,,,,,,,
2026-05-28,49:55.7,2H,B,James,Off Target,,none,,,,,,,,
2026-05-28,50:20.8,2H,B,Jake,On Target,,none,,,,,,,,
2026-05-28,50:20.8,2H,B,Jake,Nutmegs,,none,,,,,,,,
2026-05-28,50:20.8,2H,B,Jake,Goals,Richard,none,none,0.7680,0.6670,0.8710,0.8110,,,
2026-05-28,50:45.5,2H,A,Lachlan,On Target,,none,,,,,,,,
2026-05-28,50:45.5,2H,A,Lachlan,Goals,James2,none,none,0.8460,0.2240,0.6750,0.8330,,,
2026-05-28,51:04.5,2H,B,Richard,On Target,,none,,,,,,,,
2026-05-28,51:04.8,2H,A,Lachlan,Blocks,,none,,,,,,,,
2026-05-28,51:06.4,2H,B,Jake,Off Target,,none,,,,,,,,
2026-05-28,51:06.6,2H,A,Lachlan,Blocks,,none,,,,,,,,
2026-05-28,51:09.9,2H,B,Jake,On Target,,none,,,,,,,,
2026-05-28,51:10.2,2H,A,Lachlan,Blocks,,none,,,,,,,,
2026-05-28,51:16.7,2H,B,Richard,Interceptions,,none,,,,,,,,
2026-06-04,00:00.0,1H,A,James,GK On,,,,,,,,,,
2026-06-04,00:00.0,1H,B,Vijit,GK On,,,,,,,,,,
2026-06-04,00:11.9,1H,A,Richard,Interceptions,,none,,,,,,,,
2026-06-04,00:19.5,1H,A,Andres,On Target,,none,,,,,,,,
2026-06-04,00:19.7,1H,B,Lachlan,Blocks,,none,,,,,,,,
2026-06-04,00:29.5,1H,B,Lachlan,Key Passes,,none,,,,,,,,
2026-06-04,00:32.4,1H,B,Alberto,Off Target,,none,,,,,,,,
2026-06-04,00:46.6,1H,B,Lachlan,Interceptions,,none,,,,,,,,
2026-06-04,00:50.7,1H,A,Gio,Interceptions,,none,,,,,,,,
2026-06-04,00:54.4,1H,B,Lachlan,Interceptions,,none,,,,,,,,
2026-06-04,01:07.8,1H,A,Richard,Interceptions,,none,,,,,,,,
2026-06-04,01:16.0,1H,A,Richard,Interceptions,,none,,,,,,,,
2026-06-04,01:24.4,1H,A,Gio,Key Passes,,none,,,,,,,,
2026-06-04,01:25.8,1H,A,Austin,On Target,,none,,,,,,,,
2026-06-04,01:26.2,1H,B,Jake,Blocks,,none,,,,,,,,
2026-06-04,01:27.3,1H,A,Andres,On Target,,none,,,,,,,,
2026-06-04,01:27.4,1H,B,Jake,Blocks,,none,,,,,,,,
2026-06-04,02:03.4,1H,A,Andres,Tackles,,none,,,,,,,,
2026-06-04,02:12.5,1H,A,Richard,Interceptions,,none,,,,,,,,
2026-06-04,02:21.2,1H,B,Jake,On Target,,none,,,,,,,,
2026-06-04,02:21.3,1H,A,Richard,Blocks,,none,,,,,,,,
2026-06-04,02:24.8,1H,B,Lachlan,On Target,,none,,,,,,,,
2026-06-04,02:24.8,1H,B,Lachlan,Goals,Jake,highlight,highlight,0.8710,0.7300,0.9620,0.0970,,,
2026-06-04,02:53.7,1H,A,Richard,Interceptions,,none,,,,,,,,
2026-06-04,02:56.6,1H,A,Austin,Nutmegs,,none,,,,,,,,
2026-06-04,02:58.1,1H,B,Alberto,Interceptions,,none,,,,,,,,
2026-06-04,03:00.4,1H,A,Andres,Tackles,,none,,,,,,,,
2026-06-04,03:02.2,1H,B,Jake,Tackles,,none,,,,,,,,
2026-06-04,03:27.8,1H,A,Austin,Interceptions,,none,,,,,,,,
2026-06-04,03:30.2,1H,B,Lachlan,Interceptions,,none,,,,,,,,
2026-06-04,03:34.8,1H,A,Gio,Interceptions,,none,,,,,,,,
2026-06-04,03:39.0,1H,B,Jake,Key Passes,,none,,,,,,,,
2026-06-04,03:40.9,1H,B,Lach2,Off Target,,none,,,,,,,,
2026-06-04,03:57.5,1H,A,Richard,Interceptions,,none,,,,,,,,
2026-06-04,04:01.5,1H,A,Gio,On Target,,none,,,,,,,,
2026-06-04,04:01.5,1H,A,Gio,Goals,Richard,none,none,0.8910,0.1730,0.6590,0.7680,,,
2026-06-04,04:20.8,1H,B,Lach2,Key Passes,,none,,,,,,,,
2026-06-04,04:22.7,1H,B,Alberto,On Target,,none,,,,,,,,
2026-06-04,04:22.9,1H,A,James,GK Saves,,none,,,,,,,,
2026-06-04,04:34.8,1H,A,Austin,Key Passes,,none,,,,,,,,
2026-06-04,04:36.8,1H,A,Andres,On Target,,none,,,,,,,,
2026-06-04,04:37.0,1H,B,Vijit,GK Saves,,none,,,,,,,,
2026-06-04,04:47.7,1H,A,Austin,Interceptions,,none,,,,,,,,
2026-06-04,04:50.6,1H,A,Austin,On Target,,none,,,,,,,,
2026-06-04,04:51.0,1H,B,Lachlan,Blocks,,none,,,,,,,,
2026-06-04,04:55.4,1H,A,Gio,Interceptions,,none,,,,,,,,
2026-06-04,05:05.2,1H,B,Alberto,On Target,,none,,,,,,,,
2026-06-04,05:05.2,1H,B,Alberto,Goals,,none,none,0.8530,0.2300,,,,,
2026-06-04,05:23.8,1H,A,James,GK Removed,,,,,,,,,,
2026-06-04,05:23.8,1H,A,Richard,GK On,,,,,,,,,,
2026-06-04,05:29.5,1H,B,Lachlan,Interceptions,,none,,,,,,,,
2026-06-04,05:41.7,1H,A,Andres,Interceptions,,none,,,,,,,,
2026-06-04,05:45.1,1H,B,Jake,Tackles,,none,,,,,,,,
2026-06-04,06:12.2,1H,A,James,Key Passes,,none,,,,,,,,
2026-06-04,06:13.5,1H,A,Austin,On Target,,none,,,,,,,,
2026-06-04,06:14.1,1H,B,Vijit,GK Saves,,none,,,,,,,,
2026-06-04,06:17.8,1H,A,Gio,On Target,,none,,,,,,,,
2026-06-04,06:17.8,1H,A,Gio,Goals,,none,none,0.7820,0.5070,,,,,
2026-06-04,06:25.6,1H,B,Vijit,GK Removed,,,,,,,,,,
2026-06-04,06:25.6,1H,B,Alberto,GK On,,,,,,,,,,
2026-06-04,06:37.2,1H,B,Jake,On Target,,none,,,,,,,,
2026-06-04,06:37.2,1H,B,Jake,Goals,Lach2,none,highlight,0.8050,0.6860,0.7910,0.1280,,,
2026-06-04,07:17.1,1H,B,Lach2,Interceptions,,none,,,,,,,,
2026-06-04,07:18.4,1H,A,Austin,Nutmegs,,none,,,,,,,,
2026-06-04,07:22.1,1H,B,Lachlan,Tackles,,none,,,,,,,,
2026-06-04,07:22.1,1H,B,Lachlan,Nutmegs,,none,,,,,,,,
2026-06-04,07:31.9,1H,B,Lach2,Key Passes,,none,,,,,,,,
2026-06-04,07:33.6,1H,B,Lachlan,Off Target,,none,,,,,,,,
2026-06-04,07:39.4,1H,A,Austin,Key Passes,,none,,,,,,,,
2026-06-04,07:42.6,1H,A,James,On Target,,none,,,,,,,,
2026-06-04,07:42.7,1H,B,Lach2,Blocks,,none,,,,,,,,
2026-06-04,08:00.3,1H,B,Jake,Tackles,,none,,,,,,,,
2026-06-04,08:04.1,1H,A,Andres,Key Passes,,none,,,,,,,,
2026-06-04,08:05.5,1H,A,James,On Target,,none,,,,,,,,
2026-06-04,08:06.0,1H,B,Alberto,GK Saves,,none,,,,,,,,
2026-06-04,08:09.0,1H,A,Gio,Off Target,,none,,,,,,,,
2026-06-04,08:20.6,1H,A,Gio,Interceptions,,none,,,,,,,,
2026-06-04,08:24.0,1H,B,Lach2,Tackles,,none,,,,,,,,
2026-06-04,08:25.8,1H,B,Vijit,Interceptions,,none,,,,,,,,
2026-06-04,09:00.8,1H,A,Gio,Nutmegs,,none,,,,,,,,
2026-06-04,09:00.7,1H,A,Gio,Key Passes,,none,,,,,,,,
2026-06-04,09:02.4,1H,A,James,Off Target,,none,,,,,,,,
2026-06-04,09:12.1,1H,B,Lachlan,Tackles,,none,,,,,,,,
2026-06-04,09:13.5,1H,B,Lachlan,On Target,,none,,,,,,,,
2026-06-04,09:13.5,1H,B,Lachlan,Goals,,highlight,none,0.7730,0.8000,,,,,
2026-06-04,09:28.9,1H,B,Lach2,Interceptions,,none,,,,,,,,
2026-06-04,09:31.5,1H,B,Jake,Tackles,,none,,,,,,,,
2026-06-04,09:37.3,1H,A,Gio,Interceptions,,none,,,,,,,,
2026-06-04,09:39.4,1H,B,Lach2,Interceptions,,none,,,,,,,,
2026-06-04,09:42.4,1H,A,Gio,On Target,,none,,,,,,,,
2026-06-04,09:42.5,1H,B,Lachlan,Blocks,,none,,,,,,,,
2026-06-04,09:44.6,1H,B,Jake,Interceptions,,none,,,,,,,,
2026-06-04,09:51.3,1H,A,Austin,Tackles,,none,,,,,,,,
2026-06-04,09:55.0,1H,A,James,Key Passes,,none,,,,,,,,
2026-06-04,09:56.1,1H,A,Gio,On Target,,none,,,,,,,,
2026-06-04,09:56.4,1H,B,Alberto,GK Saves,,none,,,,,,,,
2026-06-04,10:01.2,1H,A,Austin,Nutmegs,,none,,,,,,,,
2026-06-04,10:02.4,1H,B,Jake,Interceptions,,none,,,,,,,,
2026-06-04,10:04.1,1H,B,Jake,Off Target,,none,,,,,,,,
2026-06-04,10:13.6,1H,A,James,Interceptions,,none,,,,,,,,
2026-06-04,10:21.7,1H,A,Andres,Tackles,,none,,,,,,,,
2026-06-04,10:28.5,1H,A,Gio,Interceptions,,none,,,,,,,,
2026-06-04,10:35.3,1H,A,Austin,Nutmegs,,none,,,,,,,,
2026-06-04,10:46.4,1H,A,Austin,Interceptions,,none,,,,,,,,
2026-06-04,11:00.1,1H,A,Andres,Tackles,,none,,,,,,,,
2026-06-04,11:04.7,1H,A,Austin,Interceptions,,none,,,,,,,,
2026-06-04,11:20.4,1H,B,Lachlan,Key Passes,,none,,,,,,,,
2026-06-04,11:22.1,1H,B,Jake,Off Target,,none,,,,,,,,
2026-06-04,11:22.6,1H,A,Richard,GK Saves,,none,,,,,,,,
2026-06-04,11:40.0,1H,B,Lach2,Interceptions,,none,,,,,,,,
2026-06-04,11:41.7,1H,A,Austin,Key Passes,,none,,,,,,,,
2026-06-04,11:44.2,1H,A,James,On Target,,none,,,,,,,,
2026-06-04,11:44.5,1H,B,Alberto,GK Saves,,none,,,,,,,,
2026-06-04,11:45.7,1H,A,Gio,Off Target,,none,,,,,,,,
2026-06-04,11:46.0,1H,B,Alberto,GK Saves,,none,,,,,,,,
2026-06-04,11:58.9,1H,B,Lach2,Interceptions,,none,,,,,,,,
2026-06-04,12:02.4,1H,B,Lach2,Off Target,,none,,,,,,,,
2026-06-04,12:14.2,1H,B,Vijit,Interceptions,,none,,,,,,,,
2026-06-04,12:30.2,1H,B,Jake,Tackles,,none,,,,,,,,
2026-06-04,12:34.1,1H,B,Lach2,Key Passes,,none,,,,,,,,
2026-06-04,12:35.8,1H,B,Vijit,Off Target,,none,,,,,,,,
2026-06-04,12:37.3,1H,B,Lach2,On Target,,none,,,,,,,,
2026-06-04,12:37.5,1H,A,Richard,GK Saves,,none,,,,,,,,
2026-06-04,12:47.7,1H,B,Jake,Tackles,,none,,,,,,,,
2026-06-04,12:51.7,1H,A,Austin,Tackles,,none,,,,,,,,
2026-06-04,12:56.0,1H,A,Andres,On Target,,none,,,,,,,,
2026-06-04,12:56.0,1H,A,Andres,Nutmegs,,none,,,,,,,,
2026-06-04,12:56.0,1H,A,Andres,Goals,,none,none,0.7960,0.5900,,,,,
2026-06-04,13:13.7,1H,B,Lach2,Key Passes,,none,,,,,,,,
2026-06-04,13:16.5,1H,B,Jake,Off Target,,none,,,,,,,,
2026-06-04,13:18.4,1H,B,Vijit,Off Target,,none,,,,,,,,
2026-06-04,13:18.4,1H,B,Vijit,Post,,none,,,,,,,,
2026-06-04,13:04.7,1H,B,Alberto,GK Removed,,,,,,,,,,
2026-06-04,13:04.7,1H,B,Lachlan,GK On,,,,,,,,,,
2026-06-04,13:24.1,1H,B,Alberto,Interceptions,,none,,,,,,,,
2026-06-04,13:31.0,1H,B,Alberto,Interceptions,,none,,,,,,,,
2026-06-04,13:35.4,1H,B,Alberto,Interceptions,,none,,,,,,,,
2026-06-04,13:37.4,1H,A,Austin,On Target,,none,,,,,,,,
2026-06-04,13:37.4,1H,A,Austin,Goals,,none,none,0.6320,0.2790,,,,,
2026-06-04,14:06.3,1H,A,Austin,Tackles,,none,,,,,,,,
2026-06-04,14:09.3,1H,A,Andres,Tackles,,none,,,,,,,,
2026-06-04,14:12.3,1H,B,Lach2,Interceptions,,none,,,,,,,,
2026-06-04,14:16.4,1H,B,Lach2,Off Target,,none,,,,,,,,
2026-06-04,14:17.5,1H,B,Lach2,Key Passes,,none,,,,,,,,
2026-06-04,14:18.2,1H,B,Alberto,Off Target,,none,,,,,,,,
2026-06-04,14:21.9,1H,B,Lach2,On Target,,none,,,,,,,,
2026-06-04,14:22.3,1H,A,Richard,GK Saves,,none,,,,,,,,
2026-06-04,14:25.9,1H,A,Andres,Interceptions,,none,,,,,,,,
2026-06-04,14:30.0,1H,B,Vijit,Interceptions,,none,,,,,,,,
2026-06-04,14:36.0,1H,B,Vijit,Interceptions,,none,,,,,,,,
2026-06-04,14:38.3,1H,A,Austin,Interceptions,,none,,,,,,,,
2026-06-04,14:42.7,1H,B,Lach2,Key Passes,,none,,,,,,,,
2026-06-04,14:44.0,1H,B,Jake,On Target,,none,,,,,,,,
2026-06-04,14:44.4,1H,A,Richard,GK Saves,,highlight,,,,,,,,
2026-06-04,14:52.8,1H,B,Lach2,Tackles,,none,,,,,,,,
2026-06-04,14:56.5,1H,A,Austin,Tackles,,none,,,,,,,,
2026-06-04,15:01.5,1H,A,Gio,Key Passes,,none,,,,,,,,
2026-06-04,15:03.6,1H,A,James,Off Target,,none,,,,,,,,
2026-06-04,15:17.1,1H,B,Jake,On Target,,none,,,,,,,,
2026-06-04,15:17.1,1H,B,Jake,Goals,Alberto,highlight,highlight,0.8030,0.5900,0.8410,0.2240,,,
2026-06-04,15:37.5,1H,A,Austin,Key Passes,,none,,,,,,,,
2026-06-04,15:39.1,1H,A,James,Off Target,,none,,,,,,,,
2026-06-04,15:55.1,1H,B,Jake,Tackles,,none,,,,,,,,
2026-06-04,16:12.4,1H,A,Gio,On Target,,none,,,,,,,,
2026-06-04,16:12.4,1H,A,Gio,Goals,Andres,none,none,0.8250,0.3220,0.5880,0.6240,,,
2026-06-04,16:32.3,1H,B,Jake,Off Target,,none,,,,,,,,
2026-06-04,16:35.8,1H,B,Lach2,Interceptions,,none,,,,,,,,
2026-06-04,16:38.2,1H,B,Vijit,Interceptions,,none,,,,,,,,
2026-06-04,16:45.2,1H,B,Alberto,Interceptions,,none,,,,,,,,
2026-06-04,16:48.1,1H,A,Andres,Tackles,,none,,,,,,,,
2026-06-04,16:55.5,1H,B,Jake,Tackles,,none,,,,,,,,
2026-06-04,17:00.7,1H,A,Austin,Interceptions,,none,,,,,,,,
2026-06-04,17:00.8,1H,A,Austin,On Target,,none,,,,,,,,
2026-06-04,17:00.9,1H,B,Vijit,Blocks,,none,,,,,,,,
2026-06-04,17:06.2,1H,A,Gio,Interceptions,,none,,,,,,,,
2026-06-04,17:36.7,1H,A,Andres,Tackles,,none,,,,,,,,
2026-06-04,17:42.4,1H,A,Andres,Tackles,,none,,,,,,,,
2026-06-04,17:58.8,1H,B,Lach2,On Target,,none,,,,,,,,
2026-06-04,17:59.4,1H,A,Richard,GK Saves,,none,,,,,,,,
2026-06-04,18:17.1,1H,A,Andres,Nutmegs,,none,,,,,,,,
2026-06-04,18:19.6,1H,B,Vijit,Interceptions,,none,,,,,,,,
2026-06-04,18:24.6,1H,A,Austin,Interceptions,,none,,,,,,,,
2026-06-04,18:27.6,1H,B,Alberto,Tackles,,none,,,,,,,,
2026-06-04,18:34.4,1H,A,Andres,Key Passes,,none,,,,,,,,
2026-06-04,18:36.9,1H,A,James,Off Target,,none,,,,,,,,
2026-06-04,18:36.9,1H,A,James,Post,,none,,,,,,,,
2026-06-04,18:41.2,1H,B,Lachlan,GK Removed,,,,,,,,,,
2026-06-04,18:41.2,1H,B,Jake,GK On,,,,,,,,,,
2026-06-04,19:10.4,1H,A,Andres,Tackles,,none,,,,,,,,
2026-06-04,19:12.4,1H,B,Vijit,On Target,,none,,,,,,,,
2026-06-04,19:13.1,1H,A,Richard,GK Saves,,none,,,,,,,,
2026-06-04,19:24.5,1H,A,Andres,Key Passes,,none,,,,,,,,
2026-06-04,19:27.9,1H,A,James,On Target,,none,,,,,,,,
2026-06-04,19:28.1,1H,B,Jake,GK Saves,,none,,,,,,,,
2026-06-04,19:29.4,1H,A,James,Key Passes,,none,,,,,,,,
2026-06-04,19:30.3,1H,A,Gio,On Target,,none,,,,,,,,
2026-06-04,19:30.7,1H,B,Jake,GK Saves,,none,,,,,,,,
2026-06-04,19:38.8,1H,B,Alberto,Key Passes,,none,,,,,,,,
2026-06-04,19:41.9,1H,B,Lach2,Off Target,,none,,,,,,,,
2026-06-04,19:52.6,1H,A,Gio,Tackles,,none,,,,,,,,
2026-06-04,19:55.0,1H,B,Lachlan,Interceptions,,none,,,,,,,,
2026-06-04,20:01.9,1H,B,Lachlan,Interceptions,,none,,,,,,,,
2026-06-04,20:15.4,1H,A,Austin,Interceptions,,none,,,,,,,,
2026-06-04,20:18.6,1H,A,Andres,On Target,,none,,,,,,,,
2026-06-04,20:19.0,1H,B,Jake,GK Saves,,none,,,,,,,,
2026-06-04,20:40.4,1H,A,Gio,Interceptions,,none,,,,,,,,
2026-06-04,20:43.7,1H,B,Vijit,Interceptions,,none,,,,,,,,
2026-06-04,20:52.8,1H,B,Lachlan,Interceptions,,none,,,,,,,,
2026-06-04,21:09.7,1H,A,Andres,Interceptions,,none,,,,,,,,
2026-06-04,21:10.6,1H,B,Vijit,Tackles,,none,,,,,,,,
2026-06-04,21:13.2,1H,A,Austin,Key Passes,,none,,,,,,,,
2026-06-04,21:14.7,1H,A,Gio,On Target,,none,,,,,,,,
2026-06-04,21:14.8,1H,B,Alberto,Blocks,,none,,,,,,,,
2026-06-04,21:00.9,1H,A,Richard,GK Removed,,,,,,,,,,
2026-06-04,21:00.9,1H,A,James,GK On,,,,,,,,,,
2026-06-04,21:28.3,1H,A,Richard,Interceptions,,none,,,,,,,,
2026-06-04,21:29.6,1H,B,Alberto,Tackles,,none,,,,,,,,
2026-06-04,21:32.2,1H,B,Lachlan,On Target,,none,,,,,,,,
2026-06-04,21:32.2,1H,B,Lachlan,Goals,Vijit,none,none,0.7140,0.7830,0.7680,0.4960,,,
2026-06-04,21:43.8,2H,B,Jake,GK Removed,,,,,,,,,,
2026-06-04,21:43.8,2H,B,Alberto,GK On,,,,,,,,,,
2026-06-04,21:48.2,2H,A,James,GK Removed,,,,,,,,,,
2026-06-04,21:48.2,2H,A,Gio,GK On,,,,,,,,,,
2026-06-04,21:54.5,2H,B,Lachlan,Interceptions,,none,,,,,,,,
2026-06-04,21:56.9,2H,A,Andres,Interceptions,,none,,,,,,,,
2026-06-04,22:00.7,2H,B,Vijit,Interceptions,,none,,,,,,,,
2026-06-04,22:03.4,2H,A,Richard,Interceptions,,none,,,,,,,,
2026-06-04,22:14.0,2H,A,Austin,Nutmegs,,none,,,,,,,,
2026-06-04,22:13.9,2H,A,Austin,Key Passes,,none,,,,,,,,
2026-06-04,22:18.6,2H,A,Richard,Off Target,,none,,,,,,,,
2026-06-04,22:21.0,2H,A,James,Key Passes,,none,,,,,,,,
2026-06-04,22:22.0,2H,A,Andres,Off Target,,none,,,,,,,,
2026-06-04,22:35.3,2H,B,Jake,Tackles,,none,,,,,,,,
2026-06-04,22:50.9,2H,A,James,Tackles,,none,,,,,,,,
2026-06-04,22:54.9,2H,A,Austin,Key Passes,,none,,,,,,,,
2026-06-04,23:01.4,2H,A,Andres,Interceptions,,none,,,,,,,,
2026-06-04,23:19.3,2H,A,Austin,Key Passes,,none,,,,,,,,
2026-06-04,23:20.7,2H,A,Andres,Off Target,,none,,,,,,,,
2026-06-04,23:21.7,2H,B,Alberto,Interceptions,,none,,,,,,,,
2026-06-04,23:29.4,2H,A,Andres,Interceptions,,none,,,,,,,,
2026-06-04,23:30.0,2H,A,Andres,Key Passes,,none,,,,,,,,
2026-06-04,23:31.1,2H,A,James,On Target,,none,,,,,,,,
2026-06-04,23:31.6,2H,B,Alberto,GK Saves,,none,,,,,,,,
2026-06-04,23:33.2,2H,A,Andres,Off Target,,none,,,,,,,,
2026-06-04,23:35.6,2H,B,Vijit,Interceptions,,none,,,,,,,,
2026-06-04,23:40.7,2H,A,Austin,Tackles,,none,,,,,,,,
2026-06-04,23:43.1,2H,B,Jake,Key Passes,,none,,,,,,,,
2026-06-04,23:45.1,2H,B,Lachlan,On Target,,none,,,,,,,,
2026-06-04,23:45.2,2H,A,Gio,GK Saves,,none,,,,,,,,
2026-06-04,23:46.7,2H,A,Andres,Interceptions,,none,,,,,,,,
2026-06-04,23:49.0,2H,B,Lach2,Interceptions,,none,,,,,,,,
2026-06-04,23:56.3,2H,B,Lachlan,Key Passes,,none,,,,,,,,
2026-06-04,23:58.5,2H,B,Lach2,On Target,,none,,,,,,,,
2026-06-04,23:58.5,2H,A,Andres,Blocks,,none,,,,,,,,
2026-06-04,24:10.0,2H,B,Alberto,Interceptions,,none,,,,,,,,
2026-06-04,24:32.5,2H,B,Lach2,Interceptions,,none,,,,,,,,
2026-06-04,24:43.5,2H,A,Richard,Interceptions,,none,,,,,,,,
2026-06-04,24:47.2,2H,B,Vijit,Interceptions,,none,,,,,,,,
2026-06-04,24:48.5,2H,A,Andres,Off Target,,none,,,,,,,,
2026-06-04,24:51.4,2H,A,James,Nutmegs,,none,,,,,,,,
2026-06-04,24:51.4,2H,A,James,Key Passes,,none,,,,,,,,
2026-06-04,24:53.3,2H,A,Austin,On Target,,none,,,,,,,,
2026-06-04,24:53.4,2H,B,Jake,Blocks,,none,,,,,,,,
2026-06-04,25:19.7,2H,A,Austin,Off Target,,none,,,,,,,,
2026-06-04,25:19.8,2H,B,Alberto,GK Saves,,none,,,,,,,,
2026-06-04,25:23.4,2H,B,Vijit,Key Passes,,none,,,,,,,,
2026-06-04,25:27.0,2H,B,Lachlan,On Target,,none,,,,,,,,
2026-06-04,25:27.8,2H,A,Gio,GK Saves,,none,,,,,,,,
2026-06-04,25:29.1,2H,A,Richard,Interceptions,,none,,,,,,,,
2026-06-04,25:35.7,2H,B,Lachlan,Interceptions,,none,,,,,,,,
2026-06-04,25:38.4,2H,A,James,Key Passes,,none,,,,,,,,
2026-06-04,25:39.1,2H,A,Andres,On Target,,none,,,,,,,,
2026-06-04,25:39.6,2H,B,Alberto,GK Saves,,none,,,,,,,,
2026-06-04,25:44.2,2H,A,Richard,Tackles,,none,,,,,,,,
2026-06-04,26:15.1,2H,A,Andres,On Target,,none,,,,,,,,
2026-06-04,26:15.2,2H,B,Alberto,GK Saves,,none,,,,,,,,
2026-06-04,26:24.0,2H,B,Vijit,Nutmegs,,none,,,,,,,,
2026-06-04,26:25.6,2H,A,Andres,Interceptions,,none,,,,,,,,
2026-06-04,26:30.2,2H,B,Vijit,Tackles,,none,,,,,,,,
2026-06-04,26:50.4,2H,A,Andres,Interceptions,,none,,,,,,,,
2026-06-04,26:53.0,2H,B,Lach2,Interceptions,,none,,,,,,,,
2026-06-04,26:54.2,2H,A,Andres,Key Passes,,none,,,,,,,,
2026-06-04,26:55.7,2H,A,James,On Target,,none,,,,,,,,
2026-06-04,26:56.0,2H,B,Alberto,GK Saves,,none,,,,,,,,
2026-06-04,27:06.7,2H,A,Richard,Interceptions,,none,,,,,,,,
2026-06-04,27:12.0,2H,A,James,On Target,,none,,,,,,,,
2026-06-04,27:12.0,2H,A,James,Goals,Richard,highlight,none,0.7910,0.1030,0.2990,0.3380,,,
2026-06-04,27:21.7,2H,B,Alberto,GK Removed,,,,,,,,,,
2026-06-04,27:21.7,2H,B,Vijit,GK On,,,,,,,,,,
2026-06-04,27:26.1,2H,A,Gio,GK Removed,,,,,,,,,,
2026-06-04,27:26.1,2H,A,James,GK On,,,,,,,,,,
2026-06-04,27:50.6,2H,B,Lach2,Interceptions,,none,,,,,,,,
2026-06-04,27:52.5,2H,A,Gio,Interceptions,,none,,,,,,,,
2026-06-04,28:06.1,2H,A,Richard,Interceptions,,none,,,,,,,,
2026-06-04,28:12.1,2H,B,Alberto,Interceptions,,none,,,,,,,,
2026-06-04,28:14.6,2H,B,Jake,Key Passes,,none,,,,,,,,
2026-06-04,28:17.1,2H,B,Lach2,On Target,,none,,,,,,,,
2026-06-04,28:17.2,2H,A,Gio,Blocks,,none,,,,,,,,
2026-06-04,28:26.2,2H,A,Austin,Key Passes,,none,,,,,,,,
2026-06-04,28:27.6,2H,A,Andres,Off Target,,none,,,,,,,,
2026-06-04,28:40.1,2H,A,Andres,Interceptions,,none,,,,,,,,
2026-06-04,28:51.7,2H,A,Gio,Key Passes,,none,,,,,,,,
2026-06-04,28:53.0,2H,A,Andres,On Target,,none,,,,,,,,
2026-06-04,28:53.2,2H,B,Vijit,GK Saves,,none,,,,,,,,
2026-06-04,29:00.8,2H,A,Richard,Interceptions,,none,,,,,,,,
2026-06-04,29:03.6,2H,A,Richard,On Target,,none,,,,,,,,
2026-06-04,29:03.7,2H,B,Lachlan,Blocks,,none,,,,,,,,
2026-06-04,29:07.4,2H,A,Austin,Interceptions,,none,,,,,,,,
2026-06-04,29:17.8,2H,B,Lach2,Key Passes,,none,,,,,,,,
2026-06-04,29:20.5,2H,B,Jake,Off Target,,none,,,,,,,,
2026-06-04,29:33.8,2H,A,Gio,Key Passes,,none,,,,,,,,
2026-06-04,29:35.6,2H,A,Austin,Nutmegs,,none,,,,,,,,
2026-06-04,29:35.6,2H,A,Austin,On Target,,none,,,,,,,,
2026-06-04,29:36.1,2H,B,Vijit,GK Saves,,none,,,,,,,,
2026-06-04,29:37.3,2H,A,Andres,On Target,,none,,,,,,,,
2026-06-04,29:37.5,2H,B,Vijit,GK Saves,,none,,,,,,,,
2026-06-04,29:57.3,2H,B,Lachlan,Interceptions,,none,,,,,,,,
2026-06-04,30:04.6,2H,B,Jake,Interceptions,,none,,,,,,,,
2026-06-04,30:07.9,2H,B,Lach2,On Target,,none,,,,,,,,
2026-06-04,30:08.2,2H,A,Gio,Blocks,,none,,,,,,,,
2026-06-04,30:13.0,2H,A,Austin,Interceptions,,none,,,,,,,,
2026-06-04,30:09.9,2H,B,Lach2,Tackles,,none,,,,,,,,
2026-06-04,30:15.6,2H,B,Lachlan,Interceptions,,none,,,,,,,,
2026-06-04,30:19.1,2H,A,Andres,Interceptions,,none,,,,,,,,
2026-06-04,30:23.0,2H,B,Alberto,Interceptions,,none,,,,,,,,
2026-06-04,30:25.7,2H,B,Lach2,Key Passes,,none,,,,,,,,
2026-06-04,30:27.0,2H,B,Jake,On Target,,none,,,,,,,,
2026-06-04,30:27.2,2H,A,James,GK Saves,,none,,,,,,,,
2026-06-04,30:28.7,2H,B,Alberto,On Target,,none,,,,,,,,
2026-06-04,30:28.7,2H,B,Alberto,Goals,,highlight,none,0.9210,0.2130,,,,,
2026-06-04,30:39.7,2H,A,James,GK Removed,,,,,,,,,,
2026-06-04,30:39.7,2H,A,Andres,GK On,,,,,,,,,,
2026-06-04,30:57.0,2H,A,Austin,Off Target,,none,,,,,,,,
2026-06-04,30:57.7,2H,B,Vijit,GK Saves,,none,,,,,,,,
2026-06-04,31:00.3,2H,A,James,On Target,,none,,,,,,,,
2026-06-04,31:00.5,2H,B,Alberto,Blocks,,none,,,,,,,,
2026-06-04,31:06.8,2H,A,Richard,Interceptions,,none,,,,,,,,
2026-06-04,31:10.6,2H,B,Alberto,Interceptions,,none,,,,,,,,
2026-06-04,31:11.0,2H,B,Alberto,Tackles,,none,,,,,,,,
2026-06-04,31:19.5,2H,B,Alberto,Interceptions,,none,,,,,,,,
2026-06-04,31:22.1,2H,A,Austin,Interceptions,,none,,,,,,,,
2026-06-04,31:23.2,2H,B,Lachlan,Tackles,,none,,,,,,,,
2026-06-04,31:34.1,2H,B,Alberto,Tackles,,none,,,,,,,,
2026-06-04,31:35.9,2H,A,Gio,Key Passes,,none,,,,,,,,
2026-06-04,31:35.9,2H,A,Gio,Nutmegs,,none,,,,,,,,
2026-06-04,31:37.2,2H,A,James,On Target,,none,,,,,,,,
2026-06-04,31:37.4,2H,B,Vijit,GK Saves,,none,,,,,,,,
2026-06-04,31:42.0,2H,A,James,On Target,,none,,,,,,,,
2026-06-04,31:42.3,2H,B,Vijit,GK Saves,,none,,,,,,,,
2026-06-04,31:54.1,2H,B,Jake,Key Passes,,none,,,,,,,,
2026-06-04,31:54.6,2H,B,Lach2,On Target,,none,,,,,,,,
2026-06-04,31:55.2,2H,A,Andres,GK Saves,,none,,,,,,,,
2026-06-04,32:04.7,2H,A,Austin,Tackles,,none,,,,,,,,
2026-06-04,32:07.1,2H,A,Austin,Nutmegs,,none,,,,,,,,
2026-06-04,32:36.7,2H,B,Lachlan,Interceptions,,none,,,,,,,,
2026-06-04,32:38.9,2H,A,Austin,Tackles,,none,,,,,,,,
2026-06-04,32:42.1,2H,B,Alberto,Key Passes,,none,,,,,,,,
2026-06-04,32:44.6,2H,B,Jake,Off Target,,none,,,,,,,,
2026-06-04,32:56.5,2H,B,Lach2,Off Target,,none,,,,,,,,
2026-06-04,32:57.1,2H,A,Andres,GK Saves,,none,,,,,,,,
2026-06-04,32:58.8,2H,B,Lachlan,Off Target,,none,,,,,,,,
2026-06-04,33:06.2,2H,B,Lachlan,On Target,,none,,,,,,,,
2026-06-04,33:06.2,2H,B,Lachlan,Nutmegs,,none,,,,,,,,
2026-06-04,33:06.3,2H,A,Andres,GK Saves,,none,,,,,,,,
2026-06-04,33:08.7,2H,A,Richard,Interceptions,,none,,,,,,,,
2026-06-04,33:14.9,2H,B,Lach2,Interceptions,,none,,,,,,,,
2026-06-04,33:17.1,2H,B,Lach2,Interceptions,,none,,,,,,,,
2026-06-04,33:29.9,2H,B,Alberto,Tackles,,none,,,,,,,,
2026-06-04,33:30.0,2H,A,Gio,Tackles,,none,,,,,,,,
2026-06-04,33:32.4,2H,A,Gio,Off Target,,none,,,,,,,,
2026-06-04,33:32.8,2H,B,Vijit,GK Saves,,none,,,,,,,,
2026-06-04,33:37.8,2H,A,Gio,Key Passes,,none,,,,,,,,
2026-06-04,33:38.4,2H,A,Austin,Off Target,,none,,,,,,,,
2026-06-04,33:40.6,2H,B,Vijit,Key Passes,,none,,,,,,,,
2026-06-04,33:43.6,2H,B,Jake,On Target,,none,,,,,,,,
2026-06-04,33:43.7,2H,A,Richard,Blocks,,none,,,,,,,,
2026-06-04,33:47.0,2H,A,Austin,Key Passes,,none,,,,,,,,
2026-06-04,33:48.5,2H,A,James,On Target,,none,,,,,,,,
2026-06-04,33:48.6,2H,B,Vijit,GK Saves,,none,,,,,,,,
2026-06-04,33:49.6,2H,A,Austin,On Target,,none,,,,,,,,
2026-06-04,33:49.8,2H,B,Alberto,Blocks,,none,,,,,,,,
2026-06-04,34:01.6,2H,A,James,Interceptions,,none,,,,,,,,
2026-06-04,34:05.5,2H,B,Alberto,Interceptions,,none,,,,,,,,
2026-06-04,34:08.6,2H,B,Lach2,On Target,,none,,,,,,,,
2026-06-04,34:09.0,2H,A,Andres,GK Saves,,none,,,,,,,,
2026-06-04,34:13.2,2H,A,James,On Target,,none,,,,,,,,
2026-06-04,34:13.2,2H,A,James,Goals,,highlight,none,0.5500,0.4980,,,,,
2026-06-04,34:33.8,2H,B,Lach2,Interceptions,,none,,,,,,,,
2026-06-04,35:04.6,2H,A,Gio,On Target,,none,,,,,,,,
2026-06-04,35:04.6,2H,A,Gio,Goals,James,highlight,highlight,0.7930,0.0860,0.9550,0.8690,,,
2026-06-04,35:28.4,2H,A,Richard,Interceptions,,none,,,,,,,,
2026-06-04,35:31.9,2H,B,Lach2,Interceptions,,none,,,,,,,,
2026-06-04,35:38.6,2H,A,Richard,Interceptions,,none,,,,,,,,
2026-06-04,35:41.3,2H,A,Richard,On Target,,none,,,,,,,,
2026-06-04,35:41.3,2H,A,Richard,Goals,,none,none,0.7890,0.6820,,,,,
2026-06-04,36:05.3,2H,A,James,Interceptions,,none,,,,,,,,
2026-06-04,36:11.3,2H,A,Gio,Interceptions,,none,,,,,,,,
2026-06-04,36:12.5,2H,A,Gio,Key Passes,,none,,,,,,,,
2026-06-04,36:14.9,2H,A,James,On Target,,none,,,,,,,,
2026-06-04,36:15.2,2H,A,Andres,GK Saves,,none,,,,,,,,
2026-06-04,36:16.1,2H,B,Lachlan,Interceptions,,none,,,,,,,,
2026-06-04,36:16.6,2H,A,James,On Target,,none,,,,,,,,
2026-06-04,36:16.6,2H,B,Lachlan,Blocks,,none,,,,,,,,
2026-06-04,35:44.6,2H,B,Vijit,GK Removed,,,,,,,,,,
2026-06-04,35:44.6,2H,B,Alberto,GK On,,,,,,,,,,
2026-06-04,36:34.6,2H,B,Vijit,Key Passes,,none,,,,,,,,
2026-06-04,36:36.1,2H,B,Lach2,Off Target,,none,,,,,,,,
2026-06-04,36:36.1,2H,B,Lach2,Post,,none,,,,,,,,
2026-06-04,36:37.9,2H,A,Austin,Interceptions,,none,,,,,,,,
2026-06-04,36:39.6,2H,B,Vijit,Interceptions,,none,,,,,,,,
2026-06-04,36:45.1,2H,A,Gio,On Target,,none,,,,,,,,
2026-06-04,36:45.1,2H,A,Gio,Goals,Andres,highlight,none,0.7000,0.7040,0.0870,0.4960,,,
2026-06-04,37:08.8,2H,A,Gio,Interceptions,,none,,,,,,,,
2026-06-04,37:36.6,2H,A,James,Interceptions,,none,,,,,,,,
2026-06-04,37:37.4,2H,A,James,Interceptions,,none,,,,,,,,
2026-06-04,37:52.9,2H,A,Gio,Tackles,,none,,,,,,,,
2026-06-04,37:56.4,2H,A,James,On Target,,none,,,,,,,,
2026-06-04,37:56.4,2H,A,James,Nutmegs,,none,,,,,,,,
2026-06-04,37:56.4,2H,A,James,Goals,Gio,none,none,0.7960,0.2740,0.4150,0.6100,,,
2026-06-04,38:12.7,2H,A,Austin,Tackles,,none,,,,,,,,
2026-06-04,38:17.6,2H,A,Gio,On Target,,none,,,,,,,,
2026-06-04,38:17.6,2H,A,Gio,Goals,James,none,none,0.6960,0.1950,0.6140,0.4880,,,
2026-06-04,38:32.8,2H,A,Andres,GK Removed,,,,,,,,,,
2026-06-04,38:32.8,2H,A,James,GK On,,,,,,,,,,
2026-06-04,38:37.8,2H,B,Jake,Off Target,,none,,,,,,,,
2026-06-04,38:38.4,2H,A,James,GK Saves,,none,,,,,,,,
2026-06-04,38:51.8,2H,A,Richard,Interceptions,,none,,,,,,,,
2026-06-04,38:54.7,2H,B,Vijit,Interceptions,,none,,,,,,,,
2026-06-04,38:56.9,2H,A,Richard,Interceptions,,none,,,,,,,,
2026-06-04,39:03.5,2H,B,Lach2,Key Passes,,none,,,,,,,,
2026-06-04,39:07.7,2H,B,Lach2,On Target,,none,,,,,,,,
2026-06-04,39:07.7,2H,B,Lach2,Goals,Jake,none,none,0.7930,0.5200,0.8300,0.9130,,,
2026-06-04,39:29.8,2H,B,Jake,Tackles,,none,,,,,,,,
2026-06-04,39:31.8,2H,B,Jake,Off Target,,none,,,,,,,,
2026-06-04,39:32.4,2H,A,James,GK Saves,,none,,,,,,,,
2026-06-04,39:43.9,2H,B,Lach2,Key Passes,,none,,,,,,,,
2026-06-04,39:45.5,2H,B,Jake,On Target,,none,,,,,,,,
2026-06-04,39:45.9,2H,A,James,GK Saves,,highlight,,,,,,,,
2026-06-04,39:47.5,2H,B,Lach2,On Target,,none,,,,,,,,
2026-06-04,39:47.5,2H,B,Lach2,Goals,,none,none,0.8780,0.8490,,,,,
2026-06-04,40:13.3,2H,B,Vijit,Interceptions,,none,,,,,,,,
2026-06-04,40:16.0,2H,A,Andres,Tackles,,none,,,,,,,,
2026-06-04,40:18.3,2H,B,Lachlan,Tackles,,none,,,,,,,,
2026-06-04,40:26.8,2H,A,Richard,Interceptions,,none,,,,,,,,
2026-06-04,40:39.4,2H,B,Jake,Interceptions,,none,,,,,,,,
2026-06-04,40:46.9,2H,A,Austin,Interceptions,,none,,,,,,,,
2026-06-04,41:11.2,2H,B,Jake,Interceptions,,none,,,,,,,,
2026-06-04,41:11.4,2H,A,Richard,Nutmegs,,none,,,,,,,,
2026-06-04,41:12.4,2H,A,Austin,On Target,,none,,,,,,,,
2026-06-04,41:12.4,2H,A,Austin,Goals,,none,none,0.7730,0.1910,,,,,
2026-06-04,41:47.9,2H,A,Gio,Interceptions,,none,,,,,,,,
2026-06-04,41:51.9,2H,B,Lach2,Interceptions,,none,,,,,,,,
2026-06-04,41:52.3,2H,B,Alberto,GK Saves,,none,,,,,,,,
2026-06-04,42:01.1,2H,A,Richard,Interceptions,,none,,,,,,,,
2026-06-04,42:13.0,2H,A,Austin,Interceptions,,none,,,,,,,,
2026-06-04,42:26.2,2H,B,Lach2,Tackles,,none,,,,,,,,
2026-06-04,42:29.7,2H,A,Austin,Interceptions,,none,,,,,,,,
2026-06-04,42:37.7,2H,A,Gio,Interceptions,,none,,,,,,,,
2026-06-04,43:13.7,2H,B,Lach2,Key Passes,,none,,,,,,,,
2026-06-04,43:15.7,2H,B,Lachlan,On Target,,none,,,,,,,,
2026-06-04,43:15.8,2H,A,Richard,Blocks,,none,,,,,,,,
2026-06-04,43:39.1,2H,B,Lach2,Interceptions,,none,,,,,,,,
2026-06-04,43:45.8,2H,B,Vijit,Key Passes,,none,,,,,,,,
2026-06-04,43:47.1,2H,B,Jake,Off Target,,none,,,,,,,,
2026-06-04,43:57.5,2H,B,Alberto,Interceptions,,none,,,,,,,,
2026-06-04,43:58.7,2H,A,Andres,Key Passes,,none,,,,,,,,
2026-06-04,44:01.3,2H,A,Richard,On Target,,none,,,,,,,,
2026-06-04,44:01.7,2H,B,Alberto,GK Saves,,none,,,,,,,,
2026-06-04,44:04.7,2H,A,Andres,Key Passes,,none,,,,,,,,
2026-06-04,44:06.6,2H,A,Gio,On Target,,none,,,,,,,,
2026-06-04,44:07.0,2H,B,Alberto,GK Saves,,none,,,,,,,,
2026-06-04,44:13.5,2H,B,Lach2,Key Passes,,none,,,,,,,,
2026-06-04,44:15.3,2H,B,Vijit,On Target,,none,,,,,,,,
2026-06-04,44:15.4,2H,A,Richard,Blocks,,none,,,,,,,,
2026-06-04,44:23.5,2H,A,Andres,Key Passes,,none,,,,,,,,
2026-06-04,44:25.2,2H,A,Gio,On Target,,none,,,,,,,,
2026-06-04,44:25.4,2H,B,Alberto,GK Saves,,none,,,,,,,,
2026-06-04,44:54.6,2H,A,Austin,Tackles,,none,,,,,,,,
2026-06-04,44:54.6,2H,A,Austin,Nutmegs,,none,,,,,,,,
2026-06-04,45:11.3,2H,B,Vijit,Interceptions,,none,,,,,,,,
2026-06-04,45:19.7,2H,B,Jake,Interceptions,,none,,,,,,,,
2026-06-04,45:20.8,2H,A,Andres,Tackles,,none,,,,,,,,
2026-06-04,45:24.6,2H,B,Jake,Interceptions,,none,,,,,,,,
2026-06-04,45:32.8,2H,A,Richard,Interceptions,,none,,,,,,,,
2026-06-04,45:36.7,2H,B,Vijit,Key Passes,,none,,,,,,,,
2026-06-04,45:38.0,2H,B,Lachlan,On Target,,none,,,,,,,,
2026-06-04,45:38.3,2H,A,James,GK Saves,,none,,,,,,,,
2026-06-04,45:45.3,2H,B,Lach2,Tackles,,none,,,,,,,,
2026-06-04,45:46.7,2H,A,Austin,Tackles,,none,,,,,,,,
2026-06-04,45:48.6,2H,A,Gio,Nutmegs,,none,,,,,,,,
2026-06-04,45:48.6,2H,A,Gio,Key Passes,,none,,,,,,,,
2026-06-04,45:52.4,2H,A,Richard,On Target,,none,,,,,,,,
2026-06-04,45:52.5,2H,B,Lachlan,Blocks,,none,,,,,,,,
2026-06-04,45:58.5,2H,A,Gio,Key Passes,,none,,,,,,,,
2026-06-04,46:00.3,2H,A,Austin,Off Target,,none,,,,,,,,
2026-06-04,46:03.2,2H,A,Richard,Off Target,,none,,,,,,,,
2026-06-04,46:04.5,2H,A,Gio,Off Target,,none,,,,,,,,
2026-06-04,46:04.5,2H,B,Lachlan,Blocks,,none,,,,,,,,
2026-06-04,46:08.9,2H,B,Alberto,Key Passes,,none,,,,,,,,
2026-06-04,46:11.6,2H,B,Jake,Off Target,,none,,,,,,,,
2026-06-04,46:23.1,2H,B,Vijit,Interceptions,,none,,,,,,,,
2026-06-04,46:36.3,2H,A,Andres,Tackles,,none,,,,,,,,
2026-06-04,46:42.1,2H,A,Andres,On Target,,none,,,,,,,,
2026-06-04,46:42.5,2H,B,Alberto,GK Saves,,none,,,,,,,,
2026-06-04,46:52.2,2H,A,Andres,Interceptions,,none,,,,,,,,
2026-06-04,47:00.8,2H,A,Gio,Key Passes,,none,,,,,,,,
2026-06-04,47:01.8,2H,A,Andres,On Target,,none,,,,,,,,
2026-06-04,47:01.9,2H,B,Alberto,GK Saves,,none,,,,,,,,
2026-06-04,47:16.1,2H,A,Gio,Key Passes,,none,,,,,,,,
2026-06-04,47:17.7,2H,A,Andres,On Target,,none,,,,,,,,
2026-06-04,47:18.0,2H,B,Alberto,GK Saves,,none,,,,,,,,
2026-06-04,47:26.9,2H,A,Andres,Interceptions,,none,,,,,,,,
2026-06-04,47:35.5,2H,A,Gio,Key Passes,,none,,,,,,,,
2026-06-04,47:37.0,2H,A,Andres,Off Target,,none,,,,,,,,
2026-06-04,47:38.2,2H,A,Gio,On Target,,none,,,,,,,,
2026-06-04,47:38.2,2H,A,Gio,Goals,,highlight,none,0.8730,0.1120,,,,,
2026-06-04,48:02.7,2H,B,Lach2,Key Passes,,none,,,,,,,,
2026-06-04,48:04.1,2H,B,Lachlan,On Target,,none,,,,,,,,
2026-06-04,48:05.1,2H,A,James,GK Saves,,none,,,,,,,,
2026-06-04,48:10.6,2H,B,Vijit,Interceptions,,none,,,,,,,,
2026-06-04,48:22.1,2H,B,Vijit,Key Passes,,none,,,,,,,,
2026-06-04,48:25.8,2H,B,Jake,On Target,,none,,,,,,,,
2026-06-04,48:25.8,2H,B,Jake,Nutmegs,,none,,,,,,,,
2026-06-04,48:26.3,2H,A,James,GK Saves,,none,,,,,,,,
2026-06-04,48:34.2,2H,B,Lach2,Interceptions,,none,,,,,,,,
2026-06-04,48:35.2,2H,A,Richard,Interceptions,,none,,,,,,,,
2026-06-04,48:36.4,2H,A,Richard,On Target,,none,,,,,,,,
2026-06-04,48:36.4,2H,A,Richard,Goals,,highlight,none,0.7070,0.5860,,,,,
2026-06-11,00:00.0,1H,A,James,GK On,,,,,,,,,,
2026-06-11,00:00.0,1H,B,Vijit,GK On,,,,,,,,,,
2026-06-11,00:07.7,1H,B,Amin,Tackles,,none,,,,,,,,
2026-06-11,00:13.3,1H,B,Amin,On Target,,none,,,,,,,,
2026-06-11,00:13.8,1H,A,James,GK Saves,,none,,,,,,,,
2026-06-11,00:15.1,1H,B,Jake,On Target,,none,,,,,,,,
2026-06-11,00:15.3,1H,A,James,GK Saves,,none,,,,,,,,
2026-06-11,00:16.0,1H,B,Jake,On Target,,none,,,,,,,,
2026-06-11,00:16.0,1H,B,Jake,Goals,,none,none,0.8390,0.5360,,,0.3770,0.6450,left
2026-06-11,00:34.8,1H,B,Richard,Interceptions,,none,,,,,,,,
2026-06-11,00:39.5,1H,B,Lachlan,Interceptions,,none,,,,,,,,
2026-06-11,00:45.7,1H,B,Jake,On Target,,none,,,,,,,,
2026-06-11,00:45.7,1H,B,Jake,Goals,Richard,highlight,highlight,0.7300,0.7990,0.5340,0.1830,0.9480,0.8310,right
2026-06-11,01:02.2,1H,A,Ines,On Target,,none,,,,,,,,
2026-06-11,01:02.3,1H,B,Lachlan,Blocks,,none,,,,,,,,
2026-06-11,01:04.7,1H,A,Austin,Interceptions,,none,,,,,,,,
2026-06-11,01:21.0,1H,B,Richard,Nutmegs,,none,,,,,,,,
2026-06-11,01:31.5,1H,B,Lachlan,Nutmegs,,none,,,,,,,,
2026-06-11,01:37.0,1H,A,Ines,Off Target,,none,,,,,,,,
2026-06-11,02:04.6,1H,A,Alberto,Interceptions,,none,,,,,,,,
2026-06-11,02:19.4,1H,B,Amin,Tackles,,none,,,,,,,,
2026-06-11,02:21.7,1H,A,Alberto,Interceptions,,none,,,,,,,,
2026-06-11,02:27.4,1H,B,Amin,Interceptions,,none,,,,,,,,
2026-06-11,02:29.6,1H,A,Ines,Interceptions,,none,,,,,,,,
2026-06-11,02:30.2,1H,A,Ines,Key Passes,,none,,,,,,,,
2026-06-11,02:33.1,1H,A,Gio,On Target,,none,,,,,,,,
2026-06-11,02:33.2,1H,B,Richard,Blocks,,none,,,,,,,,
2026-06-11,02:37.8,1H,A,Gio,Key Passes,,none,,,,,,,,
2026-06-11,02:38.7,1H,A,Ines,Off Target,,none,,,,,,,,
2026-06-11,02:38.7,1H,A,Ines,Post,,none,,,,,,,,
2026-06-11,02:41.1,1H,B,Jake,Tackles,,none,,,,,,,,
2026-06-11,02:52.7,1H,A,Gio,Interceptions,,none,,,,,,,,
2026-06-11,03:07.8,1H,A,Alberto,Interceptions,,none,,,,,,,,
2026-06-11,03:18.7,1H,B,Lachlan,Key Passes,,none,,,,,,,,
2026-06-11,03:20.3,1H,B,Jake,Off Target,,none,,,,,,,,
2026-06-11,03:33.2,1H,B,Jake,Key Passes,,none,,,,,,,,
2026-06-11,03:34.2,1H,B,Richard,Off Target,,none,,,,,,,,
2026-06-11,03:37.3,1H,B,Lachlan,On Target,,none,,,,,,,,
2026-06-11,03:37.7,1H,A,James,GK Saves,,none,,,,,,,,
2026-06-11,03:39.7,1H,B,Richard,Key Passes,,none,,,,,,,,
2026-06-11,03:41.3,1H,B,Jake,On Target,,none,,,,,,,,
2026-06-11,03:41.3,1H,A,Gio,Blocks,,none,,,,,,,,
2026-06-11,03:44.2,1H,A,Gio,Key Passes,,none,,,,,,,,
2026-06-11,03:45.7,1H,A,Ines,Off Target,,none,,,,,,,,
2026-06-11,03:53.0,1H,A,Gio,Tackles,,none,,,,,,,,
2026-06-11,04:06.6,1H,B,Richard,Key Passes,,none,,,,,,,,
2026-06-11,04:09.1,1H,B,Amin,Off Target,,none,,,,,,,,
2026-06-11,04:09.5,1H,A,James,GK Saves,,none,,,,,,,,
2026-06-11,04:11.3,1H,B,Lachlan,Interceptions,,none,,,,,,,,
2026-06-11,04:19.4,1H,B,Richard,Tackles,,none,,,,,,,,
2026-06-11,04:20.9,1H,B,Richard,Off Target,,none,,,,,,,,
2026-06-11,04:26.4,1H,B,Jake,Interceptions,,none,,,,,,,,
2026-06-11,04:36.6,1H,B,Jake,Off Target,,none,,,,,,,,
2026-06-11,04:48.7,1H,B,Jake,Interceptions,,none,,,,,,,,
2026-06-11,04:51.6,1H,A,Gio,On Target,,none,,,,,,,,
2026-06-11,04:51.8,1H,B,Lachlan,Blocks,,none,,,,,,,,
2026-06-11,04:59.7,1H,B,Richard,Nutmegs,,none,,,,,,,,
2026-06-11,05:03.6,1H,A,Gio,Interceptions,,none,,,,,,,,
2026-06-11,05:15.7,1H,B,Vijit,GK Removed,,,,,,,,,,
2026-06-11,05:15.7,1H,B,Richard,GK On,,,,,,,,,,
2026-06-11,05:31.8,1H,A,Alberto,Tackles,,none,,,,,,,,
2026-06-11,05:35.5,1H,B,Jake,Off Target,,none,,,,,,,,
2026-06-11,05:48.3,1H,A,Alberto,Key Passes,,none,,,,,,,,
2026-06-11,05:49.8,1H,A,Gio,On Target,,none,,,,,,,,
2026-06-11,05:49.8,1H,B,Amin,Blocks,,none,,,,,,,,
2026-06-11,06:09.6,1H,A,Ines,Interceptions,,none,,,,,,,,
2026-06-11,06:18.9,1H,A,Gio,Interceptions,,none,,,,,,,,
2026-06-11,06:33.9,1H,B,Vijit,Key Passes,,none,,,,,,,,
2026-06-11,06:37.7,1H,B,Jake,Off Target,,none,,,,,,,,
2026-06-11,06:42.1,1H,B,Amin,Off Target,,none,,,,,,,,
2026-06-11,06:42.1,1H,B,Amin,Post,,none,,,,,,,,
2026-06-11,06:43.3,1H,B,Vijit,On Target,,none,,,,,,,,
2026-06-11,06:43.7,1H,A,James,GK Saves,,none,,,,,,,,
2026-06-11,06:46.8,1H,B,Lachlan,Interceptions,,none,,,,,,,,
2026-06-11,06:48.3,1H,A,Gio,Key Passes,,none,,,,,,,,
2026-06-11,06:49.8,1H,A,Alberto,On Target,,none,,,,,,,,
2026-06-11,06:50.2,1H,B,Richard,GK Saves,,none,,,,,,,,
2026-06-11,06:57.6,1H,B,Vijit,Key Passes,,none,,,,,,,,
2026-06-11,07:00.1,1H,B,Jake,Off Target,,none,,,,,,,,
2026-06-11,07:00.1,1H,B,Jake,Nutmegs,,none,,,,,,,,
2026-06-11,07:02.3,1H,B,Amin,On Target,,none,,,,,,,,
2026-06-11,07:02.6,1H,A,James,GK Saves,,none,,,,,,,,
2026-06-11,07:16.6,1H,B,Jake,Interceptions,,none,,,,,,,,
2026-06-11,07:18.8,1H,A,Ines,Tackles,,none,,,,,,,,
2026-06-11,07:20.6,1H,B,Amin,Off Target,,none,,,,,,,,
2026-06-11,07:25.1,1H,B,Jake,Interceptions,,none,,,,,,,,
2026-06-11,07:26.4,1H,A,Ines,Tackles,,none,,,,,,,,
2026-06-11,07:32.7,1H,A,Alberto,On Target,,none,,,,,,,,
2026-06-11,07:32.7,1H,A,Alberto,Goals,Gio,none,none,0.8410,0.6980,0.6430,0.5650,0.1670,0.5600,right
2026-06-11,08:07.8,1H,B,Lachlan,On Target,,none,,,,,,,,
2026-06-11,07:43.0,1H,A,James,GK Removed,,,,,,,,,,
2026-06-11,07:43.0,1H,A,Ines,GK On,,,,,,,,,,
2026-06-11,08:08.3,1H,A,Ines,GK Saves,,none,,,,,,,,
2026-06-11,08:29.0,1H,B,Vijit,Interceptions,,none,,,,,,,,
2026-06-11,08:49.6,1H,A,James,Interceptions,,none,,,,,,,,
2026-06-11,08:55.1,1H,A,Austin,On Target,,none,,,,,,,,
2026-06-11,08:55.1,1H,A,Austin,Goals,Alberto,none,none,0.8090,0.2550,0.8850,0.8020,0.2350,0.6310,right
2026-06-11,09:14.7,1H,A,Gio,Interceptions,,none,,,,,,,,
2026-06-11,09:19.2,1H,A,Gio,Key Passes,,none,,,,,,,,
2026-06-11,09:20.5,1H,A,James,On Target,,none,,,,,,,,
2026-06-11,09:20.7,1H,B,Richard,GK Saves,,none,,,,,,,,
2026-06-11,09:21.3,1H,A,Gio,Off Target,,none,,,,,,,,
2026-06-11,09:30.2,1H,B,Amin,Interceptions,,none,,,,,,,,
2026-06-11,09:33.4,1H,A,James,On Target,,none,,,,,,,,
2026-06-11,09:33.7,1H,B,Richard,GK Saves,,none,,,,,,,,
2026-06-11,09:43.3,1H,A,Alberto,Interceptions,,none,,,,,,,,
2026-06-11,09:45.5,1H,A,James,Interceptions,,none,,,,,,,,
2026-06-11,09:49.5,1H,B,Jake,Tackles,,none,,,,,,,,
2026-06-11,10:02.9,1H,B,Amin,Tackles,,none,,,,,,,,
2026-06-11,10:05.4,1H,A,James,Tackles,,none,,,,,,,,
2026-06-11,10:06.5,1H,A,Gio,Tackles,,none,,,,,,,,
2026-06-11,10:11.7,1H,A,James,On Target,,none,,,,,,,,
2026-06-11,10:11.7,1H,A,James,Goals,Austin,none,none,0.8620,0.6590,0.5950,0.6310,0.4180,0.9740,left
2026-06-11,10:11.7,1H,A,James,Nutmegs,,none,,,,,,,,
2026-06-11,10:38.4,1H,A,Alberto,Interceptions,,none,,,,,,,,
2026-06-11,10:45.8,1H,B,Vijit,Interceptions,,none,,,,,,,,
2026-06-11,10:47.7,1H,A,Gio,On Target,,none,,,,,,,,
2026-06-11,10:48.0,1H,B,Richard,GK Saves,,none,,,,,,,,
2026-06-11,10:51.6,1H,A,Austin,Interceptions,,none,,,,,,,,
2026-06-11,10:53.1,1H,B,Jake,Interceptions,,none,,,,,,,,
2026-06-11,10:55.8,1H,B,Lachlan,Key Passes,,none,,,,,,,,
2026-06-11,10:58.0,1H,B,Vijit,Off Target,,none,,,,,,,,
2026-06-11,11:08.9,1H,A,Austin,Nutmegs,,none,,,,,,,,
2026-06-11,11:11.5,1H,B,Amin,Nutmegs,,none,,,,,,,,
2026-06-11,11:12.3,1H,A,Alberto,Key Passes,,none,,,,,,,,
2026-06-11,11:14.4,1H,A,James,Off Target,,none,,,,,,,,
2026-06-11,11:14.4,1H,A,James,Nutmegs,,none,,,,,,,,
2026-06-11,11:29.1,1H,A,Austin,Interceptions,,none,,,,,,,,
2026-06-11,11:29.9,1H,B,Amin,Key Passes,,none,,,,,,,,
2026-06-11,11:32.2,1H,B,Vijit,On Target,,none,,,,,,,,
2026-06-11,11:32.8,1H,A,Alberto,Blocks,,none,,,,,,,,
2026-06-11,11:51.9,1H,A,James,On Target,,none,,,,,,,,
2026-06-11,11:51.9,1H,A,James,Goals,Ines,none,none,0.8980,0.0880,0.0740,0.6440,0.8500,0.7310,right
2026-06-11,12:14.7,1H,A,James,Key Passes,,none,,,,,,,,
2026-06-11,11:57.4,1H,A,Ines,GK Removed,,,,,,,,,,
2026-06-11,11:57.4,1H,A,Alberto,GK On,,,,,,,,,,
2026-06-11,12:16.6,1H,A,Ines,Off Target,,none,,,,,,,,
2026-06-11,12:31.2,1H,B,Amin,Nutmegs,,none,,,,,,,,
2026-06-11,12:32.8,1H,A,Gio,Interceptions,,none,,,,,,,,
2026-06-11,12:35.8,1H,B,Lachlan,Key Passes,,none,,,,,,,,
2026-06-11,12:36.8,1H,B,Amin,On Target,,none,,,,,,,,
2026-06-11,12:37.7,1H,A,Alberto,GK Saves,,none,,,,,,,,
2026-06-11,12:49.0,1H,B,Vijit,Interceptions,,none,,,,,,,,
2026-06-11,12:50.4,1H,A,James,On Target,,none,,,,,,,,
2026-06-11,12:50.6,1H,B,Richard,GK Saves,,none,,,,,,,,
2026-06-11,12:56.0,1H,A,Austin,Interceptions,,none,,,,,,,,
2026-06-11,13:16.4,1H,B,Jake,Tackles,,none,,,,,,,,
2026-06-11,13:18.4,1H,B,Jake,Off Target,,none,,,,,,,,
2026-06-11,13:24.7,1H,B,Vijit,Interceptions,,none,,,,,,,,
2026-06-11,13:26.8,1H,B,Vijit,On Target,,none,,,,,,,,
2026-06-11,13:26.8,1H,B,Vijit,Goals,,none,none,0.5860,0.8520,,,0.1240,0.9740,right
2026-06-11,13:54.0,1H,B,Amin,Key Passes,,none,,,,,,,,
2026-06-11,14:07.1,1H,A,James,Interceptions,,none,,,,,,,,
2026-06-11,14:08.5,1H,A,James,On Target,,none,,,,,,,,
2026-06-11,14:08.8,1H,B,Richard,GK Saves,,none,,,,,,,,
2026-06-11,14:14.0,1H,B,Richard,Key Passes,,none,,,,,,,,
2026-06-11,14:18.7,1H,B,Jake,On Target,,none,,,,,,,,
2026-06-11,14:19.5,1H,A,Alberto,GK Saves,,none,,,,,,,,
2026-06-11,14:24.0,1H,B,Lachlan,Tackles,,none,,,,,,,,
2026-06-11,14:24.0,1H,B,Lachlan,Key Passes,,none,,,,,,,,
2026-06-11,14:25.6,1H,B,Jake,Off Target,,none,,,,,,,,
2026-06-11,14:25.6,1H,B,Jake,Post,,none,,,,,,,,
2026-06-11,14:29.2,1H,B,Amin,Off Target,,none,,,,,,,,
2026-06-11,14:31.6,1H,B,Vijit,Off Target,,none,,,,,,,,
2026-06-11,14:49.3,1H,B,Lachlan,Interceptions,,none,,,,,,,,
2026-06-11,14:52.9,1H,A,Ines,Interceptions,,none,,,,,,,,
2026-06-11,15:02.4,1H,A,James,Interceptions,,none,,,,,,,,
2026-06-11,15:19.1,1H,A,James,Tackles,,none,,,,,,,,
2026-06-11,15:21.1,1H,B,Amin,Interceptions,,none,,,,,,,,
2026-06-11,15:25.3,1H,B,Jake,Interceptions,,none,,,,,,,,
2026-06-11,15:29.6,1H,B,Jake,On Target,,none,,,,,,,,
2026-06-11,15:29.8,1H,A,James,Blocks,,none,,,,,,,,
2026-06-11,15:42.6,1H,A,Gio,On Target,,none,,,,,,,,
2026-06-11,15:42.6,1H,A,Gio,Goals,Austin,none,none,0.7910,0.1450,0.2170,0.8150,0.1490,0.6170,left
2026-06-11,15:51.1,1H,B,Richard,GK Removed,,,,,,,,,,
2026-06-11,15:51.1,1H,B,Vijit,GK On,,,,,,,,,,
2026-06-11,15:58.3,1H,B,Richard,Key Passes,,none,,,,,,,,
2026-06-11,16:00.4,1H,B,Amin,Off Target,,none,,,,,,,,
2026-06-11,16:00.9,1H,A,Alberto,GK Saves,,none,,,,,,,,
2026-06-11,16:24.6,1H,B,Lachlan,Interceptions,,none,,,,,,,,
2026-06-11,16:36.0,1H,A,Gio,Interceptions,,none,,,,,,,,
2026-06-11,16:40.7,1H,B,Jake,Tackles,,none,,,,,,,,
2026-06-11,16:51.3,1H,A,Ines,Off Target,,none,,,,,,,,
2026-06-11,16:56.3,1H,A,Austin,Key Passes,,none,,,,,,,,
2026-06-11,16:57.2,1H,A,Gio,Off Target,,none,,,,,,,,
2026-06-11,16:57.2,1H,A,Gio,Post,,none,,,,,,,,
2026-06-11,17:05.3,1H,A,Austin,Tackles,,none,,,,,,,,
2026-06-11,17:11.1,1H,A,Austin,Key Passes,,none,,,,,,,,
2026-06-11,17:14.1,1H,B,Lachlan,On Target,,none,,,,,,,,
2026-06-11,17:14.3,1H,A,Alberto,GK Saves,,none,,,,,,,,
2026-06-11,17:15.8,1H,B,Lachlan,On Target,,none,,,,,,,,
2026-06-11,17:15.8,1H,B,Lachlan,Goals,,none,none,0.8570,0.3340,,,0.5000,0.5600,right
2026-06-11,17:32.9,1H,A,Ines,On Target,,none,,,,,,,,
2026-06-11,17:33.7,1H,B,Vijit,GK Saves,,none,,,,,,,,
2026-06-11,17:45.8,1H,B,Lachlan,Key Passes,,none,,,,,,,,
2026-06-11,17:48.4,1H,B,Amin,Off Target,,none,,,,,,,,
2026-06-11,17:50.7,1H,B,Jake,On Target,,none,,,,,,,,
2026-06-11,17:50.8,1H,A,Alberto,GK Saves,,none,,,,,,,,
2026-06-11,17:55.2,1H,A,Ines,On Target,,none,,,,,,,,
2026-06-11,17:55.4,1H,B,Lachlan,Blocks,,none,,,,,,,,
2026-06-11,18:02.4,1H,A,Gio,Off Target,,none,,,,,,,,
2026-06-11,18:23.3,1H,B,Lachlan,On Target,,none,,,,,,,,
2026-06-11,18:23.3,1H,B,Lachlan,Goals,Vijit,none,none,0.7750,0.0880,0.1330,0.4900,0.1560,0.3670,right
2026-06-11,18:46.4,1H,B,Richard,Interceptions,,none,,,,,,,,
2026-06-11,18:58.5,1H,B,Lachlan,Interceptions,,none,,,,,,,,
2026-06-11,19:01.4,1H,A,Gio,Key Passes,,none,,,,,,,,
2026-06-11,19:02.5,1H,A,James,On Target,,none,,,,,,,,
2026-06-11,19:02.6,1H,B,Lachlan,Blocks,,none,,,,,,,,
2026-06-11,19:07.7,1H,A,Gio,Interceptions,,none,,,,,,,,
2026-06-11,19:17.0,1H,A,Ines,Interceptions,,none,,,,,,,,
2026-06-11,19:26.3,1H,A,James,Key Passes,,none,,,,,,,,
2026-06-11,19:28.0,1H,A,Ines,On Target,,none,,,,,,,,
2026-06-11,19:28.1,1H,B,Vijit,GK Saves,,none,,,,,,,,
2026-06-11,19:33.3,1H,B,Vijit,Key Passes,,none,,,,,,,,
2026-06-11,19:33.3,1H,B,Amin,On Target,,none,,,,,,,,
2026-06-11,19:33.4,1H,A,Alberto,GK Saves,,none,,,,,,,,
2026-06-11,19:39.3,1H,A,James,Key Passes,,none,,,,,,,,
2026-06-11,19:40.5,1H,A,Gio,Off Target,,none,,,,,,,,
2026-06-11,19:42.6,1H,B,Lachlan,Key Passes,,none,,,,,,,,
2026-06-11,19:45.2,1H,B,Amin,On Target,,none,,,,,,,,
2026-06-11,19:45.3,1H,A,Austin,Blocks,,none,,,,,,,,
2026-06-11,19:49.2,1H,B,Amin,Key Passes,,none,,,,,,,,
2026-06-11,19:51.3,1H,B,Lachlan,Off Target,,none,,,,,,,,
2026-06-11,20:00.6,1H,B,Richard,Tackles,,none,,,,,,,,
2026-06-11,20:02.1,1H,A,James,Off Target,,none,,,,,,,,
2026-06-11,20:20.3,1H,B,Amin,Nutmegs,,none,,,,,,,,
2026-06-11,20:23.7,1H,A,James,Key Passes,,none,,,,,,,,
2026-06-11,20:01.5,1H,A,Alberto,GK Removed,,,,,,,,,,
2026-06-11,20:01.5,1H,A,Ines,GK On,,,,,,,,,,
2026-06-11,20:25.2,1H,A,Alberto,On Target,,none,,,,,,,,
2026-06-11,20:25.8,1H,B,Vijit,GK Saves,,none,,,,,,,,
2026-06-11,20:26.8,1H,B,Jake,Interceptions,,none,,,,,,,,
2026-06-11,20:34.5,1H,A,Austin,Interceptions,,none,,,,,,,,
2026-06-11,20:42.8,1H,B,Lachlan,Interceptions,,none,,,,,,,,
2026-06-11,21:00.3,1H,A,Alberto,Key Passes,,none,,,,,,,,
2026-06-11,21:01.6,1H,A,Gio,Off Target,,none,,,,,,,,
2026-06-11,21:03.5,1H,A,Alberto,Off Target,,none,,,,,,,,
2026-06-11,21:05.0,1H,A,James,On Target,,none,,,,,,,,
2026-06-11,21:05.0,1H,A,James,Goals,,none,none,0.8300,0.5360,,,0.9300,0.7520,right
2026-06-11,21:30.4,1H,A,Austin,Interceptions,,none,,,,,,,,
2026-06-11,21:31.9,1H,A,Austin,Nutmegs,,none,,,,,,,,
2026-06-11,21:41.3,1H,B,Richard,Interceptions,,none,,,,,,,,
2026-06-11,21:46.4,1H,B,Jake,On Target,,none,,,,,,,,
2026-06-11,21:46.4,1H,B,Jake,Nutmegs,,none,,,,,,,,
2026-06-11,21:46.4,1H,B,Jake,Goals,Richard,none,none,0.9100,0.8950,0.6390,0.5340,0.9210,0.8600,right
2026-06-11,22:22.3,1H,A,Alberto,Interceptions,,none,,,,,,,,
2026-06-11,22:23.2,1H,B,Lachlan,Interceptions,,none,,,,,,,,
2026-06-11,22:23.2,1H,B,Lachlan,Key Passes,,none,,,,,,,,
2026-06-11,22:27.3,1H,B,Amin,On Target,,none,,,,,,,,
2026-06-11,22:27.4,1H,A,Ines,GK Saves,,none,,,,,,,,
2026-06-11,22:38.8,1H,A,Alberto,Tackles,,none,,,,,,,,
2026-06-11,22:44.7,1H,B,Richard,Interceptions,,none,,,,,,,,
2026-06-11,22:44.7,1H,A,Austin,Nutmegs,,none,,,,,,,,
2026-06-11,22:46.1,1H,A,Alberto,On Target,,none,,,,,,,,
2026-06-11,22:46.2,1H,A,Alberto,Goals,,none,none,0.8000,0.4920,,,0.1210,0.7600,right
2026-06-11,22:47.2,1H,B,Vijit,GK Removed,,,,,,,,,,
2026-06-11,22:47.2,1H,B,Amin,GK On,,,,,,,,,,
2026-06-11,23:04.5,1H,A,Austin,Interceptions,,none,,,,,,,,
2026-06-11,23:11.8,1H,A,Austin,Tackles,,none,,,,,,,,
2026-06-11,23:20.5,1H,B,Lachlan,Interceptions,,none,,,,,,,,
2026-06-11,23:32.2,1H,A,James,On Target,,none,,,,,,,,
2026-06-11,23:32.2,1H,A,James,Goals,Alberto,highlight,none,0.8460,0.8120,0.3220,0.7050,0.3790,0.6740,right
2026-06-11,23:53.7,1H,A,Austin,Nutmegs,,none,,,,,,,,
2026-06-11,24:09.4,1H,B,Richard,Interceptions,,none,,,,,,,,
2026-06-11,24:10.1,1H,A,Alberto,Interceptions,,none,,,,,,,,
2026-06-11,23:44.0,1H,A,Ines,GK Removed,,,,,,,,,,
2026-06-11,23:44.0,1H,A,Gio,GK On,,,,,,,,,,
2026-06-11,24:15.0,1H,A,Ines,On Target,,none,,,,,,,,
2026-06-11,24:15.0,1H,A,Ines,Goals,James,none,none,0.5860,0.6190,0.5570,0.8280,0.1530,0.7100,right
2026-06-11,24:32.6,1H,A,Alberto,Interceptions,,none,,,,,,,,
2026-06-11,24:35.3,1H,B,Lachlan,Interceptions,,none,,,,,,,,
2026-06-11,24:52.5,1H,B,Vijit,Interceptions,,none,,,,,,,,
2026-06-11,24:54.1,1H,B,Vijit,On Target,,none,,,,,,,,
2026-06-11,24:54.2,1H,A,Alberto,Blocks,,none,,,,,,,,
2026-06-11,24:55.8,1H,A,Alberto,Tackles,,none,,,,,,,,
2026-06-11,24:59.1,1H,B,Richard,Interceptions,,none,,,,,,,,
2026-06-11,25:01.0,1H,B,Richard,Off Target,,none,,,,,,,,
2026-06-11,25:26.3,1H,B,Richard,Interceptions,,none,,,,,,,,
2026-06-11,25:28.1,1H,A,Ines,Tackles,,none,,,,,,,,
2026-06-11,25:28.8,1H,A,Austin,Key Passes,,none,,,,,,,,
2026-06-11,25:32.8,1H,A,James,Off Target,,none,,,,,,,,
2026-06-11,25:33.0,1H,A,James,Post,,none,,,,,,,,
2026-06-11,25:35.8,1H,B,Jake,Interceptions,,none,,,,,,,,
2026-06-11,25:43.8,1H,A,Austin,Nutmegs,,none,,,,,,,,
2026-06-11,25:44.7,1H,B,Vijit,Interceptions,,none,,,,,,,,
2026-06-11,25:46.4,1H,A,Austin,Key Passes,,none,,,,,,,,
2026-06-11,25:48.1,1H,A,Ines,Off Target,,none,,,,,,,,
2026-06-11,25:50.7,1H,A,Austin,Off Target,,none,,,,,,,,
2026-06-11,26:11.4,2H,A,Alberto,Tackles,,none,,,,,,,,
2026-06-11,25:59.8,2H,A,Gio,GK Removed,,,,,,,,,,
2026-06-11,25:59.8,2H,A,James,GK On,,,,,,,,,,
2026-06-11,25:59.8,2H,B,Amin,GK Removed,,,,,,,,,,
2026-06-11,25:59.8,2H,B,Jake,GK On,,,,,,,,,,
2026-06-11,26:14.5,2H,A,Ines,Tackles,,none,,,,,,,,
2026-06-11,26:16.7,2H,B,Amin,Off Target,,none,,,,,,,,
2026-06-11,26:16.7,2H,B,Amin,Post,,none,,,,,,,,
2026-06-11,26:18.3,2H,B,Amin,On Target,,none,,,,,,,,
2026-06-11,26:18.5,2H,A,James,GK Saves,,none,,,,,,,,
2026-06-11,26:22.2,2H,B,Richard,Interceptions,,none,,,,,,,,
2026-06-11,26:35.3,2H,B,Vijit,Interceptions,,none,,,,,,,,
2026-06-11,26:36.4,2H,A,Alberto,Interceptions,,none,,,,,,,,
2026-06-11,26:39.4,2H,B,Lachlan,Interceptions,,none,,,,,,,,
2026-06-11,26:40.7,2H,A,Alberto,Nutmegs,,none,,,,,,,,
2026-06-11,26:42.5,2H,B,Richard,Interceptions,,none,,,,,,,,
2026-06-11,26:51.8,2H,A,Gio,Off Target,,none,,,,,,,,
2026-06-11,26:53.2,2H,A,Alberto,On Target,,none,,,,,,,,
2026-06-11,26:53.3,2H,B,Jake,GK Saves,,none,,,,,,,,
2026-06-11,26:59.2,2H,A,Austin,Interceptions,,none,,,,,,,,
2026-06-11,27:03.3,2H,B,Richard,Interceptions,,none,,,,,,,,
2026-06-11,27:07.6,2H,B,Amin,On Target,,none,,,,,,,,
2026-06-11,27:07.6,2H,B,Amin,Goals,Richard,highlight,highlight,0.8220,0.2810,0.7210,0.8630,0.3660,0.6520,left
2026-06-11,27:31.1,2H,B,Richard,Interceptions,,none,,,,,,,,
2026-06-11,27:35.7,2H,A,Ines,Interceptions,,none,,,,,,,,
2026-06-11,27:38.9,2H,A,Alberto,Key Passes,,none,,,,,,,,
2026-06-11,28:12.2,2H,B,Vijit,Interceptions,,none,,,,,,,,
2026-06-11,28:18.7,2H,B,Amin,Interceptions,,none,,,,,,,,
2026-06-11,28:24.0,2H,A,Austin,Nutmegs,,none,,,,,,,,
2026-06-11,28:27.9,2H,A,Gio,Interceptions,,none,,,,,,,,
2026-06-11,28:37.2,2H,B,Vijit,Interceptions,,none,,,,,,,,
2026-06-11,28:52.5,2H,B,Amin,Nutmegs,,none,,,,,,,,
2026-06-11,28:52.5,2H,A,Austin,Interceptions,,none,,,,,,,,
2026-06-11,29:04.6,2H,B,Lachlan,Interceptions,,none,,,,,,,,
2026-06-11,29:09.0,2H,A,Ines,Interceptions,,none,,,,,,,,
2026-06-11,29:12.3,2H,A,Ines,On Target,,none,,,,,,,,
2026-06-11,29:12.5,2H,B,Lachlan,Blocks,,none,,,,,,,,
2026-06-11,29:19.1,2H,B,Lachlan,Interceptions,,none,,,,,,,,
2026-06-11,29:19.7,2H,B,Lachlan,Key Passes,,none,,,,,,,,
2026-06-11,29:22.4,2H,B,Amin,Off Target,,none,,,,,,,,
2026-06-11,29:23.8,2H,B,Amin,On Target,,none,,,,,,,,
2026-06-11,29:24.2,2H,A,James,GK Saves,,none,,,,,,,,
2026-06-11,29:44.9,2H,B,Lachlan,Tackles,,none,,,,,,,,
2026-06-11,29:52.7,2H,B,Amin,Key Passes,,none,,,,,,,,
2026-06-11,29:54.1,2H,B,Lachlan,Off Target,,none,,,,,,,,
2026-06-11,29:58.3,2H,B,Richard,Interceptions,,none,,,,,,,,
2026-06-11,30:00.4,2H,A,Ines,Tackles,,none,,,,,,,,
2026-06-11,30:04.8,2H,A,Gio,On Target,,none,,,,,,,,
2026-06-11,30:04.8,2H,A,Gio,Goals,Alberto,none,none,0.7970,0.4790,0.4980,0.1620,0.9950,0.8670,right
2026-06-11,30:24.5,2H,B,Jake,GK Removed,,,,,,,,,,
2026-06-11,30:24.5,2H,B,Richard,GK On,,,,,,,,,,
2026-06-11,30:32.3,2H,B,Richard,On Target,,none,,,,,,,,
2026-06-11,30:32.3,2H,B,Richard,Goals,,lowlight,none,0.1180,0.4920,,,0.4550,0.6020,right
2026-06-11,30:49.6,2H,A,James,GK Removed,,,,,,,,,,
2026-06-11,30:49.6,2H,A,Ines,GK On,,,,,,,,,,
2026-06-11,30:58.6,2H,A,James,Nutmegs,,none,,,,,,,,
2026-06-11,31:10.2,2H,A,Alberto,Tackles,,none,,,,,,,,
2026-06-11,31:10.7,2H,A,Alberto,Key Passes,,none,,,,,,,,
2026-06-11,31:12.9,2H,A,Austin,On Target,,none,,,,,,,,
2026-06-11,31:13.3,2H,B,Richard,GK Saves,,none,,,,,,,,
2026-06-11,31:14.6,2H,B,Lachlan,Interceptions,,none,,,,,,,,
2026-06-11,31:20.9,2H,A,James,Interceptions,,none,,,,,,,,
2026-06-11,31:24.8,2H,B,Jake,Interceptions,,none,,,,,,,,
2026-06-11,31:30.5,2H,B,Amin,On Target,,none,,,,,,,,
2026-06-11,31:30.5,2H,A,Alberto,Blocks,,none,,,,,,,,
2026-06-11,31:33.2,2H,B,Amin,Key Passes,,none,,,,,,,,
2026-06-11,31:34.9,2H,B,Jake,Off Target,,none,,,,,,,,
2026-06-11,31:47.3,2H,B,Richard,Interceptions,,none,,,,,,,,
2026-06-11,31:49.9,2H,A,Gio,Interceptions,,none,,,,,,,,
2026-06-11,31:59.7,2H,A,Gio,Key Passes,,none,,,,,,,,
2026-06-11,32:00.8,2H,A,Austin,On Target,,none,,,,,,,,
2026-06-11,32:01.1,2H,B,Lachlan,Blocks,,none,,,,,,,,
2026-06-11,32:05.2,2H,B,Amin,Off Target,,none,,,,,,,,
2026-06-11,32:05.6,2H,A,Alberto,Blocks,,none,,,,,,,,
2026-06-11,32:08.8,2H,B,Lachlan,Off Target,,none,,,,,,,,
2026-06-11,32:08.9,2H,A,Alberto,Blocks,,none,,,,,,,,
2026-06-11,32:10.2,2H,B,Lachlan,Off Target,,none,,,,,,,,
2026-06-11,32:18.0,2H,B,Vijit,Interceptions,,none,,,,,,,,
2026-06-11,32:25.2,2H,B,Lachlan,On Target,,none,,,,,,,,
2026-06-11,32:25.3,2H,A,Ines,GK Saves,,none,,,,,,,,
2026-06-11,32:31.7,2H,B,Vijit,Interceptions,,none,,,,,,,,
2026-06-11,32:42.1,2H,A,Alberto,Interceptions,,none,,,,,,,,
2026-06-11,32:50.9,2H,B,Vijit,Interceptions,,none,,,,,,,,
2026-06-11,32:52.4,2H,A,Gio,Interceptions,,none,,,,,,,,
2026-06-11,32:57.1,2H,A,Gio,On Target,,none,,,,,,,,
2026-06-11,32:57.1,2H,A,Gio,Goals,James,none,none,0.8420,0.5360,0.7850,0.2230,0.4980,0.9310,right
2026-06-11,33:11.2,2H,B,Jake,Key Passes,,none,,,,,,,,
2026-06-11,33:14.1,2H,B,Amin,Off Target,,none,,,,,,,,
2026-06-11,33:18.4,2H,B,Lachlan,Key Passes,,none,,,,,,,,
2026-06-11,33:19.3,2H,B,Vijit,Off Target,,none,,,,,,,,
2026-06-11,33:30.0,2H,B,Lachlan,Interceptions,,none,,,,,,,,
2026-06-11,33:31.1,2H,B,Lachlan,Nutmegs,,none,,,,,,,,
2026-06-11,33:31.1,2H,B,Lachlan,Key Passes,,none,,,,,,,,
2026-06-11,33:33.0,2H,B,Amin,On Target,,none,,,,,,,,
2026-06-11,33:33.1,2H,A,Alberto,Blocks,,none,,,,,,,,
2026-06-11,33:34.8,2H,B,Amin,Key Passes,,none,,,,,,,,
2026-06-11,33:36.0,2H,B,Lachlan,On Target,,none,,,,,,,,
2026-06-11,33:36.2,2H,A,Ines,GK Saves,,none,,,,,,,,
2026-06-11,33:40.5,2H,A,Gio,Interceptions,,none,,,,,,,,
2026-06-11,33:42.2,2H,B,Vijit,Tackles,,none,,,,,,,,
2026-06-11,33:42.3,2H,B,Vijit,Key Passes,,none,,,,,,,,
2026-06-11,33:43.3,2H,B,Lachlan,On Target,,none,,,,,,,,
2026-06-11,33:43.6,2H,A,Ines,GK Saves,,none,,,,,,,,
2026-06-11,33:48.2,2H,A,James,On Target,,none,,,,,,,,
2026-06-11,33:48.2,2H,A,James,Goals,Ines,none,none,0.8120,0.8560,0.1060,0.4600,0.1860,0.7950,right
2026-06-11,34:09.7,2H,A,Austin,Interceptions,,none,,,,,,,,
2026-06-11,34:12.0,2H,B,Lachlan,Interceptions,,none,,,,,,,,
2026-06-11,34:12.0,2H,B,Lachlan,On Target,,none,,,,,,,,
2026-06-11,34:12.0,2H,B,Lachlan,Nutmegs,,none,,,,,,,,
2026-06-11,34:12.0,2H,B,Lachlan,Goals,,none,none,0.8060,0.3380,,,0.5000,0.7020,right
2026-06-11,34:24.2,2H,A,Ines,GK Removed,,,,,,,,,,
2026-06-11,34:24.2,2H,A,Alberto,GK On,,,,,,,,,,
2026-06-11,34:34.2,2H,B,Lachlan,Interceptions,,none,,,,,,,,
2026-06-11,34:42.0,2H,A,Gio,Key Passes,,none,,,,,,,,
2026-06-11,34:43.7,2H,A,James,On Target,,none,,,,,,,,
2026-06-11,34:43.8,2H,B,Jake,Blocks,,none,,,,,,,,
2026-06-11,34:57.8,2H,A,Austin,Interceptions,,none,,,,,,,,
2026-06-11,35:05.2,2H,B,Amin,On Target,,none,,,,,,,,
2026-06-11,35:05.2,2H,B,Amin,Nutmegs,,none,,,,,,,,
2026-06-11,35:05.2,2H,B,Amin,Goals,Lachlan,highlight,highlight,0.8030,0.1760,0.1880,0.1480,0.5890,0.7310,left
2026-06-11,35:19.8,2H,A,Austin,Off Target,,none,,,,,,,,
2026-06-11,35:23.8,2H,A,Austin,Interceptions,,none,,,,,,,,
2026-06-11,35:30.2,2H,B,Amin,Off Target,,none,,,,,,,,
2026-06-11,35:35.8,2H,B,Lachlan,Tackles,,none,,,,,,,,
2026-06-11,35:38.9,2H,A,Gio,On Target,,none,,,,,,,,
2026-06-11,35:38.9,2H,A,Gio,Goals,James,none,none,0.7620,0.4130,0.6050,0.6970,0.1520,0.7450,right
2026-06-11,36:05.9,2H,A,Gio,Interceptions,,none,,,,,,,,
2026-06-11,36:08.5,2H,B,Jake,Tackles,,none,,,,,,,,
2026-06-11,36:13.5,2H,B,Vijit,Interceptions,,none,,,,,,,,
2026-06-11,36:15.3,2H,A,Austin,Tackles,,none,,,,,,,,
2026-06-11,36:20.8,2H,B,Vijit,Interceptions,,none,,,,,,,,
2026-06-11,36:25.8,2H,B,Jake,Tackles,,none,,,,,,,,
2026-06-11,36:28.0,2H,A,James,Key Passes,,none,,,,,,,,
2026-06-11,36:29.4,2H,A,Gio,On Target,,none,,,,,,,,
2026-06-11,36:29.5,2H,B,Vijit,Blocks,,none,,,,,,,,
2026-06-11,36:30.8,2H,A,Gio,Key Passes,,none,,,,,,,,
2026-06-11,36:31.5,2H,A,Ines,On Target,,none,,,,,,,,
2026-06-11,36:31.5,2H,B,Amin,Blocks,,none,,,,,,,,
2026-06-11,36:33.1,2H,A,Austin,On Target,,none,,,,,,,,
2026-06-11,36:33.6,2H,B,Richard,GK Saves,,none,,,,,,,,
2026-06-11,36:44.2,2H,A,Gio,Interceptions,,none,,,,,,,,
2026-06-11,36:46.6,2H,B,Lachlan,Interceptions,,none,,,,,,,,
2026-06-11,37:58.7,2H,A,Austin,On Target,,none,,,,,,,,
2026-06-11,37:59.4,2H,B,Richard,GK Saves,,none,,,,,,,,
2026-06-11,38:07.1,2H,A,Ines,Tackles,,none,,,,,,,,
2026-06-11,38:16.5,2H,A,Austin,Interceptions,,none,,,,,,,,
2026-06-11,38:20.2,2H,B,Amin,Tackles,,none,,,,,,,,
2026-06-11,38:23.7,2H,B,Amin,On Target,,none,,,,,,,,
2026-06-11,38:23.9,2H,A,Alberto,GK Saves,,none,,,,,,,,
2026-06-11,38:28.2,2H,A,Alberto,Key Passes,,none,,,,,,,,
2026-06-11,38:32.7,2H,A,James,On Target,,none,,,,,,,,
2026-06-11,38:32.9,2H,B,Richard,GK Saves,,none,,,,,,,,
2026-06-11,38:40.9,2H,B,Vijit,Off Target,,none,,,,,,,,
2026-06-11,38:32.6,2H,A,Alberto,GK Removed,,,,,,,,,,
2026-06-11,38:32.6,2H,A,Ines,GK On,,,,,,,,,,
2026-06-11,38:43.2,2H,A,Alberto,Interceptions,,none,,,,,,,,
2026-06-11,38:54.5,2H,B,Amin,Interceptions,,none,,,,,,,,
2026-06-11,38:58.7,2H,B,Vijit,Off Target,,none,,,,,,,,
2026-06-11,39:03.4,2H,B,Lachlan,Interceptions,,none,,,,,,,,
2026-06-11,39:06.5,2H,B,Lachlan,Interceptions,,none,,,,,,,,
2026-06-11,39:14.1,2H,A,Alberto,Tackles,,none,,,,,,,,
2026-06-11,39:20.8,2H,B,Jake,Interceptions,,none,,,,,,,,
2026-06-11,39:26.0,2H,B,Lachlan,Key Passes,,none,,,,,,,,
2026-06-11,39:27.7,2H,B,Amin,Off Target,,none,,,,,,,,
2026-06-11,39:33.8,2H,A,Alberto,Off Target,,none,,,,,,,,
2026-06-11,39:33.8,2H,A,Alberto,Post,,none,,,,,,,,
2026-06-11,39:38.2,2H,B,Jake,Interceptions,,none,,,,,,,,
2026-06-11,39:39.9,2H,B,Jake,Tackles,,none,,,,,,,,
2026-06-11,39:43.5,2H,B,Jake,Off Target,,none,,,,,,,,
2026-06-11,39:45.4,2H,B,Amin,Off Target,,none,,,,,,,,
2026-06-11,39:53.7,2H,A,Austin,Off Target,,none,,,,,,,,
2026-06-11,39:56.5,2H,A,James,Key Passes,,none,,,,,,,,
2026-06-11,39:57.7,2H,A,Gio,On Target,,none,,,,,,,,
2026-06-11,39:58.1,2H,B,Lachlan,Blocks,,none,,,,,,,,
2026-06-11,40:01.7,2H,B,Jake,Interceptions,,none,,,,,,,,
2026-06-11,40:09.6,2H,B,Amin,Tackles,,none,,,,,,,,
2026-06-11,40:16.2,2H,B,Richard,Key Passes,,none,,,,,,,,
2026-06-11,40:19.0,2H,B,Lachlan,Off Target,,none,,,,,,,,
2026-06-11,40:20.4,2H,B,Vijit,Off Target,,none,,,,,,,,
2026-06-11,40:29.0,2H,B,Lachlan,Interceptions,,none,,,,,,,,
2026-06-11,40:31.6,2H,A,Austin,Interceptions,,none,,,,,,,,
2026-06-11,40:31.6,2H,A,Austin,Key Passes,,none,,,,,,,,
2026-06-11,40:33.7,2H,A,James,On Target,,none,,,,,,,,
2026-06-11,40:34.3,2H,B,Richard,GK Saves,,none,,,,,,,,
2026-06-11,40:36.7,2H,A,James,Interceptions,,none,,,,,,,,
2026-06-11,40:51.2,2H,A,James,Nutmegs,,none,,,,,,,,
2026-06-11,40:59.0,2H,A,Gio,Nutmegs,,none,,,,,,,,
2026-06-11,40:59.3,2H,B,Lachlan,Interceptions,,none,,,,,,,,
2026-06-11,41:24.4,2H,A,James,Key Passes,,none,,,,,,,,
2026-06-11,41:26.6,2H,A,Alberto,Off Target,,none,,,,,,,,
2026-06-11,41:26.6,2H,A,Alberto,Post,,none,,,,,,,,
2026-06-11,41:32.3,2H,B,Amin,Interceptions,,none,,,,,,,,
2026-06-11,41:39.5,2H,B,Lachlan,Key Passes,,none,,,,,,,,
2026-06-11,41:41.6,2H,B,Jake,Off Target,,none,,,,,,,,
2026-06-11,41:42.9,2H,B,Lachlan,On Target,,none,,,,,,,,
2026-06-11,41:43.7,2H,A,Ines,GK Saves,,none,,,,,,,,
2026-06-11,41:48.3,2H,B,Amin,Interceptions,,none,,,,,,,,
2026-06-11,41:53.1,2H,B,Richard,Interceptions,,none,,,,,,,,
2026-06-11,41:58.3,2H,B,Richard,Key Passes,,none,,,,,,,,
2026-06-11,42:01.5,2H,A,James,Tackles,,none,,,,,,,,
2026-06-11,42:02.3,2H,B,Lachlan,Off Target,,none,,,,,,,,
2026-06-11,42:03.5,2H,B,Lachlan,On Target,,none,,,,,,,,
2026-06-11,42:03.6,2H,A,Ines,GK Saves,,none,,,,,,,,
2026-06-11,42:06.7,2H,A,James,Interceptions,,none,,,,,,,,
2026-06-11,42:12.1,2H,A,Alberto,Key Passes,,none,,,,,,,,
2026-06-11,42:14.0,2H,A,Gio,On Target,,none,,,,,,,,
2026-06-11,42:14.2,2H,B,Richard,GK Saves,,none,,,,,,,,
2026-06-11,42:28.7,2H,B,Vijit,Interceptions,,none,,,,,,,,
2026-06-11,42:29.8,2H,A,Gio,Nutmegs,,none,,,,,,,,
2026-06-11,42:30.6,2H,A,Austin,Key Passes,,none,,,,,,,,
2026-06-11,42:32.4,2H,A,Gio,On Target,,none,,,,,,,,
2026-06-11,42:32.5,2H,B,Richard,GK Saves,,none,,,,,,,,
2026-06-11,42:39.9,2H,B,Vijit,Interceptions,,none,,,,,,,,
2026-06-11,42:44.2,2H,B,Lachlan,Interceptions,,none,,,,,,,,
2026-06-11,42:48.0,2H,B,Jake,Tackles,,none,,,,,,,,
2026-06-11,42:50.7,2H,A,Alberto,Interceptions,,none,,,,,,,,
2026-06-11,42:54.2,2H,A,Gio,Key Passes,,none,,,,,,,,
2026-06-11,42:55.1,2H,A,Austin,On Target,,none,,,,,,,,
2026-06-11,42:55.2,2H,B,Lachlan,Blocks,,none,,,,,,,,
2026-06-11,42:56.4,2H,A,Austin,On Target,,none,,,,,,,,
2026-06-11,42:56.4,2H,B,Lachlan,Blocks,,none,,,,,,,,
2026-06-11,43:05.4,2H,A,James,Interceptions,,none,,,,,,,,
2026-06-11,43:09.9,2H,A,Austin,On Target,,none,,,,,,,,
2026-06-11,43:09.9,2H,A,Austin,Goals,Gio,highlight,none,0.8220,0.7770,0.7170,0.2840,0.7600,0.2450,right
2026-06-11,43:36.1,2H,B,Jake,On Target,,none,,,,,,,,
2026-06-11,43:19.2,2H,A,Ines,GK Removed,,,,,,,,,,
2026-06-11,43:19.2,2H,A,James,GK On,,,,,,,,,,
2026-06-11,43:36.5,2H,A,James,GK Saves,,none,,,,,,,,
2026-06-11,43:13.5,2H,B,Richard,GK Removed,,,,,,,,,,
2026-06-11,43:13.5,2H,B,Vijit,GK On,,,,,,,,,,
2026-06-11,43:37.5,2H,B,Richard,On Target,,none,,,,,,,,
2026-06-11,43:37.7,2H,A,James,GK Saves,,none,,,,,,,,
2026-06-11,43:38.7,2H,B,Richard,On Target,,none,,,,,,,,
2026-06-11,43:38.7,2H,B,Richard,Goals,,highlight,none,0.8350,0.3380,,,0.8010,0.8450,right
2026-06-11,43:59.0,2H,B,Richard,Off Target,,none,,,,,,,,
2026-06-11,43:57.2,2H,B,Richard,Tackles,,none,,,,,,,,
2026-06-11,44:00.8,2H,B,Lachlan,On Target,,none,,,,,,,,
2026-06-11,44:00.8,2H,B,Lachlan,Goals,,none,none,0.8030,0.5010,,,0.5000,0.6740,right
2026-06-11,44:18.6,2H,A,Austin,Nutmegs,,none,,,,,,,,
2026-06-11,44:21.2,2H,B,Amin,Tackles,,none,,,,,,,,
2026-06-11,44:22.8,2H,A,Austin,On Target,,none,,,,,,,,
2026-06-11,44:23.4,2H,B,Vijit,GK Saves,,none,,,,,,,,
2026-06-11,44:30.1,2H,A,Alberto,Tackles,,none,,,,,,,,
2026-06-11,44:40.9,2H,B,Richard,Key Passes,,none,,,,,,,,
2026-06-11,44:42.9,2H,B,Amin,On Target,,none,,,,,,,,
2026-06-11,44:43.1,2H,A,Alberto,Blocks,,none,,,,,,,,
2026-06-11,44:54.2,2H,B,Richard,Interceptions,,none,,,,,,,,
2026-06-11,45:02.1,2H,A,Alberto,Interceptions,,none,,,,,,,,
2026-06-11,45:16.5,2H,B,Richard,Interceptions,,none,,,,,,,,
2026-06-11,45:20.6,2H,A,Austin,Tackles,,none,,,,,,,,
2026-06-11,45:26.2,2H,B,Amin,Off Target,,none,,,,,,,,
2026-06-11,45:26.2,2H,B,Amin,Post,,none,,,,,,,,
2026-06-11,45:29.2,2H,B,Lachlan,Key Passes,,none,,,,,,,,
2026-06-11,45:29.9,2H,B,Amin,Off Target,,none,,,,,,,,
2026-06-11,45:47.5,2H,B,Lachlan,Off Target,,none,,,,,,,,
2026-06-11,45:50.4,2H,B,Amin,On Target,,none,,,,,,,,
2026-06-11,45:50.6,2H,A,James,GK Saves,,none,,,,,,,,
2026-06-11,46:15.7,2H,B,Richard,Tackles,,none,,,,,,,,
2026-06-11,46:40.1,2H,A,Austin,Key Passes,,none,,,,,,,,
2026-06-11,46:41.5,2H,A,Ines,On Target,,none,,,,,,,,
2026-06-11,46:42.2,2H,B,Vijit,GK Saves,,none,,,,,,,,
2026-06-11,46:45.2,2H,A,Austin,Nutmegs,,none,,,,,,,,
2026-06-11,46:45.2,2H,A,Austin,On Target,,none,,,,,,,,
2026-06-11,46:45.3,2H,B,Richard,Blocks,,none,,,,,,,,
2026-06-11,46:50.7,2H,A,Alberto,On Target,,none,,,,,,,,
2026-06-11,46:50.9,2H,B,Vijit,GK Saves,,none,,,,,,,,
2026-06-11,46:51.9,2H,A,Alberto,On Target,,none,,,,,,,,
2026-06-11,46:51.9,2H,B,Vijit,GK Saves,,none,,,,,,,,
2026-06-11,47:46.3,2H,B,Richard,Interceptions,,none,,,,,,,,
2026-06-11,47:49.5,2H,B,Amin,Key Passes,,none,,,,,,,,
2026-06-11,47:50.7,2H,B,Richard,Off Target,,none,,,,,,,,
2026-06-11,47:50.7,2H,B,Richard,Post,,none,,,,,,,,
2026-06-11,48:02.8,2H,B,Jake,Key Passes,,none,,,,,,,,
2026-06-11,48:06.5,2H,B,Richard,Off Target,,none,,,,,,,,
2026-06-11,48:06.9,2H,A,James,GK Saves,,none,,,,,,,,
2026-06-11,48:13.4,2H,A,Alberto,Off Target,,none,,,,,,,,
2026-06-11,48:14.9,2H,A,Alberto,Key Passes,,none,,,,,,,,
2026-06-11,48:16.1,2H,A,Austin,Off Target,,none,,,,,,,,
2026-06-11,48:27.1,2H,A,Austin,Nutmegs,,none,,,,,,,,
2026-06-11,48:33.9,2H,B,Lachlan,Nutmegs,,none,,,,,,,,
2026-06-11,48:33.9,2H,B,Lachlan,Key Passes,,none,,,,,,,,
2026-06-11,48:35.2,2H,B,Amin,On Target,,none,,,,,,,,
2026-06-11,48:35.4,2H,A,James,GK Saves,,none,,,,,,,,
2026-06-11,48:38.8,2H,B,Jake,Interceptions,,none,,,,,,,,
2026-06-11,48:40.0,2H,B,Jake,On Target,,none,,,,,,,,
2026-06-11,48:40.2,2H,A,Austin,Blocks,,none,,,,,,,,
2026-06-11,48:44.9,2H,A,Ines,Tackles,,none,,,,,,,,
2026-06-11,48:49.4,2H,B,Jake,Interceptions,,none,,,,,,,,
2026-06-11,48:57.9,2H,A,Ines,Key Passes,,none,,,,,,,,
2026-06-11,48:59.5,2H,A,Alberto,On Target,,none,,,,,,,,
2026-06-11,48:59.7,2H,B,Vijit,GK Saves,,none,,,,,,,,
2026-06-11,49:01.3,2H,A,Gio,Off Target,,none,,,,,,,,
2026-06-11,49:05.9,2H,B,Vijit,Key Passes,,none,,,,,,,,
2026-06-11,49:09.0,2H,B,Jake,Off Target,,none,,,,,,,,
2026-06-11,49:17.2,2H,B,Jake,Interceptions,,none,,,,,,,,
2026-06-11,49:20.0,2H,B,Jake,Key Passes,,none,,,,,,,,
2026-06-11,49:21.6,2H,B,Amin,On Target,,none,,,,,,,,
2026-06-11,49:21.7,2H,A,Gio,Blocks,,none,,,,,,,,
2026-06-11,49:56.2,2H,A,Ines,Interceptions,,none,,,,,,,,
2026-06-11,49:58.7,2H,A,Gio,On Target,,none,,,,,,,,
2026-06-11,49:58.7,2H,A,Gio,Goals,Ines,none,none,0.7650,0.8120,0.5250,0.9120,0.0020,0.6310,right
2026-06-11,50:18.2,2H,B,Amin,Key Passes,,none,,,,,,,,
2026-06-11,50:20.7,2H,B,Jake,Off Target,,none,,,,,,,,
2026-06-11,50:20.7,2H,B,Jake,Nutmegs,,none,,,,,,,,
2026-06-11,50:20.7,2H,B,Jake,Post,,none,,,,,,,,
2026-06-11,50:31.2,2H,B,Richard,Interceptions,,none,,,,,,,,
2026-06-11,50:43.1,2H,B,Amin,Interceptions,,none,,,,,,,,
2026-06-11,50:48.4,2H,A,Austin,Interceptions,,none,,,,,,,,
2026-06-11,50:55.8,2H,B,Lachlan,Interceptions,,none,,,,,,,,
2026-06-11,51:08.4,2H,A,Ines,Interceptions,,none,,,,,,,,
2026-06-11,51:09.1,2H,B,Richard,Interceptions,,none,,,,,,,,
2026-06-11,51:14.2,2H,A,Alberto,Key Passes,,none,,,,,,,,
2026-06-11,51:15.2,2H,A,Gio,Off Target,,none,,,,,,,,
2026-06-11,51:19.6,2H,A,Gio,Key Passes,,none,,,,,,,,
2026-06-11,51:20.5,2H,A,Ines,On Target,,none,,,,,,,,
2026-06-11,51:21.0,2H,B,Vijit,GK Saves,,none,,,,,,,,
2026-06-11,51:44.8,2H,A,James,Key Passes,,none,,,,,,,,
2026-06-11,51:48.3,2H,A,Gio,On Target,,none,,,,,,,,
2026-06-11,51:48.4,2H,B,Richard,Blocks,,none,,,,,,,,
2026-06-11,52:00.4,2H,A,Austin,Interceptions,,none,,,,,,,,
2026-06-11,52:02.0,2H,A,Austin,Nutmegs,,none,,,,,,,,
2026-06-11,52:02.6,2H,B,Richard,Interceptions,,none,,,,,,,,
2026-06-11,52:04.9,2H,A,Austin,Tackles,,none,,,,,,,,
2026-06-11,52:07.4,2H,B,Amin,Interceptions,,none,,,,,,,,
2026-06-11,52:10.1,2H,A,Austin,Key Passes,,none,,,,,,,,
2026-06-11,52:12.6,2H,A,Alberto,Off Target,,none,,,,,,,,
2026-06-11,52:25.5,2H,A,Ines,Tackles,,none,,,,,,,,
2026-06-11,52:39.2,2H,B,Lachlan,Interceptions,,none,,,,,,,,
2026-06-11,52:42.6,2H,B,Richard,On Target,,none,,,,,,,,
2026-06-11,52:42.7,2H,A,Ines,Blocks,,none,,,,,,,,
2026-06-11,52:47.8,2H,B,Richard,Interceptions,,none,,,,,,,,
2026-06-11,52:54.6,2H,A,Alberto,Interceptions,,none,,,,,,,,
2026-06-11,52:59.0,2H,B,Lachlan,Off Target,,none,,,,,,,,
2026-06-11,53:09.2,2H,B,Richard,Interceptions,,none,,,,,,,,
2026-06-11,53:16.9,2H,A,Ines,Tackles,,none,,,,,,,,
2026-06-11,53:24.1,2H,B,Amin,Tackles,,none,,,,,,,,
2026-06-18,00:00.0,1H,A,James,GK On,,,,,,,,,,
2026-06-18,00:00.0,1H,B,Ines,GK On,,,,,,,,,,
2026-06-18,00:13.6,1H,A,Bailey,On Target,,none,,,,,,,,
2026-06-18,00:13.6,1H,A,Lach2,Key Passes,,none,,,,,,,,
2026-06-18,00:13.7,1H,B,Lachlan,Blocks,,none,,,,,,,,
2026-06-18,00:21.7,1H,B,Amin,Goals,Ines,highlight,none,0.7300,0.3000,0.1100,0.5750,0.0530,0.8620,header
2026-06-18,00:48.4,1H,B,Lachlan,Interceptions,,none,,,,,,,,
2026-06-18,00:49.4,1H,B,Lachlan,Nutmegs,,none,,,,,,,,
2026-06-18,00:54.0,1H,A,Richard,Interceptions,,none,,,,,,,,
2026-06-18,00:57.0,1H,A,Richard,Interceptions,,none,,,,,,,,
2026-06-18,01:15.3,1H,A,Lach2,Tackles,,none,,,,,,,,
2026-06-18,01:20.1,1H,A,Lach2,Nutmegs,,none,,,,,,,,
2026-06-18,01:21.0,1H,B,Austin,Interceptions,,none,,,,,,,,
2026-06-18,01:23.2,1H,A,Lach2,Interceptions,,none,,,,,,,,
2026-06-18,01:34.4,1H,B,Gio,On Target,,none,,,,,,,,
2026-06-18,01:34.4,1H,B,Ines,Key Passes,,none,,,,,,,,
2026-06-18,01:34.6,1H,A,Bailey,Blocks,,none,,,,,,,,
2026-06-18,01:43.4,1H,B,Lachlan,Interceptions,,none,,,,,,,,
2026-06-18,02:00.0,1H,A,Bailey,Interceptions,,none,,,,,,,,
2026-06-18,02:03.2,1H,A,Jake,Tackles,,none,,,,,,,,
2026-06-18,02:06.1,1H,A,Richard,Interceptions,,none,,,,,,,,
2026-06-18,02:12.0,1H,B,Lachlan,Tackles,,none,,,,,,,,
2026-06-18,02:17.4,1H,B,Amin,Goals,Ines,none,none,0.7780,0.2740,0.0830,0.3910,0.1210,0.6480,left
2026-06-18,02:37.9,1H,B,Lachlan,Tackles,,none,,,,,,,,
2026-06-18,02:41.8,1H,B,Gio,Interceptions,,none,,,,,,,,
2026-06-18,02:46.7,1H,A,Richard,Interceptions,,none,,,,,,,,
2026-06-18,02:55.6,1H,A,Jake,Off Target,,none,,,,,,,,
2026-06-18,02:55.6,1H,A,Bailey,Key Passes,,none,,,,,,,,
2026-06-18,03:02.2,1H,A,Richard,Interceptions,,none,,,,,,,,
2026-06-18,03:07.5,1H,A,Jake,On Target,,none,,,,,,,,
2026-06-18,03:07.5,1H,A,Richard,Key Passes,,none,,,,,,,,
2026-06-18,03:07.6,1H,B,Lachlan,Blocks,,none,,,,,,,,
2026-06-18,03:11.8,1H,B,Amin,On Target,,none,,,,,,,,
2026-06-18,03:11.8,1H,B,Gio,Key Passes,,none,,,,,,,,
2026-06-18,03:11.9,1H,A,Bailey,Blocks,,none,,,,,,,,
2026-06-18,03:30.5,1H,B,Amin,Off Target,,none,,,,,,,,
2026-06-18,03:30.5,1H,B,Gio,Key Passes,,none,,,,,,,,
2026-06-18,03:37.3,1H,A,James,GK Removed,,,,,,,,,,
2026-06-18,03:37.3,1H,A,Richard,GK On,,,,,,,,,,
2026-06-18,03:47.5,1H,A,James,On Target,,none,,,,,,,,
2026-06-18,03:47.5,1H,A,Lach2,Key Passes,,none,,,,,,,,
2026-06-18,03:47.6,1H,B,Ines,GK Saves,,none,,,,,,,,
2026-06-18,04:00.4,1H,A,Lach2,Interceptions,,none,,,,,,,,
2026-06-18,04:03.9,1H,A,Lach2,On Target,,none,,,,,,,,
2026-06-18,04:04.4,1H,B,Ines,GK Saves,,none,,,,,,,,
2026-06-18,04:05.5,1H,B,Austin,Interceptions,,none,,,,,,,,
2026-06-18,04:10.7,1H,A,Jake,Off Target,,none,,,,,,,,
2026-06-18,04:14.1,1H,B,Austin,Tackles,,none,,,,,,,,
2026-06-18,04:21.1,1H,A,Bailey,Interceptions,,none,,,,,,,,
2026-06-18,04:40.0,1H,B,Ines,Interceptions,,none,,,,,,,,
2026-06-18,04:41.8,1H,B,Amin,Interceptions,,none,,,,,,,,
2026-06-18,04:52.1,1H,B,Lachlan,Nutmegs,,none,,,,,,,,
2026-06-18,05:00.5,1H,B,Lachlan,Tackles,,none,,,,,,,,
2026-06-18,05:02.6,1H,A,Lach2,Interceptions,,none,,,,,,,,
2026-06-18,05:06.9,1H,B,Austin,Nutmegs,,none,,,,,,,,
2026-06-18,05:07.5,1H,B,Lachlan,On Target,,none,,,,,,,,
2026-06-18,05:07.5,1H,B,Austin,Key Passes,,none,,,,,,,,
2026-06-18,05:07.8,1H,A,Richard,GK Saves,,none,,,,,,,,
2026-06-18,05:35.9,1H,B,Austin,Interceptions,,none,,,,,,,,
2026-06-18,05:37.6,1H,A,Jake,On Target,,none,,,,,,,,
2026-06-18,05:37.9,1H,B,Ines,GK Saves,,none,,,,,,,,
2026-06-18,05:43.4,1H,A,Lach2,Interceptions,,none,,,,,,,,
2026-06-18,05:47.0,1H,A,Bailey,Interceptions,,none,,,,,,,,
2026-06-18,05:59.1,1H,B,Amin,Off Target,,none,,,,,,,,
2026-06-18,05:59.1,1H,B,Lachlan,Key Passes,,none,,,,,,,,
2026-06-18,06:09.7,1H,B,Lachlan,Tackles,,none,,,,,,,,
2026-06-18,06:13.9,1H,A,James,Interceptions,,none,,,,,,,,
2026-06-18,06:15.6,1H,B,Amin,Off Target,,none,,,,,,,,
2026-06-18,06:15.6,1H,B,Ines,Key Passes,,none,,,,,,,,
2026-06-18,06:15.9,1H,A,Richard,GK Saves,,none,,,,,,,,
2026-06-18,06:29.1,1H,A,Bailey,On Target,,none,,,,,,,,
2026-06-18,06:29.1,1H,A,Jake,Key Passes,,none,,,,,,,,
2026-06-18,06:29.4,1H,B,Ines,GK Saves,,none,,,,,,,,
2026-06-18,06:35.1,1H,A,James,On Target,,none,,,,,,,,
2026-06-18,06:35.1,1H,A,Bailey,Key Passes,,none,,,,,,,,
2026-06-18,06:35.2,1H,B,Gio,Blocks,,none,,,,,,,,
2026-06-18,06:47.3,1H,B,Gio,Off Target,,none,,,,,,,,
2026-06-18,06:47.3,1H,B,Lachlan,Key Passes,,none,,,,,,,,
2026-06-18,06:48.5,1H,A,Richard,GK Saves,,none,,,,,,,,
2026-06-18,06:50.3,1H,B,Amin,Nutmegs,,none,,,,,,,,
2026-06-18,06:50.3,1H,B,Amin,Goals,,none,none,0.8690,0.3080,,,0.3630,0.8600,left
2026-06-18,07:19.7,1H,B,Gio,Interceptions,,none,,,,,,,,
2026-06-18,07:00.7,1H,A,Richard,GK Removed,,,,,,,,,,
2026-06-18,07:00.7,1H,A,Jake,GK On,,,,,,,,,,
2026-06-18,07:20.7,1H,A,Richard,Tackles,,none,,,,,,,,
2026-06-18,07:23.5,1H,A,Richard,Interceptions,,none,,,,,,,,
2026-06-18,07:29.1,1H,A,Lach2,Tackles,,none,,,,,,,,
2026-06-18,07:36.7,1H,B,Gio,Interceptions,,none,,,,,,,,
2026-06-18,07:41.7,1H,A,Bailey,Interceptions,,none,,,,,,,,
2026-06-18,07:53.4,1H,B,Austin,Off Target,,none,,,,,,,,
2026-06-18,07:53.4,1H,B,Lachlan,Key Passes,,none,,,,,,,,
2026-06-18,07:56.1,1H,A,Lach2,Interceptions,,none,,,,,,,,
2026-06-18,08:07.3,1H,A,James,Nutmegs,,none,,,,,,,,
2026-06-18,08:07.3,1H,A,James,On Target,,none,,,,,,,,
2026-06-18,08:07.3,1H,A,Bailey,Key Passes,,none,,,,,,,,
2026-06-18,08:07.8,1H,B,Ines,GK Saves,,none,,,,,,,,
2026-06-18,08:18.7,1H,A,James,Interceptions,,none,,,,,,,,
2026-06-18,08:24.7,1H,A,Richard,Interceptions,,none,,,,,,,,
2026-06-18,08:30.3,1H,A,Lach2,On Target,,none,,,,,,,,
2026-06-18,08:30.3,1H,A,Bailey,Key Passes,,none,,,,,,,,
2026-06-18,08:30.7,1H,B,Amin,Blocks,,none,,,,,,,,
2026-06-18,08:34.9,1H,A,Bailey,Off Target,,none,,,,,,,,
2026-06-18,08:34.9,1H,A,Lach2,Key Passes,,none,,,,,,,,
2026-06-18,08:59.4,1H,B,Amin,Interceptions,,none,,,,,,,,
2026-06-18,09:02.6,1H,B,Gio,On Target,,none,,,,,,,,
2026-06-18,09:02.7,1H,A,Richard,Blocks,,none,,,,,,,,
2026-06-18,09:06.4,1H,B,Gio,Tackles,,none,,,,,,,,
2026-06-18,09:10.5,1H,B,Gio,On Target,,none,,,,,,,,
2026-06-18,09:11.1,1H,A,Jake,GK Saves,,none,,,,,,,,
2026-06-18,09:11.9,1H,B,Austin,Goals,,none,none,0.7590,0.4520,,,0.2420,0.9880,right
2026-06-18,09:33.8,1H,A,Lach2,Interceptions,,none,,,,,,,,
2026-06-18,09:40.3,1H,B,Amin,Off Target,,none,,,,,,,,
2026-06-18,09:40.3,1H,B,Ines,Key Passes,,none,,,,,,,,
2026-06-18,09:49.4,1H,B,Gio,Interceptions,,none,,,,,,,,
2026-06-18,09:51.2,1H,A,Lach2,Tackles,,none,,,,,,,,
2026-06-18,09:51.2,1H,A,Lach2,Nutmegs,,none,,,,,,,,
2026-06-18,09:53.5,1H,B,Lachlan,Interceptions,,none,,,,,,,,
2026-06-18,10:02.5,1H,A,Richard,Interceptions,,none,,,,,,,,
2026-06-18,10:04.8,1H,A,Richard,Off Target,,none,,,,,,,,
2026-06-18,10:04.8,1H,A,Richard,Post,,none,,,,,,,,
2026-06-18,10:10.4,1H,A,Bailey,Off Target,,none,,,,,,,,
2026-06-18,10:10.4,1H,A,Richard,Key Passes,,none,,,,,,,,
2026-06-18,10:23.5,1H,B,Lachlan,Off Target,,none,,,,,,,,
2026-06-18,10:23.7,1H,A,James,Blocks,,none,,,,,,,,
2026-06-18,10:37.6,1H,B,Lachlan,Interceptions,,none,,,,,,,,
2026-06-18,10:49.0,1H,B,Austin,On Target,,none,,,,,,,,
2026-06-18,10:49.0,1H,B,Ines,Key Passes,,none,,,,,,,,
2026-06-18,10:49.3,1H,A,Jake,GK Saves,,none,,,,,,,,
2026-06-18,10:51.0,1H,A,Richard,Interceptions,,none,,,,,,,,
2026-06-18,10:54.5,1H,B,Austin,On Target,,none,,,,,,,,
2026-06-18,10:54.5,1H,B,Lachlan,Key Passes,,none,,,,,,,,
2026-06-18,10:54.7,1H,A,Jake,GK Saves,,none,,,,,,,,
2026-06-18,11:24.5,1H,A,Bailey,Nutmegs,,none,,,,,,,,
2026-06-18,11:24.5,1H,A,Bailey,Goals,James,highlight,none,0.8730,0.2330,0.6930,0.3190,0.6230,0.9520,left
2026-06-18,11:34.7,1H,B,Ines,GK Removed,,,,,,,,,,
2026-06-18,11:34.7,1H,B,Amin,GK On,,,,,,,,,,
2026-06-18,11:47.8,1H,A,Richard,Interceptions,,none,,,,,,,,
2026-06-18,12:25.2,1H,B,Gio,Goals,,highlight,none,0.5840,0.1670,,,0.8750,0.2400,left
2026-06-18,12:21.6,1H,B,Jake,Moment,,lowlight,,,,,,,,
2026-06-18,12:44.9,1H,B,Lachlan,Interceptions,,none,,,,,,,,
2026-06-18,12:46.3,1H,A,Lach2,Interceptions,,none,,,,,,,,
2026-06-18,12:55.5,1H,B,Gio,Interceptions,,none,,,,,,,,
2026-06-18,13:09.8,1H,B,Lachlan,On Target,,none,,,,,,,,
2026-06-18,13:09.8,1H,B,Austin,Key Passes,,none,,,,,,,,
2026-06-18,13:19.1,1H,B,Ines,Interceptions,,none,,,,,,,,
2026-06-18,13:29.4,1H,B,Ines,Off Target,,none,,,,,,,,
2026-06-18,13:29.4,1H,B,Austin,Key Passes,,none,,,,,,,,
2026-06-18,13:29.8,1H,A,Jake,GK Saves,,none,,,,,,,,
2026-06-18,13:41.5,1H,B,Gio,Interceptions,,none,,,,,,,,
2026-06-18,13:48.6,1H,A,Lach2,Interceptions,,none,,,,,,,,
2026-06-18,13:48.6,1H,B,Austin,Nutmegs,,none,,,,,,,,
2026-06-18,13:56.7,1H,A,James,On Target,,none,,,,,,,,
2026-06-18,13:56.7,1H,A,Bailey,Key Passes,,none,,,,,,,,
2026-06-18,14:02.9,1H,A,Lach2,Interceptions,,none,,,,,,,,
2026-06-18,13:57.3,1H,B,Amin,GK Saves,,none,,,,,,,,
2026-06-18,14:11.1,1H,B,Gio,Interceptions,,none,,,,,,,,
2026-06-18,14:15.4,1H,A,Richard,Interceptions,,none,,,,,,,,
2026-06-18,14:21.3,1H,B,Ines,Interceptions,,none,,,,,,,,
2026-06-18,14:23.2,1H,B,Ines,On Target,,none,,,,,,,,
2026-06-18,14:23.4,1H,A,Richard,Blocks,,none,,,,,,,,
2026-06-18,14:28.1,1H,A,Richard,Interceptions,,none,,,,,,,,
2026-06-18,14:35.6,1H,A,Jake,GK Removed,,,,,,,,,,
2026-06-18,14:35.6,1H,A,James,GK On,,,,,,,,,,
2026-06-18,14:45.9,1H,A,Jake,On Target,,none,,,,,,,,
2026-06-18,14:45.9,1H,A,Bailey,Key Passes,,none,,,,,,,,
2026-06-18,14:46.3,1H,B,Lachlan,Blocks,,none,,,,,,,,
2026-06-18,14:48.0,1H,A,Bailey,Goals,,none,none,0.8370,0.6020,,,0.5020,0.7430,left
2026-06-18,14:48.5,1H,A,Bailey,Nutmegs,,none,,,,,,,,
2026-06-18,15:09.8,1H,A,Richard,Interceptions,,none,,,,,,,,
2026-06-18,15:30.4,1H,A,Lach2,Off Target,,none,,,,,,,,
2026-06-18,15:30.4,1H,A,Bailey,Key Passes,,none,,,,,,,,
2026-06-18,15:38.5,1H,A,Richard,Interceptions,,none,,,,,,,,
2026-06-18,15:41.7,1H,B,Lachlan,Interceptions,,none,,,,,,,,
2026-06-18,15:43.4,1H,A,Lach2,Tackles,,none,,,,,,,,
2026-06-18,15:51.2,1H,A,Jake,Off Target,,none,,,,,,,,
2026-06-18,15:51.2,1H,A,James,Key Passes,,none,,,,,,,,
2026-06-18,16:01.2,1H,A,Lach2,Interceptions,,none,,,,,,,,
2026-06-18,16:08.1,1H,A,Jake,Off Target,,none,,,,,,,,
2026-06-18,16:08.1,1H,A,Bailey,Key Passes,,none,,,,,,,,
2026-06-18,16:07.3,1H,A,Bailey,Nutmegs,,none,,,,,,,,
2026-06-18,16:15.3,1H,A,Jake,Tackles,,none,,,,,,,,
2026-06-18,16:20.6,1H,A,Richard,Interceptions,,none,,,,,,,,
2026-06-18,16:46.7,1H,B,Lachlan,Off Target,,none,,,,,,,,
2026-06-18,16:46.7,1H,B,Ines,Key Passes,,none,,,,,,,,
2026-06-18,16:46.7,1H,B,Lachlan,Post,,none,,,,,,,,
2026-06-18,16:50.6,1H,B,Ines,Tackles,,none,,,,,,,,
2026-06-18,16:53.2,1H,A,Bailey,Interceptions,,none,,,,,,,,
2026-06-18,16:59.1,1H,B,Gio,Interceptions,,none,,,,,,,,
2026-06-18,17:05.4,1H,A,Richard,Interceptions,,none,,,,,,,,
2026-06-18,17:30.5,1H,A,Lach2,Off Target,,none,,,,,,,,
2026-06-18,17:30.5,1H,A,James,Key Passes,,none,,,,,,,,
2026-06-18,17:30.6,1H,B,Lachlan,Blocks,,none,,,,,,,,
2026-06-18,17:35.7,1H,A,Lach2,Interceptions,,none,,,,,,,,
2026-06-18,17:38.2,1H,A,Lach2,Tackles,,none,,,,,,,,
2026-06-18,17:40.8,1H,A,Jake,Off Target,,none,,,,,,,,
2026-06-18,17:58.9,1H,A,Richard,Tackles,,none,,,,,,,,
2026-06-18,18:14.2,1H,A,Bailey,Off Target,,none,,,,,,,,
2026-06-18,18:14.2,1H,A,Lach2,Key Passes,,none,,,,,,,,
2026-06-18,18:32.1,1H,A,Richard,Off Target,,none,,,,,,,,
2026-06-18,18:32.1,1H,A,Lach2,Key Passes,,none,,,,,,,,
2026-06-18,18:34.4,1H,A,Lach2,Off Target,,none,,,,,,,,
2026-06-18,18:43.8,1H,B,Amin,GK Removed,,,,,,,,,,
2026-06-18,18:43.8,1H,B,Lachlan,GK On,,,,,,,,,,
2026-06-18,18:51.3,1H,A,Lach2,Interceptions,,none,,,,,,,,
2026-06-18,18:59.9,1H,A,Bailey,On Target,,none,,,,,,,,
2026-06-18,18:53.1,1H,A,Richard,Key Passes,,none,,,,,,,,
2026-06-18,19:19.9,1H,A,Lach2,Off Target,,none,,,,,,,,
2026-06-18,19:19.9,1H,A,Bailey,Key Passes,,none,,,,,,,,
2026-06-18,19:28.2,1H,B,Amin,Goals,Lachlan,none,none,0.8370,0.1460,0.0800,0.5850,0.5000,0.7640,left
2026-06-18,19:49.4,1H,A,James,GK Removed,,,,,,,,,,
2026-06-18,19:49.4,1H,A,Richard,GK On,,,,,,,,,,
2026-06-18,19:54.3,1H,A,Jake,Off Target,,none,,,,,,,,
2026-06-18,19:54.3,1H,A,James,Key Passes,,none,,,,,,,,
2026-06-18,19:55.3,1H,B,Lachlan,OG,,none,,,,,,,,
2026-06-18,20:18.2,1H,A,Jake,Moment,,lowlight,,,,,,,,
2026-06-18,20:24.4,1H,B,Amin,Off Target,,none,,,,,,,,
2026-06-18,20:24.4,1H,B,Austin,Key Passes,,none,,,,,,,,
2026-06-18,20:28.4,1H,B,Austin,Off Target,,none,,,,,,,,
2026-06-18,20:28.5,1H,A,James,Blocks,,none,,,,,,,,
2026-06-18,20:32.2,1H,B,Ines,Interceptions,,none,,,,,,,,
2026-06-18,20:36.2,1H,B,Gio,Tackles,,none,,,,,,,,
2026-06-18,20:47.8,1H,A,Lach2,Interceptions,,none,,,,,,,,
2026-06-18,20:51.7,1H,A,Lach2,Off Target,,none,,,,,,,,
2026-06-18,20:51.7,1H,A,Bailey,Key Passes,,none,,,,,,,,
2026-06-18,20:52.0,1H,B,Lachlan,GK Saves,,none,,,,,,,,
2026-06-18,21:00.6,1H,A,Jake,Tackles,,none,,,,,,,,
2026-06-18,21:04.3,1H,A,Jake,Off Target,,none,,,,,,,,
2026-06-18,21:04.3,1H,A,Bailey,Key Passes,,none,,,,,,,,
2026-06-18,21:02.5,1H,A,Bailey,Nutmegs,,none,,,,,,,,
2026-06-18,21:05.8,1H,B,Ines,Interceptions,,none,,,,,,,,
2026-06-18,21:12.4,1H,A,Lach2,Interceptions,,none,,,,,,,,
2026-06-18,21:14.6,1H,A,Jake,Tackles,,none,,,,,,,,
2026-06-18,21:27.0,1H,A,James,On Target,,none,,,,,,,,
2026-06-18,21:27.0,1H,A,Lach2,Key Passes,,none,,,,,,,,
2026-06-18,21:27.5,1H,B,Lachlan,GK Saves,,none,,,,,,,,
2026-06-18,21:33.5,1H,A,Lach2,Interceptions,,none,,,,,,,,
2026-06-18,21:37.3,1H,B,Ines,Tackles,,none,,,,,,,,
2026-06-18,21:52.9,1H,A,Lach2,Interceptions,,none,,,,,,,,
2026-06-18,21:56.9,1H,A,Jake,Off Target,,none,,,,,,,,
2026-06-18,21:56.9,1H,A,Lach2,Key Passes,,none,,,,,,,,
2026-06-18,22:09.0,1H,B,Gio,Interceptions,,none,,,,,,,,
2026-06-18,22:11.7,1H,A,Jake,Tackles,,none,,,,,,,,
2026-06-18,22:18.7,1H,B,Gio,Tackles,,none,,,,,,,,
2026-06-18,22:20.7,1H,B,Amin,On Target,,none,,,,,,,,
2026-06-18,22:21.3,1H,A,Richard,GK Saves,,none,,,,,,,,
2026-06-18,22:25.1,1H,B,Gio,Interceptions,,none,,,,,,,,
2026-06-18,22:27.6,1H,B,Amin,Off Target,,none,,,,,,,,
2026-06-18,22:33.0,1H,A,Jake,Interceptions,,none,,,,,,,,
2026-06-18,22:41.8,1H,B,Amin,On Target,,none,,,,,,,,
2026-06-18,22:41.8,1H,B,Ines,Key Passes,,none,,,,,,,,
2026-06-18,22:43.6,1H,A,Richard,GK Saves,,none,,,,,,,,
2026-06-18,22:54.7,1H,B,Austin,Interceptions,,none,,,,,,,,
2026-06-18,22:59.3,1H,B,Gio,On Target,,none,,,,,,,,
2026-06-18,22:59.3,1H,B,Gio,Goals,Amin,none,none,0.7710,0.7340,0.5820,0.2030,0.8140,0.7500,right
2026-06-18,23:22.2,1H,B,Amin,Goals,Lachlan,none,none,0.7270,0.1020,0.0780,0.4270,0.5060,0.9930,left
2026-06-18,23:53.7,1H,A,James,On Target,,none,,,,,,,,
2026-06-18,23:53.7,1H,A,Lach2,Key Passes,,none,,,,,,,,
2026-06-18,23:54.1,1H,B,Lachlan,GK Saves,,none,,,,,,,,
2026-06-18,23:58.3,1H,B,Lachlan,GK Removed,,,,,,,,,,
2026-06-18,23:58.3,1H,B,Ines,GK On,,,,,,,,,,
2026-06-18,24:03.3,1H,A,James,Interceptions,,none,,,,,,,,
2026-06-18,24:08.6,1H,A,James,On Target,,none,,,,,,,,
2026-06-18,24:08.6,1H,A,Lach2,Key Passes,,none,,,,,,,,
2026-06-18,24:08.8,1H,B,Ines,GK Saves,,none,,,,,,,,
2026-06-18,24:16.6,1H,A,Lach2,Tackles,,none,,,,,,,,
2026-06-18,24:23.3,1H,A,James,On Target,,none,,,,,,,,
2026-06-18,24:23.3,1H,A,Bailey,Key Passes,,none,,,,,,,,
2026-06-18,24:23.6,1H,B,Ines,GK Saves,,none,,,,,,,,
2026-06-18,24:36.7,1H,B,Gio,Off Target,,none,,,,,,,,
2026-06-18,24:36.7,1H,B,Austin,Key Passes,,none,,,,,,,,
2026-06-18,24:37.1,1H,A,Richard,GK Saves,,none,,,,,,,,
2026-06-18,24:38.3,1H,B,Amin,Off Target,,none,,,,,,,,
2026-06-18,24:41.3,1H,B,Lachlan,Off Target,,none,,,,,,,,
2026-06-18,24:41.7,1H,A,James,Blocks,,none,,,,,,,,
2026-06-18,24:48.7,1H,A,Lach2,On Target,,none,,,,,,,,
2026-06-18,24:48.7,1H,A,Richard,Key Passes,,none,,,,,,,,
2026-06-18,24:48.9,1H,B,Ines,GK Saves,,none,,,,,,,,
2026-06-18,24:49.6,1H,A,Lach2,On Target,,none,,,,,,,,
2026-06-18,24:49.9,1H,B,Ines,GK Saves,,none,,,,,,,,
2026-06-18,24:53.3,1H,A,Bailey,On Target,,none,,,,,,,,
2026-06-18,24:53.3,1H,A,Lach2,Key Passes,,none,,,,,,,,
2026-06-18,24:53.6,1H,B,Gio,Blocks,,none,,,,,,,,
2026-06-18,25:02.5,1H,B,Austin,Key Passes,,none,,,,,,,,
2026-06-18,25:14.3,1H,A,Jake,On Target,,none,,,,,,,,
2026-06-18,25:15.0,1H,A,Richard,Key Passes,,none,,,,,,,,
2026-06-18,25:14.7,1H,B,Ines,GK Saves,,none,,,,,,,,
2026-06-18,25:16.5,1H,B,Gio,Interceptions,,none,,,,,,,,
2026-06-18,25:26.4,1H,B,Amin,Off Target,,none,,,,,,,,
2026-06-18,25:44.2,1H,A,Lach2,Interceptions,,none,,,,,,,,
2026-06-18,26:09.8,1H,B,Lachlan,Interceptions,,none,,,,,,,,
2026-06-18,26:14.6,1H,A,James,On Target,,none,,,,,,,,
2026-06-18,26:14.6,1H,A,Bailey,Key Passes,,none,,,,,,,,
2026-06-18,26:14.8,1H,B,Lachlan,Blocks,,none,,,,,,,,
2026-06-18,26:18.9,1H,A,Bailey,Goals,James,none,none,0.7910,0.5890,0.9850,0.1770,0.9690,0.8930,left
2026-06-18,26:44.3,1H,A,Bailey,Interceptions,,none,,,,,,,,
2026-06-18,26:50.2,1H,B,Austin,Interceptions,,none,,,,,,,,
2026-06-18,26:52.2,1H,B,Amin,Off Target,,none,,,,,,,,
2026-06-18,26:52.2,1H,B,Austin,Key Passes,,none,,,,,,,,
2026-06-18,26:55.4,1H,B,Lachlan,On Target,,none,,,,,,,,
2026-06-18,26:55.5,1H,A,Richard,GK Saves,,none,,,,,,,,
2026-06-18,27:07.2,1H,B,Austin,Interceptions,,none,,,,,,,,
2026-06-18,27:16.5,1H,B,Lachlan,Off Target,,none,,,,,,,,
2026-06-18,27:16.5,1H,B,Austin,Key Passes,,none,,,,,,,,
2026-06-18,27:20.3,1H,B,Austin,Interceptions,,none,,,,,,,,
2026-06-18,27:29.1,1H,A,Lach2,Goals,Bailey,none,none,0.8460,0.2910,0.8530,0.7870,0.1210,0.9360,right
2026-06-18,27:52.0,1H,A,Lach2,Interceptions,,none,,,,,,,,
2026-06-18,27:57.4,1H,B,Amin,Interceptions,,none,,,,,,,,
2026-06-18,28:04.1,1H,B,Austin,Off Target,,none,,,,,,,,
2026-06-18,28:04.1,1H,B,Gio,Key Passes,,none,,,,,,,,
2026-06-18,28:05.4,1H,B,Lachlan,Off Target,,none,,,,,,,,
2026-06-18,28:09.6,1H,A,Jake,Off Target,,none,,,,,,,,
2026-06-18,27:48.9,1H,B,Ines,GK Removed,,,,,,,,,,
2026-06-18,27:48.9,1H,B,Gio,GK On,,,,,,,,,,
2026-06-18,28:30.0,1H,B,Ines,Interceptions,,none,,,,,,,,
2026-06-18,28:32.9,1H,A,Jake,Interceptions,,none,,,,,,,,
2026-06-18,28:42.3,1H,B,Ines,Tackles,,none,,,,,,,,
2026-06-18,28:47.0,1H,B,Amin,On Target,,none,,,,,,,,
2026-06-18,28:47.0,1H,B,Ines,Key Passes,,none,,,,,,,,
2026-06-18,28:47.4,1H,A,Richard,GK Saves,,none,,,,,,,,
2026-06-18,28:52.9,1H,A,James,Goals,Lach2,none,none,0.8870,0.8000,0.7930,0.2780,0.5040,0.7360,right
2026-06-18,28:54.6,1H,A,James,Nutmegs,,none,,,,,,,,
2026-06-18,29:09.9,2H,A,Bailey,Interceptions,,none,,,,,,,,
2026-06-18,29:21.2,2H,A,James,On Target,,none,,,,,,,,
2026-06-18,29:21.2,2H,A,Lach2,Key Passes,,none,,,,,,,,
2026-06-18,29:21.3,2H,B,Lachlan,Blocks,,none,,,,,,,,
2026-06-18,29:22.4,2H,A,James,Off Target,,none,,,,,,,,
2026-06-18,29:22.4,2H,A,James,Nutmegs,,none,,,,,,,,
2026-06-18,29:31.3,2H,A,Lach2,Interceptions,,none,,,,,,,,
2026-06-18,29:34.6,2H,A,James,Goals,Bailey,none,none,0.8030,0.1860,0.6590,0.6990,0.8280,0.9570,right
2026-06-18,29:50.7,2H,A,James,Interceptions,,none,,,,,,,,
2026-06-18,29:52.3,2H,B,Ines,Tackles,,none,,,,,,,,
2026-06-18,29:56.5,2H,B,Lachlan,On Target,,none,,,,,,,,
2026-06-18,29:04.3,2H,A,Richard,GK Removed,,,,,,,,,,
2026-06-18,29:04.3,2H,A,Jake,GK On,,,,,,,,,,
2026-06-18,29:56.6,2H,A,Richard,Blocks,,none,,,,,,,,
2026-06-18,30:01.4,2H,B,Austin,Off Target,,none,,,,,,,,
2026-06-18,30:01.4,2H,B,Ines,Key Passes,,none,,,,,,,,
2026-06-18,30:05.2,2H,B,Lachlan,Goals,,none,none,0.9420,0.8170,,,0.5000,0.5570,right
2026-06-18,30:25.6,2H,B,Lachlan,Interceptions,,none,,,,,,,,
2026-06-18,30:43.8,2H,B,Austin,Interceptions,,none,,,,,,,,
2026-06-18,30:45.3,2H,A,Richard,Tackles,,none,,,,,,,,
2026-06-18,30:54.0,2H,B,Ines,Interceptions,,none,,,,,,,,
2026-06-18,31:02.7,2H,B,Lachlan,Interceptions,,none,,,,,,,,
2026-06-18,31:06.8,2H,A,Richard,Interceptions,,none,,,,,,,,
2026-06-18,31:09.4,2H,B,Ines,Interceptions,,none,,,,,,,,
2026-06-18,31:14.3,2H,B,Amin,Off Target,,none,,,,,,,,
2026-06-18,31:14.3,2H,B,Lachlan,Key Passes,,none,,,,,,,,
2026-06-18,31:16.7,2H,B,Amin,On Target,,none,,,,,,,,
2026-06-18,31:17.0,2H,A,Jake,GK Saves,,none,,,,,,,,
2026-06-18,31:26.8,2H,A,Bailey,Goals,,none,none,0.7870,0.0980,,,0.9870,0.9500,left
2026-06-18,31:48.7,2H,A,Lach2,Interceptions,,none,,,,,,,,
2026-06-18,31:51.5,2H,A,Bailey,Interceptions,,none,,,,,,,,
2026-06-18,31:54.3,2H,A,James,On Target,,none,,,,,,,,
2026-06-18,31:54.3,2H,A,Bailey,Key Passes,,none,,,,,,,,
2026-06-18,31:54.7,2H,B,Gio,GK Saves,,none,,,,,,,,
2026-06-18,32:02.9,2H,B,Austin,On Target,,none,,,,,,,,
2026-06-18,32:02.9,2H,B,Ines,Key Passes,,none,,,,,,,,
2026-06-18,32:03.1,2H,A,Richard,Blocks,,none,,,,,,,,
2026-06-18,32:05.7,2H,B,Amin,On Target,,none,,,,,,,,
2026-06-18,32:06.3,2H,A,Richard,Blocks,,none,,,,,,,,
2026-06-18,32:07.3,2H,B,Austin,Interceptions,,none,,,,,,,,
2026-06-18,32:13.0,2H,B,Ines,Interceptions,,none,,,,,,,,
2026-06-18,32:16.7,2H,A,Bailey,Interceptions,,none,,,,,,,,
2026-06-18,32:20.5,2H,A,Bailey,Interceptions,,none,,,,,,,,
2026-06-18,32:26.1,2H,A,Lach2,On Target,,none,,,,,,,,
2026-06-18,32:26.1,2H,A,Jake,Key Passes,,none,,,,,,,,
2026-06-18,32:26.0,2H,B,Lachlan,Blocks,,none,,,,,,,,
2026-06-18,32:27.2,2H,A,Bailey,On Target,,none,,,,,,,,
2026-06-18,32:27.7,2H,B,Gio,GK Saves,,none,,,,,,,,
2026-06-18,32:35.9,2H,B,Lachlan,Nutmegs,,none,,,,,,,,
2026-06-18,32:52.4,2H,A,Lach2,Interceptions,,none,,,,,,,,
2026-06-18,32:59.4,2H,A,Bailey,On Target,,none,,,,,,,,
2026-06-18,32:59.4,2H,A,Jake,Key Passes,,none,,,,,,,,
2026-06-18,32:59.9,2H,B,Gio,GK Saves,,none,,,,,,,,
2026-06-18,33:14.0,2H,A,Bailey,Interceptions,,none,,,,,,,,
2026-06-18,33:15.3,2H,A,Bailey,Goals,,highlight,none,0.7550,0.2950,,,0.1210,0.2430,left
2026-06-18,33:27.5,2H,B,Gio,GK Removed,,,,,,,,,,
2026-06-18,33:27.5,2H,B,Ines,GK On,,,,,,,,,,
2026-06-18,33:28.6,2H,A,Jake,GK Removed,,,,,,,,,,
2026-06-18,33:28.6,2H,A,James,GK On,,,,,,,,,,
2026-06-18,33:37.2,2H,A,Jake,Interceptions,,none,,,,,,,,
2026-06-18,33:41.8,2H,A,Richard,On Target,,none,,,,,,,,
2026-06-18,33:41.8,2H,A,Jake,Key Passes,,none,,,,,,,,
2026-06-18,33:41.8,2H,A,Richard,Nutmegs,,none,,,,,,,,
2026-06-18,33:42.3,2H,B,Ines,GK Saves,,none,,,,,,,,
2026-06-18,33:50.7,2H,A,Bailey,Interceptions,,none,,,,,,,,
2026-06-18,34:01.7,2H,B,Austin,Tackles,,none,,,,,,,,
2026-06-18,34:06.6,2H,A,Bailey,Interceptions,,none,,,,,,,,
2026-06-18,34:30.6,2H,A,Jake,Interceptions,,none,,,,,,,,
2026-06-18,34:33.4,2H,A,Jake,Goals,Bailey,highlight,highlight,0.7780,0.8130,0.6820,0.4580,0.0440,0.1210,right
2026-06-18,34:49.2,2H,B,Amin,Nutmegs,,none,,,,,,,,
2026-06-18,34:51.6,2H,B,Austin,Off Target,,none,,,,,,,,
2026-06-18,34:51.6,2H,B,Amin,Key Passes,,none,,,,,,,,
2026-06-18,35:02.6,2H,B,Amin,Tackles,,none,,,,,,,,
2026-06-18,35:08.1,2H,B,Gio,Interceptions,,none,,,,,,,,
2026-06-18,35:21.2,2H,A,Richard,Interceptions,,none,,,,,,,,
2026-06-18,35:58.6,2H,A,Bailey,On Target,,none,,,,,,,,
2026-06-18,35:58.6,2H,A,Lach2,Key Passes,,none,,,,,,,,
2026-06-18,35:59.2,2H,B,Ines,GK Saves,,none,,,,,,,,
2026-06-18,36:20.4,2H,B,Amin,Interceptions,,none,,,,,,,,
2026-06-18,36:37.2,2H,A,Lach2,Interceptions,,none,,,,,,,,
2026-06-18,36:50.7,2H,B,Amin,Off Target,,none,,,,,,,,
2026-06-18,36:50.7,2H,B,Ines,Key Passes,,none,,,,,,,,
2026-06-18,36:52.0,2H,A,Richard,Interceptions,,none,,,,,,,,
2026-06-18,36:59.9,2H,B,Lachlan,Interceptions,,none,,,,,,,,
2026-06-18,37:06.7,2H,B,Gio,Nutmegs,,none,,,,,,,,
2026-06-18,37:06.7,2H,A,Richard,Interceptions,,none,,,,,,,,
2026-06-18,37:08.8,2H,B,Amin,Interceptions,,none,,,,,,,,
2026-06-18,37:12.7,2H,B,Gio,Off Target,,none,,,,,,,,
2026-06-18,37:20.4,2H,B,Austin,Interceptions,,none,,,,,,,,
2026-06-18,37:28.5,2H,B,Gio,Off Target,,none,,,,,,,,
2026-06-18,37:28.5,2H,B,Amin,Key Passes,,none,,,,,,,,
2026-06-18,37:35.4,2H,B,Amin,Interceptions,,none,,,,,,,,
2026-06-18,37:41.1,2H,A,Lach2,On Target,,none,,,,,,,,
2026-06-18,37:41.1,2H,A,Richard,Key Passes,,none,,,,,,,,
2026-06-18,37:41.6,2H,B,Ines,GK Saves,,none,,,,,,,,
2026-06-18,37:42.0,2H,A,Lach2,Goals,,none,none,0.8820,0.2730,,,0.2490,0.9570,right
2026-06-18,38:01.9,2H,A,Bailey,Interceptions,,none,,,,,,,,
2026-06-18,38:07.9,2H,A,Bailey,On Target,,none,,,,,,,,
2026-06-18,38:07.9,2H,A,Jake,Key Passes,,none,,,,,,,,
2026-06-18,38:08.1,2H,B,Ines,GK Saves,,none,,,,,,,,
2026-06-18,38:12.4,2H,B,Amin,Tackles,,none,,,,,,,,
2026-06-18,38:19.9,2H,B,Amin,On Target,,none,,,,,,,,
2026-06-18,38:19.9,2H,B,Gio,Key Passes,,none,,,,,,,,
2026-06-18,38:20.1,2H,A,James,GK Saves,,none,,,,,,,,
2026-06-18,38:28.6,2H,B,Lachlan,Interceptions,,none,,,,,,,,
2026-06-18,38:38.0,2H,B,Austin,Tackles,,none,,,,,,,,
2026-06-18,38:50.7,2H,A,Jake,Interceptions,,none,,,,,,,,
2026-06-18,38:55.0,2H,B,Austin,Interceptions,,none,,,,,,,,
2026-06-18,38:59.5,2H,A,Bailey,On Target,,none,,,,,,,,
2026-06-18,38:59.5,2H,A,Lach2,Key Passes,,none,,,,,,,,
2026-06-18,38:59.7,2H,B,Ines,GK Saves,,none,,,,,,,,
2026-06-18,39:12.6,2H,B,Lachlan,On Target,,none,,,,,,,,
2026-06-18,39:12.6,2H,B,Amin,Key Passes,,none,,,,,,,,
2026-06-18,39:12.6,2H,B,Lachlan,Nutmegs,,none,,,,,,,,
2026-06-18,39:13.1,2H,A,James,GK Saves,,none,,,,,,,,
2026-06-18,39:14.6,2H,B,Gio,On Target,,none,,,,,,,,
2026-06-18,39:14.7,2H,A,James,GK Saves,,none,,,,,,,,
2026-06-18,39:45.0,2H,B,Gio,Interceptions,,none,,,,,,,,
2026-06-18,39:49.1,2H,A,Lach2,Interceptions,,none,,,,,,,,
2026-06-18,39:52.1,2H,A,Bailey,Interceptions,,none,,,,,,,,
2026-06-18,39:53.5,2H,A,Bailey,Off Target,,none,,,,,,,,
2026-06-18,39:58.1,2H,A,Richard,Interceptions,,none,,,,,,,,
2026-06-18,40:02.1,2H,B,Austin,Interceptions,,none,,,,,,,,
2026-06-18,40:15.2,2H,A,Richard,Interceptions,,none,,,,,,,,
2026-06-18,40:19.3,2H,B,Gio,Off Target,,none,,,,,,,,
2026-06-18,40:20.4,2H,B,Lachlan,Goals,,none,none,0.8550,0.3650,,,0.1440,0.8210,right
2026-06-18,40:43.0,2H,A,Bailey,On Target,,none,,,,,,,,
2026-06-18,40:43.0,2H,A,James,Key Passes,,none,,,,,,,,
2026-06-18,40:43.2,2H,B,Lachlan,Blocks,,none,,,,,,,,
2026-06-18,40:47.1,2H,A,Lach2,On Target,,none,,,,,,,,
2026-06-18,40:47.1,2H,A,Bailey,Key Passes,,none,,,,,,,,
2026-06-18,40:47.6,2H,B,Ines,GK Saves,,none,,,,,,,,
2026-06-18,40:32.6,2H,A,James,GK Removed,,,,,,,,,,
2026-06-18,40:32.6,2H,A,Richard,GK On,,,,,,,,,,
2026-06-18,40:50.1,2H,A,James,Interceptions,,none,,,,,,,,
2026-06-18,40:54.5,2H,A,Bailey,Goals,Jake,none,highlight,0.8440,0.7820,0.7250,0.1240,0.8660,0.9140,left
2026-06-18,41:20.2,2H,B,Austin,Interceptions,,none,,,,,,,,
2026-06-18,41:32.2,2H,A,Jake,Tackles,,none,,,,,,,,
2026-06-18,41:32.9,2H,A,Jake,Goals,,none,none,0.7570,0.7030,,,0.8190,0.9430,right
2026-06-18,41:51.1,2H,B,Amin,On Target,,none,,,,,,,,
2026-06-18,41:51.1,2H,B,Austin,Key Passes,,none,,,,,,,,
2026-06-18,41:57.5,2H,A,Jake,On Target,,none,,,,,,,,
2026-06-18,41:57.5,2H,A,Richard,Key Passes,,none,,,,,,,,
2026-06-18,41:58.3,2H,B,Ines,GK Saves,,none,,,,,,,,
2026-06-18,42:04.5,2H,A,James,Interceptions,,none,,,,,,,,
2026-06-18,42:07.7,2H,A,Bailey,On Target,,none,,,,,,,,
2026-06-18,42:07.7,2H,A,Lach2,Key Passes,,none,,,,,,,,
2026-06-18,42:35.2,2H,A,Jake,On Target,,none,,,,,,,,
2026-06-18,42:35.2,2H,A,Lach2,Key Passes,,none,,,,,,,,
2026-06-18,42:36.2,2H,B,Gio,Blocks,,none,,,,,,,,
2026-06-18,42:38.1,2H,A,James,On Target,,none,,,,,,,,
2026-06-18,42:38.6,2H,B,Ines,GK Saves,,none,,,,,,,,
2026-06-18,42:41.3,2H,B,Lachlan,Interceptions,,none,,,,,,,,
2026-06-18,42:47.4,2H,B,Amin,On Target,,none,,,,,,,,
2026-06-18,42:47.6,2H,A,Richard,GK Saves,,none,,,,,,,,
2026-06-18,42:48.7,2H,B,Austin,Goals,,none,none,0.7820,0.5100,,,0.8690,0.9640,left
2026-06-18,43:07.7,2H,B,Lachlan,Interceptions,,none,,,,,,,,
2026-06-18,43:13.5,2H,A,Bailey,Interceptions,,none,,,,,,,,
2026-06-18,43:30.5,2H,B,Austin,Interceptions,,none,,,,,,,,
2026-06-18,43:43.2,2H,A,Lach2,On Target,,none,,,,,,,,
2026-06-18,43:43.2,2H,A,James,Key Passes,,none,,,,,,,,
2026-06-18,43:43.4,2H,A,Lach2,Nutmegs,,none,,,,,,,,
2026-06-18,43:43.4,2H,B,Ines,GK Saves,,none,,,,,,,,
2026-06-18,43:52.6,2H,A,Bailey,Interceptions,,none,,,,,,,,
2026-06-18,43:58.0,2H,A,Lach2,Goals,Bailey,none,none,0.8870,0.1810,0.6320,0.7210,0.2310,0.4930,left
2026-06-18,44:16.5,2H,B,Austin,Nutmegs,,none,,,,,,,,
2026-06-18,44:18.1,2H,B,Gio,On Target,,none,,,,,,,,
2026-06-18,44:18.1,2H,B,Austin,Key Passes,,none,,,,,,,,
2026-06-18,44:18.5,2H,A,Richard,GK Saves,,none,,,,,,,,
2026-06-18,44:26.0,2H,B,Austin,Tackles,,none,,,,,,,,
2026-06-18,44:43.7,2H,B,Amin,Interceptions,,none,,,,,,,,
2026-06-18,44:48.5,2H,B,Austin,On Target,,none,,,,,,,,
2026-06-18,44:48.5,2H,B,Gio,Key Passes,,none,,,,,,,,
2026-06-18,44:48.8,2H,B,Austin,Nutmegs,,none,,,,,,,,
2026-06-18,45:12.4,2H,B,Amin,Off Target,,none,,,,,,,,
2026-06-18,45:12.5,2H,B,Austin,Key Passes,,none,,,,,,,,
2026-06-18,45:22.9,2H,B,Lachlan,Nutmegs,,none,,,,,,,,
2026-06-18,45:22.9,2H,B,Lachlan,Tackles,,none,,,,,,,,
2026-06-18,45:27.0,2H,A,Jake,Interceptions,,none,,,,,,,,
2026-06-18,45:31.9,2H,A,Lach2,Interceptions,,none,,,,,,,,
2026-06-18,45:32.6,2H,A,Lach2,Goals,,none,none,0.8500,0.5850,,,0.8850,0.9860,right
2026-06-18,45:47.6,2H,B,Austin,Off Target,,none,,,,,,,,
2026-06-18,45:58.3,2H,A,James,On Target,,none,,,,,,,,
2026-06-18,45:58.3,2H,A,Lach2,Key Passes,,none,,,,,,,,
2026-06-18,45:58.5,2H,B,Ines,GK Saves,,none,,,,,,,,
2026-06-18,46:11.4,2H,A,Jake,Interceptions,,none,,,,,,,,
2026-06-18,46:14.3,2H,A,Jake,On Target,,none,,,,,,,,
2026-06-18,46:14.6,2H,B,Ines,GK Saves,,none,,,,,,,,
2026-06-18,46:26.0,2H,A,Lach2,Interceptions,,none,,,,,,,,
2026-06-18,46:27.2,2H,B,Amin,Tackles,,none,,,,,,,,
2026-06-18,46:28.7,2H,B,Amin,Off Target,,none,,,,,,,,
2026-06-18,46:28.7,2H,B,Amin,Post,,none,,,,,,,,
2026-06-18,46:33.0,2H,B,Austin,Off Target,,none,,,,,,,,
2026-06-18,46:33.0,2H,B,Amin,Key Passes,,none,,,,,,,,
2026-06-18,46:35.7,2H,A,Bailey,Interceptions,,none,,,,,,,,
2026-06-18,47:03.1,2H,A,Jake,Tackles,,none,,,,,,,,
2026-06-18,47:10.0,2H,A,Lach2,Interceptions,,none,,,,,,,,
2026-06-18,47:36.7,2H,B,Austin,Interceptions,,none,,,,,,,,
2026-06-18,47:38.0,2H,B,Austin,Tackles,,none,,,,,,,,
2026-06-18,47:38.0,2H,B,Austin,Nutmegs,,none,,,,,,,,
2026-06-18,47:39.7,2H,B,Gio,Tackles,,none,,,,,,,,
2026-06-18,47:42.3,2H,B,Gio,On Target,,none,,,,,,,,
2026-06-18,47:42.5,2H,A,Jake,Blocks,,none,,,,,,,,
2026-06-18,47:47.3,2H,A,Richard,GK Saves,,none,,,,,,,,
2026-06-18,47:47.0,2H,B,Gio,On Target,,none,,,,,,,,
2026-06-18,48:00.2,2H,A,Lach2,Goals,Jake,none,none,0.8000,0.1460,0.2950,0.1510,0.8600,0.5070,left
2026-06-18,48:19.2,2H,A,Jake,Tackles,,none,,,,,,,,
2026-06-18,48:11.2,2H,B,Ines,GK Removed,,,,,,,,,,
2026-06-18,48:11.2,2H,B,Gio,GK On,,,,,,,,,,
2026-06-18,48:21.6,2H,B,Ines,Interceptions,,none,,,,,,,,
2026-06-18,48:25.4,2H,B,Austin,Off Target,,none,,,,,,,,
2026-06-18,48:25.4,2H,B,Ines,Key Passes,,none,,,,,,,,
2026-06-18,48:27.7,2H,B,Lachlan,On Target,,none,,,,,,,,
2026-06-18,48:27.9,2H,A,Richard,GK Saves,,none,,,,,,,,
2026-06-18,48:38.3,2H,B,Amin,Tackles,,none,,,,,,,,
2026-06-18,48:47.1,2H,A,James,On Target,,none,,,,,,,,
2026-06-18,48:47.1,2H,A,Lach2,Key Passes,,none,,,,,,,,
2026-06-18,48:48.0,2H,B,Gio,GK Saves,,none,,,,,,,,
2026-06-18,48:56.4,2H,A,Lach2,Tackles,,none,,,,,,,,
2026-06-18,49:06.4,2H,A,Jake,On Target,,none,,,,,,,,
2026-06-18,49:06.4,2H,A,Lach2,Key Passes,,none,,,,,,,,
2026-06-18,49:06.4,2H,B,Amin,Blocks,,none,,,,,,,,
2026-06-18,49:23.9,2H,A,Jake,Interceptions,,none,,,,,,,,
2026-06-18,49:28.1,2H,B,Amin,Interceptions,,none,,,,,,,,
2026-06-18,49:33.7,2H,A,James,Interceptions,,none,,,,,,,,
2026-06-18,49:35.2,2H,B,Lachlan,Tackles,,none,,,,,,,,
2026-06-18,49:37.3,2H,B,Lachlan,Goals,,none,none,0.8550,0.7210,,,0.2560,0.4930,right
2026-06-18,49:42.3,2H,A,Richard,GK Removed,,,,,,,,,,
2026-06-18,49:42.3,2H,A,Jake,GK On,,,,,,,,,,
2026-06-18,49:51.9,2H,B,Ines,Tackles,,none,,,,,,,,
2026-06-18,49:55.6,2H,B,Austin,Goals,Ines,none,none,0.7730,0.7340,0.6910,0.2380,0.1190,0.9860,right
2026-06-18,50:23.5,2H,A,Bailey,Interceptions,,none,,,,,,,,
2026-06-18,50:28.1,2H,A,Bailey,On Target,,none,,,,,,,,
2026-06-18,50:28.1,2H,A,Lach2,Key Passes,,none,,,,,,,,
2026-06-18,50:28.5,2H,B,Gio,GK Saves,,none,,,,,,,,
2026-06-18,50:32.3,2H,A,Lach2,Tackles,,none,,,,,,,,
2026-06-18,50:32.8,2H,A,Lach2,On Target,,none,,,,,,,,
2026-06-18,50:33.0,2H,B,Gio,GK Saves,,none,,,,,,,,
2026-06-18,50:42.2,2H,B,Lachlan,Off Target,,none,,,,,,,,
2026-06-18,50:52.5,2H,A,Bailey,Goals,Lach2,highlight,none,0.7820,0.6900,0.6390,0.2510,0.0350,0.4790,left
2026-06-18,51:11.6,2H,B,Ines,On Target,,none,,,,,,,,
2026-06-18,51:11.6,2H,B,Ines,Nutmegs,,none,,,,,,,,
2026-06-18,51:12.2,2H,A,Richard,Blocks,,none,,,,,,,,
2026-06-18,51:21.8,2H,B,Ines,Tackles,,none,,,,,,,,
2026-06-18,51:24.6,2H,A,Lach2,Tackles,,none,,,,,,,,
2026-06-18,51:40.5,2H,B,Amin,Off Target,,none,,,,,,,,
2026-06-18,51:40.5,2H,B,Lachlan,Key Passes,,none,,,,,,,,
2026-06-18,51:50.4,2H,B,Austin,Interceptions,,none,,,,,,,,
2026-06-18,51:54.2,2H,A,Bailey,Interceptions,,none,,,,,,,,
2026-06-18,51:57.7,2H,A,James,Off Target,,none,,,,,,,,
2026-06-18,51:57.5,2H,A,Richard,Key Passes,,none,,,,,,,,
2026-06-18,52:09.6,2H,A,Lach2,On Target,,none,,,,,,,,
2026-06-18,52:09.7,2H,B,Ines,Blocks,,none,,,,,,,,
2026-06-18,52:13.1,2H,A,James,Interceptions,,none,,,,,,,,
2026-06-18,52:17.0,2H,B,Amin,Off Target,,none,,,,,,,,
2026-06-18,52:22.9,2H,B,Amin,On Target,,none,,,,,,,,
2026-06-18,52:22.9,2H,B,Austin,Key Passes,,none,,,,,,,,
2026-06-18,52:23.1,2H,A,Jake,GK Saves,,none,,,,,,,,
2026-06-18,52:50.6,2H,B,Ines,Interceptions,,none,,,,,,,,
2026-06-18,52:58.2,2H,B,Amin,Off Target,,none,,,,,,,,
2026-06-18,52:58.2,2H,B,Austin,Key Passes,,none,,,,,,,,
2026-06-18,53:00.7,2H,B,Lachlan,Off Target,,none,,,,,,,,
2026-06-18,53:16.4,2H,B,Austin,Interceptions,,none,,,,,,,,
2026-06-18,53:26.0,2H,A,Richard,Tackles,,none,,,,,,,,
2026-06-18,53:57.9,2H,B,Austin,Interceptions,,none,,,,,,,,
2026-06-18,54:03.3,2H,A,Richard,Tackles,,none,,,,,,,,
2026-06-18,54:14.5,2H,A,Bailey,On Target,,none,,,,,,,,
2026-06-18,54:14.5,2H,A,Lach2,Key Passes,,none,,,,,,,,
2026-06-18,54:14.8,2H,B,Amin,Blocks,,none,,,,,,,,
2026-06-18,54:18.2,2H,A,James,On Target,,none,,,,,,,,
2026-06-18,54:18.3,2H,B,Gio,GK Saves,,none,,,,,,,,
2026-06-18,54:23.1,2H,A,Bailey,Goals,James,highlight,none,0.7710,0.4010,0.9620,0.0940,0.8140,0.8710,left
2026-06-18,54:44.6,2H,A,Richard,Interceptions,,none,,,,,,,,
2026-06-18,54:44.9,2H,B,Lachlan,Tackles,,none,,,,,,,,
2026-06-18,54:47.7,2H,B,Lachlan,On Target,,none,,,,,,,,
2026-06-18,54:47.8,2H,A,Jake,GK Saves,,none,,,,,,,,
2026-06-18,54:52.2,2H,B,Lachlan,On Target,,none,,,,,,,,
2026-06-18,54:52.2,2H,B,Austin,Key Passes,,none,,,,,,,,
2026-06-18,54:52.4,2H,A,Jake,GK Saves,,none,,,,,,,,
2026-06-18,55:01.3,2H,B,Lachlan,Nutmegs,,none,,,,,,,,
2026-06-18,55:02.0,2H,A,Lach2,Interceptions,,none,,,,,,,,
2026-06-18,55:08.7,2H,B,Amin,Tackles,,none,,,,,,,,
2026-06-18,55:13.3,2H,A,James,On Target,,none,,,,,,,,
2026-06-18,55:13.7,2H,B,Gio,GK Saves,,none,,,,,,,,
2026-06-18,55:21.0,2H,B,Austin,On Target,,none,,,,,,,,
2026-06-18,55:21.2,2H,A,Richard,Blocks,,none,,,,,,,,
2026-06-18,55:23.6,2H,B,Lachlan,Off Target,,none,,,,,,,,
2026-06-18,55:23.6,2H,B,Lachlan,Post,,none,,,,,,,,
2026-06-18,55:27.1,2H,B,Amin,On Target,,none,,,,,,,,
2026-06-18,55:27.1,2H,B,Lachlan,Key Passes,,none,,,,,,,,
2026-06-18,55:27.2,2H,A,James,Blocks,,none,,,,,,,,
2026-06-18,55:29.3,2H,B,Austin,Tackles,,none,,,,,,,,
2026-06-18,55:31.8,2H,A,Richard,Interceptions,,none,,,,,,,,
2026-06-18,55:46.1,2H,A,James,Off Target,,none,,,,,,,,
2026-06-18,55:46.1,2H,A,Lach2,Key Passes,,none,,,,,,,,
2026-06-18,55:59.3,2H,B,Austin,On Target,,none,,,,,,,,
2026-06-18,55:59.3,2H,B,Lachlan,Key Passes,,none,,,,,,,,
2026-06-18,55:59.7,2H,A,Jake,GK Saves,,none,,,,,,,,
2026-06-18,55:52.0,2H,B,Gio,GK Removed,,,,,,,,,,
2026-06-18,55:52.0,2H,B,Ines,GK On,,,,,,,,,,
2026-06-18,56:02.2,2H,B,Gio,On Target,,none,,,,,,,,
2026-06-18,56:03.1,2H,A,Jake,GK Saves,,none,,,,,,,,
2026-06-18,56:08.4,2H,B,Amin,Tackles,,none,,,,,,,,
2026-06-18,56:12.4,2H,B,Amin,Off Target,,none,,,,,,,,
2026-06-18,56:14.3,2H,B,Gio,Goals,,none,none,0.7960,0.0890,,,0.8230,0.7500,left
2026-06-18,56:39.3,2H,B,Gio,Goals,Austin,none,none,0.8000,0.8080,0.4810,0.8390,0.8730,0.7360,right
2026-06-18,56:55.9,2H,B,Gio,Interceptions,,none,,,,,,,,
2026-06-18,56:57.4,2H,A,Lach2,Tackles,,none,,,,,,,,
2026-06-18,57:07.3,2H,A,Richard,Interceptions,,none,,,,,,,,
2026-06-18,57:11.9,2H,B,Amin,Goals,,none,none,0.8710,0.8700,,,0.8340,0.5070,right
2026-06-18,57:09.2,2H,B,Amin,Off Target,,none,,,,,,,,
2026-06-25,0:00.000,1H,B,James,GK On,,,,,,,,,,
2026-06-25,0:00.000,1H,A,Jake,GK On,,,,,,,,,,
2026-06-25,0:12.821,1H,B,Amin,On Target,,none,,,,,,,,
2026-06-25,0:11.821,1H,B,Alberto,Key Passes,,none,,,,,,,,
2026-06-25,0:12.919,1H,A,Jake,GK Saves,,none,,,,,,,,
2026-06-25,0:14.987,1H,A,Gio,Interceptions,,none,,,,,,,,
2026-06-25,0:28.242,1H,B,Lach2,On Target,,none,,,,,,,,
2026-06-25,0:28.739,1H,A,Jake,GK Saves,,none,,,,,,,,
2026-06-25,0:39.855,1H,B,Richard,Interceptions,,none,,,,,,,,
2026-06-25,0:41.866,1H,A,Lachlan,Interceptions,,none,,,,,,,,
2026-06-25,0:44.854,1H,B,Alberto,Tackles,,none,,,,,,,,
2026-06-25,1:16.516,1H,B,Lach2,Nutmegs,,none,,,,,,,,
2026-06-25,1:16.516,1H,B,Lach2,On Target,,none,,,,,,,,
2026-06-25,1:15.516,1H,B,Richard,Key Passes,,none,,,,,,,,
2026-06-25,1:17.134,1H,A,Jake,GK Saves,,none,,,,,,,,
2026-06-25,1:25.335,1H,B,Lach2,Interceptions,,none,,,,,,,,
2026-06-25,1:31.107,1H,B,Alberto,Off Target,,none,,,,,,,,
2026-06-25,1:30.107,1H,B,Amin,Key Passes,,none,,,,,,,,
2026-06-25,1:34.004,1H,B,Lach2,On Target,,none,,,,,,,,
2026-06-25,1:34.473,1H,A,Gio,Blocks,,none,,,,,,,,
2026-06-25,1:42.629,1H,B,Alberto,Off Target,,none,,,,,,,,
2026-06-25,1:41.629,1H,B,Richard,Key Passes,,none,,,,,,,,
2026-06-25,1:46.668,1H,B,Richard,On Target,,none,,,,,,,,
2026-06-25,1:45.668,1H,B,Alberto,Key Passes,,none,,,,,,,,
2026-06-25,1:47.318,1H,A,Jake,GK Saves,,none,,,,,,,,
2026-06-25,2:02.987,1H,B,Richard,Tackles,,none,,,,,,,,
2026-06-25,2:17.972,1H,B,Richard,On Target,,none,,,,,,,,
2026-06-25,2:16.972,1H,B,Lach2,Key Passes,,none,,,,,,,,
2026-06-25,2:17.972,1H,B,Richard,Nutmegs,,none,,,,,,,,
2026-06-25,2:19.133,1H,A,Jake,GK Saves,,none,,,,,,,,
2026-06-25,2:30.247,1H,A,Lachlan,On Target,,none,,,,,,,,
2026-06-25,2:29.247,1H,A,Jake,Key Passes,,none,,,,,,,,
2026-06-25,2:30.352,1H,B,James,GK Saves,,none,,,,,,,,
2026-06-25,2:59.949,1H,B,Amin,On Target,,none,,,,,,,,
2026-06-25,2:58.949,1H,B,Alberto,Key Passes,,none,,,,,,,,
2026-06-25,3:00.146,1H,A,Jake,GK Saves,,none,,,,,,,,
2026-06-25,3:03.598,1H,B,Amin,Interceptions,,none,,,,,,,,
2026-06-25,3:06.016,1H,B,Amin,On Target,,none,,,,,,,,
2026-06-25,3:06.016,1H,B,Amin,Goals,,highlight,none,0.9320,0.2240,,,0.1370,0.9620,left
2026-06-25,3:06.016,1H,B,Amin,Nutmegs,,none,,,,,,,,
2026-06-25,3:35.032,1H,A,Austin,Goals,Lachlan,none,none,0.8690,0.2600,0.9320,0.8790,0.1510,0.8710,left
2026-06-25,3:53.477,1H,B,Richard,On Target,,none,,,,,,,,
2026-06-25,3:52.477,1H,B,Amin,Key Passes,,none,,,,,,,,
2026-06-25,3:54.356,1H,A,Jake,GK Saves,,none,,,,,,,,
2026-06-25,4:09.710,1H,B,Lach2,On Target,,none,,,,,,,,
2026-06-25,4:09.912,1H,A,Austin,Blocks,,none,,,,,,,,
2026-06-25,4:22.230,1H,A,Lachlan,Off Target,,none,,,,,,,,
2026-06-25,4:21.230,1H,A,Austin,Key Passes,,none,,,,,,,,
2026-06-25,4:38.055,1H,B,Amin,On Target,,none,,,,,,,,
2026-06-25,4:37.055,1H,B,Richard,Key Passes,,none,,,,,,,,
2026-06-25,4:38.302,1H,A,Jake,GK Saves,,none,,,,,,,,
2026-06-25,4:40.316,1H,A,Gio,Tackles,,none,,,,,,,,
2026-06-25,5:16.623,1H,B,Amin,Off Target,,none,,,,,,,,
2026-06-25,5:15.623,1H,B,Alberto,Key Passes,,none,,,,,,,,
2026-06-25,5:18.513,1H,A,Gio,Interceptions,,none,,,,,,,,
2026-06-25,5:29.877,1H,B,Lach2,Interceptions,,none,,,,,,,,
2026-06-25,5:31.032,1H,B,Lach2,On Target,,none,,,,,,,,
2026-06-25,5:31.256,1H,A,Gio,Blocks,,none,,,,,,,,
2026-06-25,6:03.521,1H,B,Richard,Interceptions,,none,,,,,,,,
2026-06-25,6:20.717,1H,B,Alberto,Off Target,,none,,,,,,,,
2026-06-25,6:19.717,1H,B,Lach2,Key Passes,,none,,,,,,,,
2026-06-25,6:21.242,1H,B,Amin,Off Target,,none,,,,,,,,
2026-06-25,6:38.954,1H,B,James,GK Removed,,,,,,,,,,
2026-06-25,6:38.954,1H,B,Alberto,GK On,,,,,,,,,,
2026-06-25,6:50.932,1H,A,Lachlan,Tackles,,none,,,,,,,,
2026-06-25,7:03.798,1H,A,Lachlan,Interceptions,,none,,,,,,,,
2026-06-25,7:16.969,1H,B,Amin,Off Target,,none,,,,,,,,
2026-06-25,7:15.969,1H,B,Richard,Key Passes,,none,,,,,,,,
2026-06-25,7:22.786,1H,B,Lach2,Goals,James,highlight,none,0.6930,0.6940,0.9420,0.9140,0.9670,0.5210,right
2026-06-25,7:45.102,1H,A,Gio,Off Target,,none,,,,,,,,
2026-06-25,7:44.102,1H,A,Lachlan,Key Passes,,none,,,,,,,,
2026-06-25,7:45.279,1H,B,Lach2,Blocks,,none,,,,,,,,
2026-06-25,7:53.524,1H,A,Gio,On Target,,none,,,,,,,,
2026-06-25,7:53.801,1H,B,Lach2,Blocks,,none,,,,,,,,
2026-06-25,7:58.565,1H,A,Gio,Interceptions,,none,,,,,,,,
2026-06-25,8:00.941,1H,B,Lach2,Tackles,,none,,,,,,,,
2026-06-25,8:29.793,1H,B,James,Off Target,,none,,,,,,,,
2026-06-25,8:28.793,1H,B,Amin,Key Passes,,none,,,,,,,,
2026-06-25,8:32.923,1H,B,Amin,Tackles,,none,,,,,,,,
2026-06-25,8:34.471,1H,B,Amin,On Target,,none,,,,,,,,
2026-06-25,8:34.589,1H,A,Jake,GK Saves,,none,,,,,,,,
2026-06-25,8:51.281,1H,B,James,On Target,,none,,,,,,,,
2026-06-25,8:51.281,1H,B,James,Nutmegs,,none,,,,,,,,
2026-06-25,8:49.436,1H,A,Jake,GK Removed,,,,,,,,,,
2026-06-25,8:49.436,1H,A,Lachlan,GK On,,,,,,,,,,
2026-06-25,8:51.374,1H,A,Lachlan,GK Saves,,none,,,,,,,,
2026-06-25,9:05.757,1H,B,Richard,Interceptions,,none,,,,,,,,
2026-06-25,9:15.284,1H,B,Amin,On Target,,none,,,,,,,,
2026-06-25,9:14.284,1H,B,James,Key Passes,,none,,,,,,,,
2026-06-25,9:15.284,1H,B,Amin,Nutmegs,,none,,,,,,,,
2026-06-25,9:15.436,1H,A,Gio,Blocks,,none,,,,,,,,
2026-06-25,9:26.175,1H,B,Lach2,Interceptions,,none,,,,,,,,
2026-06-25,9:30.410,1H,A,Gio,Interceptions,,none,,,,,,,,
2026-06-25,9:55.405,1H,A,Austin,Off Target,,none,,,,,,,,
2026-06-25,9:54.405,1H,A,Lachlan,Key Passes,,none,,,,,,,,
2026-06-25,9:56.811,1H,B,Alberto,Interceptions,,none,,,,,,,,
2026-06-25,10:11.960,1H,A,Jake,On Target,,none,,,,,,,,
2026-06-25,10:10.960,1H,A,Lachlan,Key Passes,,none,,,,,,,,
2026-06-25,10:12.209,1H,B,Richard,Blocks,,none,,,,,,,,
2026-06-25,10:13.906,1H,A,Jake,Off Target,,none,,,,,,,,
2026-06-25,10:13.973,1H,A,Jake,Nutmegs,,none,,,,,,,,
2026-06-25,10:25.764,1H,B,Amin,Off Target,,none,,,,,,,,
2026-06-25,10:24.764,1H,B,Lach2,Key Passes,,none,,,,,,,,
2026-06-25,10:40.102,1H,B,Richard,Interceptions,,none,,,,,,,,
2026-06-25,10:46.181,1H,A,Gio,Goals,Jake,none,none,0.7650,0.7510,0.6760,0.1500,0.1220,0.8770,right
2026-06-25,11:09.384,1H,A,Jake,Interceptions,,none,,,,,,,,
2026-06-25,11:10.589,1H,B,Amin,Off Target,,none,,,,,,,,
2026-06-25,11:10.589,1H,A,Gio,Blocks,,none,,,,,,,,
2026-06-25,11:11.067,1H,A,Lachlan,GK Saves,,none,,,,,,,,
2026-06-25,11:19.161,1H,B,Richard,Interceptions,,none,,,,,,,,
2026-06-25,11:21.022,1H,B,Richard,Off Target,,none,,,,,,,,
2026-06-25,11:23.245,1H,B,Amin,On Target,,none,,,,,,,,
2026-06-25,11:23.444,1H,A,Gio,Blocks,,none,,,,,,,,
2026-06-25,11:36.612,1H,A,Jake,Goals,Austin,none,none,0.8160,0.1770,0.4630,0.1370,0.1280,0.6640,left
2026-06-25,11:58.499,1H,A,Austin,Interceptions,,none,,,,,,,,
2026-06-25,12:06.439,1H,A,Austin,Interceptions,,none,,,,,,,,
2026-06-25,12:17.938,1H,B,James,Off Target,,none,,,,,,,,
2026-06-25,12:16.938,1H,B,Amin,Key Passes,,none,,,,,,,,
2026-06-25,12:19.024,1H,A,Lachlan,OG,,none,,,,,,,,
2026-06-25,12:32.850,1H,A,Austin,On Target,,none,,,,,,,,
2026-06-25,12:33.157,1H,B,Amin,Blocks,,none,,,,,,,,
2026-06-25,12:37.261,1H,A,Austin,Off Target,,none,,,,,,,,
2026-06-25,12:36.261,1H,A,Ines,Key Passes,,none,,,,,,,,
2026-06-25,13:10.151,1H,B,Amin,Interceptions,,none,,,,,,,,
2026-06-25,13:11.184,1H,B,Amin,Off Target,,none,,,,,,,,
2026-06-25,13:13.509,1H,B,Richard,On Target,,none,,,,,,,,
2026-06-25,13:13.597,1H,A,Lachlan,GK Saves,,none,,,,,,,,
2026-06-25,13:17.027,1H,B,Richard,Off Target,,none,,,,,,,,
2026-06-25,13:17.027,1H,B,Richard,On Target,,none,,,,,,,,
2026-06-25,13:16.027,1H,B,James,Key Passes,,none,,,,,,,,
2026-06-25,13:17.207,1H,A,Lachlan,GK Saves,,none,,,,,,,,
2026-06-25,13:21.999,1H,A,Jake,Tackles,,none,,,,,,,,
2026-06-25,13:35.544,1H,B,James,On Target,,none,,,,,,,,
2026-06-25,13:34.544,1H,B,Lach2,Key Passes,,none,,,,,,,,
2026-06-25,13:35.672,1H,A,Lachlan,GK Saves,,none,,,,,,,,
2026-06-25,13:36.630,1H,A,Austin,Interceptions,,none,,,,,,,,
2026-06-25,13:44.403,1H,A,Jake,Goals,Lachlan,none,none,0.7550,0.7030,0.0870,0.5060,0.7500,0.2570,right
2026-06-25,14:09.834,1H,B,Amin,On Target,,none,,,,,,,,
2026-06-25,14:08.834,1H,B,Lach2,Key Passes,,none,,,,,,,,
2026-06-25,14:10.201,1H,A,Lachlan,GK Saves,,none,,,,,,,,
2026-06-25,14:14.499,1H,B,Richard,Tackles,,none,,,,,,,,
2026-06-25,14:22.591,1H,B,Amin,Off Target,,none,,,,,,,,
2026-06-25,14:21.591,1H,B,James,Key Passes,,none,,,,,,,,
2026-06-25,14:22.591,1H,B,Amin,Post,,none,,,,,,,,
2026-06-25,14:24.732,1H,B,Amin,Off Target,,none,,,,,,,,
2026-06-25,14:37.020,1H,B,Richard,Tackles,,none,,,,,,,,
2026-06-25,14:40.061,1H,A,Austin,Interceptions,,none,,,,,,,,
2026-06-25,14:41.075,1H,A,Austin,Goals,,highlight,none,0.8370,0.6900,,,0.1240,0.2290,left
2026-06-25,15:07.620,1H,A,Gio,Interceptions,,none,,,,,,,,
2026-06-25,15:18.642,1H,B,Amin,Interceptions,,none,,,,,,,,
2026-06-25,15:19.730,1H,A,Austin,Interceptions,,none,,,,,,,,
2026-06-25,15:24.063,1H,A,Gio,Interceptions,,none,,,,,,,,
2026-06-25,15:27.747,1H,A,Ines,On Target,,none,,,,,,,,
2026-06-25,15:26.747,1H,A,Gio,Key Passes,,none,,,,,,,,
2026-06-25,15:28.322,1H,B,Alberto,GK Saves,,none,,,,,,,,
2026-06-25,15:34.008,1H,A,Jake,Interceptions,,none,,,,,,,,
2026-06-25,15:38.278,1H,B,Lach2,Interceptions,,none,,,,,,,,
2026-06-25,15:49.427,1H,A,Jake,Interceptions,,none,,,,,,,,
2026-06-25,15:50.909,1H,B,Richard,Tackles,,none,,,,,,,,
2026-06-25,15:51.714,1H,A,Jake,Nutmegs,,none,,,,,,,,
2026-06-25,15:52.393,1H,A,Jake,On Target,,none,,,,,,,,
2026-06-25,15:52.742,1H,B,Alberto,GK Saves,,none,,,,,,,,
2026-06-25,16:02.532,1H,B,James,Off Target,,none,,,,,,,,
2026-06-25,16:20.285,1H,B,Lach2,On Target,,none,,,,,,,,
2026-06-25,16:19.285,1H,B,Richard,Key Passes,,none,,,,,,,,
2026-06-25,16:20.455,1H,A,Gio,Blocks,,none,,,,,,,,
2026-06-25,16:45.849,1H,A,Austin,Off Target,,none,,,,,,,,
2026-06-25,16:44.849,1H,A,Jake,Key Passes,,none,,,,,,,,
2026-06-25,16:51.518,1H,B,Lach2,Interceptions,,none,,,,,,,,
2026-06-25,16:58.155,1H,B,Alberto,GK Removed,,,,,,,,,,
2026-06-25,16:58.155,1H,B,Amin,GK On,,,,,,,,,,
2026-06-25,17:06.358,1H,A,Austin,Interceptions,,none,,,,,,,,
2026-06-25,17:13.370,1H,B,Alberto,Off Target,,none,,,,,,,,
2026-06-25,17:12.370,1H,B,Richard,Key Passes,,none,,,,,,,,
2026-06-25,17:30.940,1H,B,Richard,Interceptions,,none,,,,,,,,
2026-06-25,17:39.456,1H,B,Richard,Tackles,,none,,,,,,,,
2026-06-25,17:51.462,1H,A,Ines,Nutmegs,,none,,,,,,,,
2026-06-25,17:52.844,1H,A,Gio,Goals,Ines,none,none,0.7730,0.5800,0.9570,0.8790,0.6290,0.3640,right
2026-06-25,18:03.692,1H,B,Amin,GK Removed,,,,,,,,,,
2026-06-25,18:03.692,1H,B,Richard,GK On,,,,,,,,,,
2026-06-25,18:24.741,1H,B,Amin,Interceptions,,none,,,,,,,,
2026-06-25,18:40.816,1H,A,Jake,Goals,Ines,none,none,0.8070,0.1110,0.7480,0.0980,0.0140,0.8710,right
2026-06-25,19:00.594,1H,A,Gio,Interceptions,,none,,,,,,,,
2026-06-25,19:07.162,1H,B,James,Interceptions,,none,,,,,,,,
2026-06-25,19:09.983,1H,A,Ines,Off Target,,none,,,,,,,,
2026-06-25,19:21.560,1H,A,Ines,Tackles,,none,,,,,,,,
2026-06-25,19:21.560,1H,A,Ines,Nutmegs,,none,,,,,,,,
2026-06-25,19:23.661,1H,A,Austin,Interceptions,,none,,,,,,,,
2026-06-25,19:48.686,1H,B,Alberto,Interceptions,,none,,,,,,,,
2026-06-25,19:59.426,1H,A,Jake,Off Target,,none,,,,,,,,
2026-06-25,19:58.426,1H,A,Austin,Key Passes,,none,,,,,,,,
2026-06-25,20:04.667,1H,B,Alberto,Nutmegs,,none,,,,,,,,
2026-06-25,20:06.194,1H,B,Lach2,Nutmegs,,none,,,,,,,,
2026-06-25,20:04.362,1H,A,Austin,Moment,,lowlight,,,,,,,,
2026-06-25,20:09.506,1H,A,Gio,Interceptions,,none,,,,,,,,
2026-06-25,20:12.457,1H,B,Amin,Tackles,,none,,,,,,,,
2026-06-25,20:15.020,1H,B,Alberto,Tackles,,none,,,,,,,,
2026-06-25,20:16.471,1H,B,Alberto,On Target,,none,,,,,,,,
2026-06-25,20:16.641,1H,A,Lachlan,GK Saves,,none,,,,,,,,
2026-06-25,20:18.797,1H,B,James,Interceptions,,none,,,,,,,,
2026-06-25,20:19.853,1H,B,James,Off Target,,none,,,,,,,,
2026-06-25,20:21.945,1H,B,Amin,On Target,,none,,,,,,,,
2026-06-25,20:22.433,1H,A,Gio,Blocks,,none,,,,,,,,
2026-06-25,20:23.522,1H,B,Amin,Off Target,,none,,,,,,,,
2026-06-25,20:23.522,1H,B,Amin,Post,,none,,,,,,,,
2026-06-25,20:33.652,1H,A,Ines,Goals,Jake,highlight,none,0.7780,0.8010,0.6030,0.2130,0.7420,0.5100,right
2026-06-25,20:45.477,1H,A,Lachlan,GK Removed,,,,,,,,,,
2026-06-25,20:45.477,1H,A,Ines,GK On,,,,,,,,,,
2026-06-25,20:53.528,1H,A,Jake,Interceptions,,none,,,,,,,,
2026-06-25,21:01.092,1H,A,Austin,Off Target,,none,,,,,,,,
2026-06-25,21:00.092,1H,A,Jake,Key Passes,,none,,,,,,,,
2026-06-25,21:03.492,1H,A,Lachlan,Off Target,,none,,,,,,,,
2026-06-25,21:10.922,1H,B,Amin,Goals,Lach2,none,none,0.7980,0.0580,0.5180,0.8130,0.0260,0.6570,left
2026-06-25,21:36.506,1H,A,Austin,Off Target,,none,,,,,,,,
2026-06-25,21:35.506,1H,A,Gio,Key Passes,,none,,,,,,,,
2026-06-25,21:36.602,1H,B,Alberto,Blocks,,none,,,,,,,,
2026-06-25,21:39.297,1H,B,Lach2,Goals,,highlight,none,0.6180,0.8520,,,0.9960,0.2430,right
2026-06-25,22:04.117,1H,B,Alberto,Interceptions,,none,,,,,,,,
2026-06-25,22:07.071,1H,B,Amin,On Target,,none,,,,,,,,
2026-06-25,22:06.071,1H,B,Alberto,Key Passes,,none,,,,,,,,
2026-06-25,22:07.492,1H,A,Ines,GK Saves,,none,,,,,,,,
2026-06-25,22:12.648,1H,A,Jake,Off Target,,none,,,,,,,,
2026-06-25,22:11.648,1H,A,Gio,Key Passes,,none,,,,,,,,
2026-06-25,22:16.475,1H,A,Gio,Off Target,,none,,,,,,,,
2026-06-25,22:22.044,1H,A,Jake,Tackles,,none,,,,,,,,
2026-06-25,22:38.740,1H,A,Jake,Off Target,,none,,,,,,,,
2026-06-25,22:37.740,1H,A,Gio,Key Passes,,none,,,,,,,,
2026-06-25,22:39.991,1H,A,Lachlan,Off Target,,none,,,,,,,,
2026-06-25,22:46.617,1H,A,Lachlan,Tackles,,none,,,,,,,,
2026-06-25,22:58.078,1H,A,Lachlan,Interceptions,,none,,,,,,,,
2026-06-25,23:00.560,1H,A,Lachlan,On Target,,none,,,,,,,,
2026-06-25,23:00.617,1H,B,James,Blocks,,none,,,,,,,,
2026-06-25,23:09.573,1H,A,Gio,Interceptions,,none,,,,,,,,
2026-06-25,23:10.993,1H,A,Gio,On Target,,none,,,,,,,,
2026-06-25,23:11.126,1H,B,James,Blocks,,none,,,,,,,,
2026-06-25,23:15.117,1H,B,Amin,On Target,,none,,,,,,,,
2026-06-25,23:14.117,1H,B,Lach2,Key Passes,,none,,,,,,,,
2026-06-25,23:15.472,1H,A,Ines,GK Saves,,none,,,,,,,,
2026-06-25,23:28.260,1H,A,Gio,Interceptions,,none,,,,,,,,
2026-06-25,23:34.122,1H,B,Alberto,Interceptions,,none,,,,,,,,
2026-06-25,23:35.983,1H,B,Lach2,On Target,,none,,,,,,,,
2026-06-25,23:36.259,1H,A,Ines,GK Saves,,none,,,,,,,,
2026-06-25,23:45.021,1H,B,James,Interceptions,,none,,,,,,,,
2026-06-25,23:45.910,1H,A,Lachlan,On Target,,none,,,,,,,,
2026-06-25,23:46.311,1H,B,Richard,GK Saves,,none,,,,,,,,
2026-06-25,23:53.655,1H,B,Amin,Off Target,,none,,,,,,,,
2026-06-25,23:52.655,1H,B,Alberto,Key Passes,,none,,,,,,,,
2026-06-25,24:01.308,1H,A,Jake,Off Target,,none,,,,,,,,
2026-06-25,24:00.308,1H,A,Gio,Key Passes,,none,,,,,,,,
2026-06-25,24:04.110,1H,A,Lachlan,On Target,,none,,,,,,,,
2026-06-25,24:04.443,1H,B,Richard,GK Saves,,none,,,,,,,,
2026-06-25,24:10.984,1H,B,Lach2,Goals,Alberto,highlight,highlight,0.7980,0.1460,0.5270,0.7820,0.9730,0.9070,left
2026-06-25,24:36.018,1H,A,Gio,Interceptions,,none,,,,,,,,
2026-06-25,24:36.018,1H,A,Ines,GK Removed,,,,,,,,,,
2026-06-25,24:36.018,1H,A,Austin,GK On,,,,,,,,,,
2026-06-25,24:40.057,1H,A,Jake,Interceptions,,none,,,,,,,,
2026-06-25,24:41.596,1H,A,Jake,Tackles,,none,,,,,,,,
2026-06-25,24:43.960,1H,B,Lach2,Interceptions,,none,,,,,,,,
2026-06-25,24:48.797,1H,A,Gio,Goals,Lachlan,none,none,0.8090,0.4930,0.6860,0.2120,0.8980,0.7360,right
2026-06-25,24:58.563,2H,B,Richard,GK Removed,,,,,,,,,,
2026-06-25,24:58.563,2H,B,James,GK On,,,,,,,,,,
2026-06-25,24:58.563,2H,A,Austin,GK Removed,,,,,,,,,,
2026-06-25,24:58.563,2H,A,Gio,GK On,,,,,,,,,,
2026-06-25,25:27.000,2H,B,Lach2,On Target,,none,,,,,,,,
2026-06-25,25:26.000,2H,B,Alberto,Key Passes,,none,,,,,,,,
2026-06-25,25:27.070,2H,A,Lachlan,Tackles,,none,,,,,,,,
2026-06-25,25:32.790,2H,A,Jake,Goals,Gio,none,none,0.8070,0.1020,0.1030,0.4660,0.4950,0.9790,left
2026-06-25,25:56.119,2H,A,Lachlan,Tackles,,none,,,,,,,,
2026-06-25,26:01.990,2H,B,Richard,Interceptions,,none,,,,,,,,
2026-06-25,26:08.898,2H,B,Amin,On Target,,none,,,,,,,,
2026-06-25,26:07.898,2H,B,Lach2,Key Passes,,none,,,,,,,,
2026-06-25,24:47.379,2H,A,Lachlan,Nutmegs,,none,,,,,,,,
2026-06-25,26:09.207,2H,A,Gio,GK Saves,,none,,,,,,,,
2026-06-25,26:14.940,2H,B,Richard,Interceptions,,none,,,,,,,,
2026-06-25,26:20.663,2H,A,Jake,Tackles,,none,,,,,,,,
2026-06-25,26:35.689,2H,A,Lachlan,On Target,,none,,,,,,,,
2026-06-25,26:34.689,2H,A,Austin,Key Passes,,none,,,,,,,,
2026-06-25,26:35.846,2H,B,Richard,Blocks,,none,,,,,,,,
2026-06-25,26:50.970,2H,B,Alberto,Tackles,,none,,,,,,,,
2026-06-25,26:57.672,2H,B,Amin,On Target,,none,,,,,,,,
2026-06-25,26:58.136,2H,A,Gio,GK Saves,,none,,,,,,,,
2026-06-25,26:58.974,2H,B,Amin,Goals,,none,none,0.8340,0.1150,,,0.7500,0.7860,left
2026-06-25,26:58.997,2H,B,Amin,Nutmegs,,none,,,,,,,,
2026-06-25,27:15.067,2H,B,James,GK Removed,,,,,,,,,,
2026-06-25,27:15.067,2H,B,Alberto,GK On,,,,,,,,,,
2026-06-25,27:25.067,2H,B,James,On Target,,none,,,,,,,,
2026-06-25,27:24.067,2H,B,Richard,Key Passes,,none,,,,,,,,
2026-06-25,27:25.447,2H,A,Gio,GK Saves,,none,,,,,,,,
2026-06-25,27:29.813,2H,B,Richard,Interceptions,,none,,,,,,,,
2026-06-25,27:34.230,2H,B,James,On Target,,none,,,,,,,,
2026-06-25,27:33.230,2H,B,Richard,Key Passes,,none,,,,,,,,
2026-06-25,27:34.562,2H,A,Gio,GK Saves,,none,,,,,,,,
2026-06-25,27:35.380,2H,B,James,Nutmegs,,none,,,,,,,,
2026-06-25,27:44.325,2H,B,Richard,Off Target,,none,,,,,,,,
2026-06-25,27:55.356,2H,B,Richard,Interceptions,,none,,,,,,,,
2026-06-25,28:00.031,2H,B,Lach2,Interceptions,,none,,,,,,,,
2026-06-25,28:02.882,2H,B,Lach2,Interceptions,,none,,,,,,,,
2026-06-25,28:22.263,2H,A,Lachlan,Off Target,,none,,,,,,,,
2026-06-25,28:21.263,2H,A,Austin,Key Passes,,none,,,,,,,,
2026-06-25,28:24.151,2H,A,Austin,Off Target,,none,,,,,,,,
2026-06-25,28:29.946,2H,A,Ines,Interceptions,,none,,,,,,,,
2026-06-25,28:34.760,2H,B,Amin,On Target,,none,,,,,,,,
2026-06-25,28:33.760,2H,B,Lach2,Key Passes,,none,,,,,,,,
2026-06-25,28:34.913,2H,A,Lachlan,Blocks,,none,,,,,,,,
2026-06-25,28:38.567,2H,A,Austin,Interceptions,,none,,,,,,,,
2026-06-25,28:50.507,2H,B,Lach2,Interceptions,,none,,,,,,,,
2026-06-25,28:54.889,2H,B,James,Off Target,,none,,,,,,,,
2026-06-25,28:53.889,2H,B,Amin,Key Passes,,none,,,,,,,,
2026-06-25,28:58.641,2H,B,Richard,Interceptions,,none,,,,,,,,
2026-06-25,29:01.521,2H,B,Lach2,On Target,,none,,,,,,,,
2026-06-25,29:00.521,2H,B,Richard,Key Passes,,none,,,,,,,,
2026-06-25,29:01.725,2H,A,Lachlan,Blocks,,none,,,,,,,,
2026-06-25,29:07.638,2H,B,Richard,Interceptions,,none,,,,,,,,
2026-06-25,29:08.808,2H,A,Jake,Tackles,,none,,,,,,,,
2026-06-25,29:09.646,2H,A,Jake,Off Target,,none,,,,,,,,
2026-06-25,29:29.725,2H,A,Jake,Tackles,,none,,,,,,,,
2026-06-25,29:45.661,2H,B,Amin,Off Target,,none,,,,,,,,
2026-06-25,29:44.661,2H,B,Lach2,Key Passes,,none,,,,,,,,
2026-06-25,29:47.176,2H,B,James,On Target,,none,,,,,,,,
2026-06-25,29:47.560,2H,A,Gio,GK Saves,,none,,,,,,,,
2026-06-25,29:58.998,2H,A,Jake,Off Target,,none,,,,,,,,
2026-06-25,29:57.998,2H,A,Ines,Key Passes,,none,,,,,,,,
2026-06-25,30:06.914,2H,A,Austin,Interceptions,,none,,,,,,,,
2026-06-25,30:09.878,2H,A,Jake,On Target,,none,,,,,,,,
2026-06-25,30:08.878,2H,A,Austin,Key Passes,,none,,,,,,,,
2026-06-25,30:10.126,2H,A,Jake,Nutmegs,,none,,,,,,,,
2026-06-25,30:10.126,2H,B,Alberto,GK Saves,,none,,,,,,,,
2026-06-25,30:31.245,2H,B,Lach2,Off Target,,none,,,,,,,,
2026-06-25,30:30.245,2H,B,Amin,Key Passes,,none,,,,,,,,
2026-06-25,30:43.560,2H,A,Jake,On Target,,none,,,,,,,,
2026-06-25,30:42.560,2H,A,Austin,Key Passes,,none,,,,,,,,
2026-06-25,30:43.758,2H,B,Alberto,GK Saves,,none,,,,,,,,
2026-06-25,30:49.378,2H,A,Austin,Off Target,,none,,,,,,,,
2026-06-25,30:51.256,2H,B,Richard,Interceptions,,none,,,,,,,,
2026-06-25,31:04.072,2H,A,Lachlan,Interceptions,,none,,,,,,,,
2026-06-25,31:06.218,2H,A,Lachlan,On Target,,none,,,,,,,,
2026-06-25,31:06.508,2H,B,Richard,Blocks,,none,,,,,,,,
2026-06-25,31:09.959,2H,A,Lachlan,Interceptions,,none,,,,,,,,
2026-06-25,31:10.808,2H,B,Richard,Tackles,,none,,,,,,,,
2026-06-25,31:10.889,2H,A,Lachlan,Off Target,,none,,,,,,,,
2026-06-25,31:19.095,2H,B,Amin,On Target,,none,,,,,,,,
2026-06-25,31:18.095,2H,B,Alberto,Key Passes,,none,,,,,,,,
2026-06-25,31:19.495,2H,A,Ines,Blocks,,none,,,,,,,,
2026-06-25,31:33.319,2H,A,Lachlan,On Target,,none,,,,,,,,
2026-06-25,31:32.319,2H,A,Austin,Key Passes,,none,,,,,,,,
2026-06-25,31:33.412,2H,B,Richard,Blocks,,none,,,,,,,,
2026-06-25,31:41.568,2H,A,Jake,Interceptions,,none,,,,,,,,
2026-06-25,31:42.485,2H,A,Jake,On Target,,none,,,,,,,,
2026-06-25,31:42.867,2H,B,Alberto,GK Saves,,highlight,,,,,,,,
2026-06-25,32:02.440,2H,B,James,On Target,,none,,,,,,,,
2026-06-25,32:01.440,2H,B,Amin,Key Passes,,none,,,,,,,,
2026-06-25,32:02.541,2H,A,Gio,GK Saves,,none,,,,,,,,
2026-06-25,32:05.980,2H,B,Richard,Interceptions,,none,,,,,,,,
2026-06-25,32:14.169,2H,B,Amin,Off Target,,none,,,,,,,,
2026-06-25,32:13.169,2H,B,James,Key Passes,,none,,,,,,,,
2026-06-25,32:14.701,2H,B,Amin,Post,,none,,,,,,,,
2026-06-25,32:26.620,2H,B,Richard,Interceptions,,none,,,,,,,,
2026-06-25,32:39.466,2H,A,Lachlan,Nutmegs,,none,,,,,,,,
2026-06-25,32:41.877,2H,B,Lach2,Tackles,,none,,,,,,,,
2026-06-25,32:43.584,2H,B,Lach2,Off Target,,none,,,,,,,,
2026-06-25,32:57.859,2H,B,Lach2,Interceptions,,none,,,,,,,,
2026-06-25,32:56.343,2H,A,Gio,GK Removed,,,,,,,,,,
2026-06-25,32:56.343,2H,A,Ines,GK On,,,,,,,,,,
2026-06-25,33:01.078,2H,A,Gio,Interceptions,,none,,,,,,,,
2026-06-25,33:08.818,2H,A,Gio,On Target,,none,,,,,,,,
2026-06-25,33:07.818,2H,A,Austin,Key Passes,,none,,,,,,,,
2026-06-25,33:09.450,2H,B,Alberto,GK Saves,,none,,,,,,,,
2026-06-25,33:16.749,2H,B,Richard,Tackles,,none,,,,,,,,
2026-06-25,33:27.554,2H,A,Gio,Tackles,,none,,,,,,,,
2026-06-25,33:37.207,2H,A,Jake,On Target,,none,,,,,,,,
2026-06-25,33:36.207,2H,A,Ines,Key Passes,,none,,,,,,,,
2026-06-25,33:37.335,2H,B,Richard,Blocks,,none,,,,,,,,
2026-06-25,34:08.457,2H,B,Richard,Interceptions,,none,,,,,,,,
2026-06-25,34:13.013,2H,B,Lach2,Off Target,,none,,,,,,,,
2026-06-25,34:12.013,2H,B,Richard,Key Passes,,none,,,,,,,,
2026-06-25,34:19.705,2H,A,Lachlan,On Target,,none,,,,,,,,
2026-06-25,34:18.705,2H,A,Ines,Key Passes,,none,,,,,,,,
2026-06-25,34:19.935,2H,B,Alberto,GK Saves,,none,,,,,,,,
2026-06-25,34:24.464,2H,B,Amin,Off Target,,none,,,,,,,,
2026-06-25,34:31.667,2H,B,Richard,Interceptions,,none,,,,,,,,
2026-06-25,34:37.903,2H,B,Alberto,GK Removed,,,,,,,,,,
2026-06-25,34:37.903,2H,B,Amin,GK On,,,,,,,,,,
2026-06-25,36:04.398,2H,A,Lachlan,Off Target,,none,,,,,,,,
2026-06-25,36:09.883,2H,B,James,Goals,Alberto,none,highlight,0.7960,0.1860,0.5820,0.7650,0.0580,0.6140,left
2026-06-25,36:26.685,2H,B,Alberto,Tackles,,none,,,,,,,,
2026-06-25,36:27.635,2H,B,Alberto,Goals,,highlight,none,0.7590,0.3170,,,0.7090,0.6210,right
2026-06-25,36:45.635,2H,B,Lach2,Interceptions,,none,,,,,,,,
2026-06-25,36:51.007,2H,B,Lach2,Interceptions,,none,,,,,,,,
2026-06-25,36:55.603,2H,A,Lachlan,Interceptions,,none,,,,,,,,
2026-06-25,37:02.693,2H,B,Lach2,Interceptions,,none,,,,,,,,
2026-06-25,37:22.677,2H,B,Lach2,On Target,,none,,,,,,,,
2026-06-25,37:21.677,2H,B,James,Key Passes,,none,,,,,,,,
2026-06-25,35:18.190,2H,A,Ines,GK Removed,,,,,,,,,,
2026-06-25,35:18.190,2H,A,Jake,GK On,,,,,,,,,,
2026-06-25,37:29.725,2H,B,Lach2,Interceptions,,none,,,,,,,,
2026-06-25,37:34.649,2H,A,Austin,Interceptions,,none,,,,,,,,
2026-06-25,37:38.866,2H,A,Austin,Interceptions,,none,,,,,,,,
2026-06-25,37:51.317,2H,A,Gio,Off Target,,none,,,,,,,,
2026-06-25,37:50.317,2H,A,Austin,Key Passes,,none,,,,,,,,
2026-06-25,37:57.806,2H,A,Austin,Interceptions,,none,,,,,,,,
2026-06-25,38:01.201,2H,B,Richard,Interceptions,,none,,,,,,,,
2026-06-25,38:19.676,2H,A,Austin,On Target,,none,,,,,,,,
2026-06-25,38:18.676,2H,A,Ines,Key Passes,,none,,,,,,,,
2026-06-25,38:19.676,2H,A,Austin,Nutmegs,,none,,,,,,,,
2026-06-25,38:21.021,2H,A,Lachlan,Off Target,,none,,,,,,,,
2026-06-25,38:19.898,2H,B,Amin,GK Saves,,none,,,,,,,,
2026-06-25,38:21.348,2H,B,Amin,GK Saves,,none,,,,,,,,
2026-06-25,38:27.041,2H,B,Lach2,Off Target,,none,,,,,,,,
2026-06-25,38:26.041,2H,B,Amin,Key Passes,,none,,,,,,,,
2026-06-25,38:36.773,2H,B,Richard,Tackles,,none,,,,,,,,
2026-06-25,38:36.773,2H,B,Richard,Nutmegs,,none,,,,,,,,
2026-06-25,38:51.687,2H,B,Richard,Tackles,,none,,,,,,,,
2026-06-25,38:56.932,2H,B,Amin,GK Removed,,,,,,,,,,
2026-06-25,38:56.932,2H,B,James,GK On,,,,,,,,,,
2026-06-25,39:04.008,2H,A,Austin,Interceptions,,none,,,,,,,,
2026-06-25,39:13.820,2H,A,Lachlan,Off Target,,none,,,,,,,,
2026-06-25,39:12.820,2H,A,Ines,Key Passes,,none,,,,,,,,
2026-06-25,39:36.443,2H,B,Amin,On Target,,none,,,,,,,,
2026-06-25,39:35.443,2H,B,James,Key Passes,,none,,,,,,,,
2026-06-25,39:36.544,2H,A,Lachlan,Blocks,,none,,,,,,,,
2026-06-25,39:36.585,2H,B,Amin,Nutmegs,,none,,,,,,,,
2026-06-25,39:39.686,2H,B,Lach2,On Target,,none,,,,,,,,
2026-06-25,39:38.686,2H,B,Alberto,Key Passes,,none,,,,,,,,
2026-06-25,39:39.840,2H,A,Austin,Blocks,,none,,,,,,,,
2026-06-25,40:02.704,2H,A,Austin,Goals,Lachlan,none,none,0.8340,0.6730,0.5220,0.8000,0.5000,0.9860,left
2026-06-25,40:03.298,2H,A,Austin,Nutmegs,,none,,,,,,,,
2026-06-25,40:51.841,2H,A,Lachlan,Off Target,,none,,,,,,,,
2026-06-25,40:50.841,2H,A,Ines,Key Passes,,none,,,,,,,,
2026-06-25,40:58.524,2H,A,Austin,On Target,,none,,,,,,,,
2026-06-25,40:57.524,2H,A,Ines,Key Passes,,none,,,,,,,,
2026-06-25,40:58.716,2H,B,Richard,Blocks,,none,,,,,,,,
2026-06-25,41:07.764,2H,A,Ines,Interceptions,,none,,,,,,,,
2026-06-25,41:37.161,2H,B,Amin,On Target,,none,,,,,,,,
2026-06-25,41:36.161,2H,B,Alberto,Key Passes,,none,,,,,,,,
2026-06-25,41:37.808,2H,A,Jake,GK Saves,,none,,,,,,,,
2026-06-25,41:54.326,2H,A,Austin,Nutmegs,,none,,,,,,,,
2026-06-25,41:59.934,2H,A,Gio,Nutmegs,,none,,,,,,,,
2026-06-25,42:06.999,2H,A,Austin,Interceptions,,none,,,,,,,,
2026-06-25,42:23.828,2H,A,Ines,Interceptions,,none,,,,,,,,
2026-06-25,42:47.413,2H,B,Richard,Interceptions,,none,,,,,,,,
2026-06-25,43:04.362,2H,B,Richard,On Target,,none,,,,,,,,
2026-06-25,43:03.362,2H,B,Alberto,Key Passes,,none,,,,,,,,
2026-06-25,43:04.625,2H,A,Lachlan,Blocks,,none,,,,,,,,
2026-06-25,43:23.966,2H,B,Amin,Off Target,,none,,,,,,,,
2026-06-25,43:22.966,2H,B,Alberto,Key Passes,,none,,,,,,,,
2026-06-25,43:39.814,2H,A,Lachlan,Interceptions,,none,,,,,,,,
2026-06-25,43:41.329,2H,B,Richard,On Target,,none,,,,,,,,
2026-06-25,43:41.459,2H,A,Lachlan,Blocks,,none,,,,,,,,
2026-06-25,43:49.504,2H,B,Amin,Off Target,,none,,,,,,,,
2026-06-25,43:48.504,2H,B,Alberto,Key Passes,,none,,,,,,,,
2026-06-25,44:17.870,2H,B,Amin,Off Target,,none,,,,,,,,
2026-06-25,44:16.870,2H,B,James,Key Passes,,none,,,,,,,,
2026-06-25,44:25.747,2H,B,Richard,Interceptions,,none,,,,,,,,
2026-06-25,44:28.875,2H,B,Richard,Goals,Amin,none,none,0.8640,0.1240,0.6590,0.1020,0.0600,0.6640,right
2026-06-25,44:52.553,2H,A,Austin,Off Target,,none,,,,,,,,
2026-06-25,44:51.553,2H,A,Lachlan,Key Passes,,none,,,,,,,,
2026-06-25,44:24.828,2H,B,James,GK Removed,,,,,,,,,,
2026-06-25,44:24.828,2H,B,Alberto,GK On,,,,,,,,,,
2026-06-25,44:59.852,2H,A,Lachlan,Interceptions,,none,,,,,,,,
2026-06-25,45:04.029,2H,A,Gio,On Target,,none,,,,,,,,
2026-06-25,45:03.029,2H,A,Lachlan,Key Passes,,none,,,,,,,,
2026-06-25,45:04.245,2H,B,Lach2,Blocks,,none,,,,,,,,
2026-06-25,45:08.755,2H,A,Ines,Interceptions,,none,,,,,,,,
2026-06-25,45:17.063,2H,B,Lach2,Interceptions,,none,,,,,,,,
2026-06-25,45:27.828,2H,B,Lach2,Goals,,none,none,0.7660,0.1200,,,0.9280,0.2640,right
2026-06-25,45:43.009,2H,A,Ines,Off Target,,none,,,,,,,,
2026-06-25,45:44.153,2H,B,Alberto,GK Saves,,none,,,,,,,,
2026-06-25,45:49.350,2H,A,Gio,Interceptions,,none,,,,,,,,
2026-06-25,45:53.009,2H,B,Amin,On Target,,none,,,,,,,,
2026-06-25,45:52.009,2H,B,James,Key Passes,,none,,,,,,,,
2026-06-25,45:53.274,2H,A,Jake,GK Saves,,none,,,,,,,,
2026-06-25,45:59.022,2H,B,Richard,Off Target,,none,,,,,,,,
2026-06-25,45:58.022,2H,B,Lach2,Key Passes,,none,,,,,,,,
2026-06-25,46:05.827,2H,A,Gio,On Target,,none,,,,,,,,
2026-06-25,46:04.827,2H,A,Jake,Key Passes,,none,,,,,,,,
2026-06-25,46:05.996,2H,B,Alberto,GK Saves,,none,,,,,,,,
2026-06-25,46:18.642,2H,B,Amin,On Target,,none,,,,,,,,
2026-06-25,46:17.642,2H,B,Lach2,Key Passes,,none,,,,,,,,
2026-06-25,46:18.818,2H,A,Austin,Blocks,,none,,,,,,,,
2026-06-25,46:43.933,2H,A,Gio,Goals,Lachlan,none,highlight,0.8030,0.4440,0.7160,0.0450,0.7660,0.9640,right
2026-06-25,47:12.018,2H,B,James,Off Target,,none,,,,,,,,
2026-06-25,47:12.319,2H,A,Lachlan,Blocks,,none,,,,,,,,
2026-06-25,47:15.420,2H,B,Richard,Tackles,,none,,,,,,,,
2026-06-25,47:19.901,2H,B,Richard,Off Target,,none,,,,,,,,
2026-06-25,47:36.069,2H,B,Lach2,Interceptions,,none,,,,,,,,
2026-06-25,47:53.582,2H,A,Lachlan,Nutmegs,,none,,,,,,,,
2026-06-25,47:54.632,2H,B,Lach2,Interceptions,,none,,,,,,,,
2026-06-25,48:08.184,2H,B,Amin,On Target,,none,,,,,,,,
2026-06-25,48:07.184,2H,B,Lach2,Key Passes,,none,,,,,,,,
2026-06-25,48:08.422,2H,A,Jake,GK Saves,,none,,,,,,,,
2026-06-25,48:18.436,2H,A,Lachlan,Goals,Austin,highlight,none,0.7500,0.2080,0.3900,0.7080,0.8750,0.8140,right
2026-06-25,48:32.076,2H,A,Austin,Interceptions,,none,,,,,,,,
2026-06-25,48:36.133,2H,A,Austin,Off Target,,none,,,,,,,,
2026-06-25,49:02.446,2H,B,James,Goals,Richard,none,none,0.8460,0.6810,0.9390,0.8520,0.5000,0.9710,right
2026-06-25,49:26.663,2H,A,Austin,On Target,,none,,,,,,,,
2026-06-25,49:27.144,2H,B,Alberto,GK Saves,,none,,,,,,,,
2026-06-25,49:29.162,2H,A,Lachlan,On Target,,none,,,,,,,,
2026-06-25,49:29.253,2H,B,Alberto,GK Saves,,none,,,,,,,,
2026-06-25,49:42.406,2H,A,Ines,Off Target,,none,,,,,,,,
2026-06-25,49:42.922,2H,B,Alberto,GK Saves,,none,,,,,,,,
2026-06-25,49:58.785,2H,A,Ines,Interceptions,,none,,,,,,,,
2026-06-25,50:01.583,2H,B,Richard,Interceptions,,none,,,,,,,,
2026-06-25,50:11.789,2H,A,Gio,Interceptions,,none,,,,,,,,
2026-06-25,50:17.022,2H,A,Lachlan,Off Target,,none,,,,,,,,
2026-06-25,50:16.022,2H,A,Austin,Key Passes,,none,,,,,,,,
2026-06-25,50:26.973,2H,B,James,Off Target,,none,,,,,,,,
2026-06-25,50:25.973,2H,B,Lach2,Key Passes,,none,,,,,,,,
2026-06-25,50:27.445,2H,B,James,Post,,none,,,,,,,,
2026-06-25,50:28.659,2H,A,Gio,Interceptions,,none,,,,,,,,
2026-06-25,50:33.436,2H,B,Lach2,Interceptions,,none,,,,,,,,
2026-06-25,50:39.983,2H,A,Austin,On Target,,none,,,,,,,,
2026-06-25,50:38.983,2H,A,Gio,Key Passes,,none,,,,,,,,
2026-06-25,50:40.643,2H,B,Alberto,GK Saves,,highlight,,,,,,,,
2026-06-25,50:44.457,2H,A,Gio,On Target,,none,,,,,,,,
2026-06-25,50:43.457,2H,A,Lachlan,Key Passes,,none,,,,,,,,
2026-06-25,50:44.457,2H,A,Lachlan,Nutmegs,,none,,,,,,,,
2026-06-25,50:44.622,2H,B,Lach2,Blocks,,none,,,,,,,,
2026-06-25,50:46.818,2H,A,Gio,Off Target,,none,,,,,,,,
2026-06-25,50:53.414,2H,A,Austin,Interceptions,,none,,,,,,,,
2026-06-25,50:55.256,2H,A,Lachlan,Interceptions,,none,,,,,,,,
2026-06-25,50:57.016,2H,A,Gio,Tackles,,none,,,,,,,,
2026-06-25,50:59.174,2H,B,Lach2,Interceptions,,none,,,,,,,,
2026-06-25,51:03.165,2H,B,Amin,On Target,,none,,,,,,,,
2026-06-25,51:03.445,2H,A,Jake,GK Saves,,none,,,,,,,,
2026-06-25,51:09.686,2H,B,Lach2,Goals,James,none,none,0.8320,0.3830,0.8890,0.7030,0.9480,0.9570,left
2026-07-02,00:00.0,1H,A,James,GK On,,,,,,,,,,
2026-07-02,00:00.0,1H,B,Alberto,GK On,,,,,,,,,,
2026-07-02,00:07.9,1H,B,Gio,Interceptions,,none,,,,,,,,
2026-07-02,00:10.5,1H,A,Austin,Off Target,,none,,,,,,,,
2026-07-02,00:18.8,1H,B,Lachlan,Off Target,,none,,,,,,,,
2026-07-02,00:17.8,1H,B,Gio,Key Passes,,none,,,,,,,,
2026-07-02,00:26.4,1H,A,Austin,Nutmegs,,none,,,,,,,,
2026-07-02,00:28.0,1H,B,Ines,Interceptions,,none,,,,,,,,
2026-07-02,01:00.9,1H,B,Lachlan,Interceptions,,none,,,,,,,,
2026-07-02,01:05.0,1H,A,Austin,Interceptions,,none,,,,,,,,
2026-07-02,01:17.0,1H,A,Amin,On Target,,none,,,,,,,,
2026-07-02,01:16.0,1H,A,Austin,Key Passes,,none,,,,,,,,
2026-07-02,01:17.4,1H,B,Gio,Blocks,,none,,,,,,,,
2026-07-02,01:21.7,1H,A,Vijit,Interceptions,,none,,,,,,,,
2026-07-02,01:26.5,1H,B,Lachlan,On Target,,none,,,,,,,,
2026-07-02,01:25.5,1H,B,Ines,Key Passes,,none,,,,,,,,
2026-07-02,01:27.1,1H,A,James,GK Saves,,none,,,,,,,,
2026-07-02,01:28.1,1H,B,Ines,On Target,,none,,,,,,,,
2026-07-02,01:28.3,1H,A,James,GK Saves,,none,,,,,,,,
2026-07-02,01:32.7,1H,B,Richard,Interceptions,,none,,,,,,,,
2026-07-02,01:35.2,1H,A,Vijit,Interceptions,,none,,,,,,,,
2026-07-02,01:43.1,1H,A,Vijit,Interceptions,,none,,,,,,,,
2026-07-02,01:44.5,1H,B,Gio,Interceptions,,none,,,,,,,,
2026-07-02,01:47.7,1H,A,Amin,Tackles,,none,,,,,,,,
2026-07-02,01:54.0,1H,A,Bailey,Interceptions,,none,,,,,,,,
2026-07-02,01:57.8,1H,B,Richard,Tackles,,none,,,,,,,,
2026-07-02,02:13.8,1H,A,Amin,Goals,Austin,highlight,none,0.7620,0.1540,0.4200,0.7380,0.3790,0.0350,left
2026-07-02,02:25.2,1H,B,Alberto,GK Removed,,,,,,,,,,
2026-07-02,02:25.2,1H,B,Richard,GK On,,,,,,,,,,
2026-07-02,02:34.0,1H,A,Amin,Interceptions,,none,,,,,,,,
2026-07-02,02:34.4,1H,B,Alberto,Tackles,,none,,,,,,,,
2026-07-02,02:43.0,1H,B,Gio,Interceptions,,none,,,,,,,,
2026-07-02,02:45.8,1H,A,Vijit,Tackles,,none,,,,,,,,
2026-07-02,02:54.9,1H,B,Gio,Interceptions,,none,,,,,,,,
2026-07-02,02:59.7,1H,B,Gio,Nutmegs,,none,,,,,,,,
2026-07-02,02:59.7,1H,B,Gio,Goals,Lachlan,none,none,0.8390,0.4930,0.7520,0.8870,0.4970,0.7570,right
2026-07-02,03:20.0,1H,A,Amin,On Target,,none,,,,,,,,
2026-07-02,03:19.0,1H,A,Austin,Key Passes,,none,,,,,,,,
2026-07-02,03:20.2,1H,B,Ines,Blocks,,none,,,,,,,,
2026-07-02,03:21.9,1H,A,Bailey,Interceptions,,none,,,,,,,,
2026-07-02,03:21.9,1H,A,Bailey,Off Target,,none,,,,,,,,
2026-07-02,03:21.9,1H,A,Bailey,Post,,none,,,,,,,,
2026-07-02,03:30.0,1H,A,Vijit,Interceptions,,none,,,,,,,,
2026-07-02,03:31.3,1H,A,Vijit,Moment,,highlight,,,,,,,,
2026-07-02,03:48.1,1H,A,Austin,Interceptions,,none,,,,,,,,
2026-07-02,03:50.1,1H,A,Vijit,Interceptions,,none,,,,,,,,
2026-07-02,04:00.5,1H,A,Bailey,Interceptions,,none,,,,,,,,
2026-07-02,04:10.8,1H,B,Gio,Interceptions,,none,,,,,,,,
2026-07-02,04:13.6,1H,A,Bailey,Tackles,,none,,,,,,,,
2026-07-02,04:17.0,1H,B,Alberto,Interceptions,,none,,,,,,,,
2026-07-02,04:20.0,1H,A,Vijit,Tackles,,none,,,,,,,,
2026-07-02,04:21.5,1H,B,Ines,Interceptions,,none,,,,,,,,
2026-07-02,04:25.4,1H,A,Austin,Interceptions,,none,,,,,,,,
2026-07-02,04:31.1,1H,B,Alberto,On Target,,none,,,,,,,,
2026-07-02,04:30.1,1H,B,Gio,Key Passes,,none,,,,,,,,
2026-07-02,04:31.4,1H,A,James,GK Saves,,none,,,,,,,,
2026-07-02,04:32.7,1H,B,Alberto,On Target,,none,,,,,,,,
2026-07-02,04:33.0,1H,A,James,GK Saves,,none,,,,,,,,
2026-07-02,04:37.0,1H,B,Ines,Interceptions,,none,,,,,,,,
2026-07-02,04:40.9,1H,B,Lachlan,On Target,,none,,,,,,,,
2026-07-02,04:40.9,1H,A,Austin,Blocks,,none,,,,,,,,
2026-07-02,04:41.5,1H,B,Lachlan,Goals,Ines,highlight,none,0.9350,0.2120,0.3060,0.0630,0.1920,0.9640,left
2026-07-02,05:01.2,1H,B,Alberto,Interceptions,,none,,,,,,,,
2026-07-02,05:06.6,1H,A,Bailey,Tackles,,none,,,,,,,,
2026-07-02,05:11.4,1H,A,Amin,Interceptions,,none,,,,,,,,
2026-07-02,05:05.0,1H,B,Alberto,Key Passes,,none,,,,,,,,
2026-07-02,06:01.0,1H,B,Alberto,Goals,Gio,highlight,highlight,0.8530,0.3170,0.2950,0.2160,0.9670,0.8790,right
2026-07-02,06:18.1,1H,A,Austin,Off Target,,none,,,,,,,,
2026-07-02,06:18.9,1H,B,Richard,GK Saves,,none,,,,,,,,
2026-07-02,06:36.1,1H,B,Gio,Interceptions,,none,,,,,,,,
2026-07-02,06:08.6,1H,A,James,GK Removed,,,,,,,,,,
2026-07-02,06:08.6,1H,A,Vijit,GK On,,,,,,,,,,
2026-07-02,06:43.6,1H,A,James,Interceptions,,none,,,,,,,,
2026-07-02,06:46.3,1H,A,James,On Target,,none,,,,,,,,
2026-07-02,06:46.4,1H,B,Lachlan,Blocks,,none,,,,,,,,
2026-07-02,07:00.0,1H,B,Alberto,Off Target,,none,,,,,,,,
2026-07-02,06:59.0,1H,B,Lachlan,Key Passes,,none,,,,,,,,
2026-07-02,06:59.0,1H,B,Lachlan,Nutmegs,,none,,,,,,,,
2026-07-02,07:00.4,1H,A,Vijit,GK Saves,,none,,,,,,,,
2026-07-02,07:11.2,1H,A,Austin,Off Target,,none,,,,,,,,
2026-07-02,07:10.2,1H,A,Amin,Key Passes,,none,,,,,,,,
2026-07-02,07:11.6,1H,B,Lachlan,Blocks,,none,,,,,,,,
2026-07-02,07:22.3,1H,A,Bailey,Interceptions,,none,,,,,,,,
2026-07-02,07:23.5,1H,B,Gio,Interceptions,,none,,,,,,,,
2026-07-02,07:31.8,1H,B,Alberto,Tackles,,none,,,,,,,,
2026-07-02,07:34.0,1H,B,Ines,On Target,,none,,,,,,,,
2026-07-02,07:34.4,1H,A,Vijit,GK Saves,,none,,,,,,,,
2026-07-02,07:43.7,1H,B,Lachlan,Tackles,,none,,,,,,,,
2026-07-02,07:48.4,1H,B,Gio,Interceptions,,none,,,,,,,,
2026-07-02,07:51.6,1H,A,Amin,On Target,,none,,,,,,,,
2026-07-02,07:50.6,1H,A,James,Key Passes,,none,,,,,,,,
2026-07-02,07:51.8,1H,B,Lachlan,Blocks,,none,,,,,,,,
2026-07-02,07:55.9,1H,A,Amin,Interceptions,,none,,,,,,,,
2026-07-02,07:59.1,1H,A,Amin,Off Target,,none,,,,,,,,
2026-07-02,07:59.1,1H,A,Amin,Post,,none,,,,,,,,
2026-07-02,08:00.7,1H,A,James,On Target,,none,,,,,,,,
2026-07-02,08:01.0,1H,B,Richard,GK Saves,,none,,,,,,,,
2026-07-02,08:09.8,1H,A,Austin,Interceptions,,none,,,,,,,,
2026-07-02,08:08.5,1H,B,Richard,GK Removed,,,,,,,,,,
2026-07-02,08:08.5,1H,B,Ines,GK On,,,,,,,,,,
2026-07-02,08:21.6,1H,B,Lachlan,Goals,Gio,none,none,0.8030,0.8080,0.4430,0.6330,0.2510,0.3570,left
2026-07-02,08:45.7,1H,B,Gio,Interceptions,,none,,,,,,,,
2026-07-02,08:58.6,1H,A,James,On Target,,none,,,,,,,,
2026-07-02,08:58.8,1H,B,Gio,Blocks,,none,,,,,,,,
2026-07-02,09:02.1,1H,B,Alberto,Goals,,highlight,none,0.7480,0.6510,,,0.3740,0.1070,right
2026-07-02,09:20.4,1H,A,Bailey,Nutmegs,,none,,,,,,,,
2026-07-02,09:24.2,1H,B,Gio,Interceptions,,none,,,,,,,,
2026-07-02,09:34.9,1H,B,Gio,Interceptions,,none,,,,,,,,
2026-07-02,09:38.3,1H,B,Lachlan,On Target,,none,,,,,,,,
2026-07-02,09:37.3,1H,B,Gio,Key Passes,,none,,,,,,,,
2026-07-02,09:38.4,1H,A,Vijit,GK Saves,,none,,,,,,,,
2026-07-02,09:44.8,1H,A,James,On Target,,none,,,,,,,,
2026-07-02,09:43.8,1H,A,Amin,Key Passes,,none,,,,,,,,
2026-07-02,09:45.1,1H,B,Ines,GK Saves,,none,,,,,,,,
2026-07-02,09:46.0,1H,A,Bailey,On Target,,none,,,,,,,,
2026-07-02,09:46.3,1H,B,Ines,GK Saves,,none,,,,,,,,
2026-07-02,09:54.1,1H,B,Lachlan,On Target,,none,,,,,,,,
2026-07-02,09:53.1,1H,B,Gio,Key Passes,,none,,,,,,,,
2026-07-02,09:54.2,1H,A,Vijit,GK Saves,,none,,,,,,,,
2026-07-02,09:59.9,1H,B,Alberto,Off Target,,none,,,,,,,,
2026-07-02,10:21.5,1H,A,Bailey,Tackles,,none,,,,,,,,
2026-07-02,10:33.0,1H,B,Gio,Off Target,,none,,,,,,,,
2026-07-02,10:32.0,1H,B,Ines,Key Passes,,none,,,,,,,,
2026-07-02,10:34.4,1H,B,Lachlan,Off Target,,none,,,,,,,,
2026-07-02,10:34.4,1H,B,Lachlan,Post,,none,,,,,,,,
2026-07-02,10:38.9,1H,A,Bailey,Tackles,,none,,,,,,,,
2026-07-02,10:40.9,1H,A,Bailey,Off Target,,none,,,,,,,,
2026-07-02,10:54.2,1H,A,James,Interceptions,,none,,,,,,,,
2026-07-02,11:01.1,1H,A,Bailey,Interceptions,,none,,,,,,,,
2026-07-02,11:02.7,1H,A,Amin,Tackles,,none,,,,,,,,
2026-07-02,11:07.4,1H,A,Amin,On Target,,none,,,,,,,,
2026-07-02,11:06.4,1H,A,Bailey,Key Passes,,none,,,,,,,,
2026-07-02,11:07.7,1H,B,Ines,GK Saves,,none,,,,,,,,
2026-07-02,11:19.7,1H,A,Amin,Off Target,,none,,,,,,,,
2026-07-02,11:18.7,1H,A,Vijit,Key Passes,,none,,,,,,,,
2026-07-02,11:29.3,1H,A,Austin,Interceptions,,none,,,,,,,,
2026-07-02,11:36.5,1H,A,Bailey,Interceptions,,none,,,,,,,,
2026-07-02,11:43.0,1H,B,Gio,Tackles,,none,,,,,,,,
2026-07-02,11:59.0,1H,B,Lachlan,Nutmegs,,none,,,,,,,,
2026-07-02,12:02.2,1H,B,Lachlan,On Target,,none,,,,,,,,
2026-07-02,12:01.2,1H,B,Alberto,Key Passes,,none,,,,,,,,
2026-07-02,12:02.5,1H,A,Vijit,GK Saves,,none,,,,,,,,
2026-07-02,11:53.5,1H,B,Ines,GK Removed,,,,,,,,,,
2026-07-02,11:53.5,1H,B,Gio,GK On,,,,,,,,,,
2026-07-02,12:05.8,1H,B,Ines,Interceptions,,none,,,,,,,,
2026-07-02,12:11.2,1H,B,Richard,Interceptions,,none,,,,,,,,
2026-07-02,12:15.3,1H,A,Bailey,Interceptions,,none,,,,,,,,
2026-07-02,12:16.5,1H,A,James,On Target,,none,,,,,,,,
2026-07-02,12:15.5,1H,A,Bailey,Key Passes,,none,,,,,,,,
2026-07-02,12:16.6,1H,B,Gio,GK Saves,,none,,,,,,,,
2026-07-02,12:34.6,1H,A,James,Interceptions,,none,,,,,,,,
2026-07-02,12:37.8,1H,B,Lachlan,Goals,Richard,none,none,0.8230,0.3080,0.6570,0.6330,0.3170,0.6500,right
2026-07-02,12:35.1,1H,B,Richard,Tackles,,none,,,,,,,,
2026-07-02,12:43.9,1H,A,Vijit,GK Removed,,,,,,,,,,
2026-07-02,12:43.9,1H,A,Amin,GK On,,,,,,,,,,
2026-07-02,12:54.7,1H,A,Austin,Off Target,,none,,,,,,,,
2026-07-02,12:58.9,1H,B,Alberto,Interceptions,,none,,,,,,,,
2026-07-02,13:05.6,1H,A,Vijit,Tackles,,none,,,,,,,,
2026-07-02,13:15.5,1H,A,Austin,On Target,,none,,,,,,,,
2026-07-02,13:15.9,1H,B,Gio,GK Saves,,none,,,,,,,,
2026-07-02,13:32.4,1H,A,Vijit,Tackles,,none,,,,,,,,
2026-07-02,13:36.0,1H,A,Vijit,Off Target,,none,,,,,,,,
2026-07-02,13:39.6,1H,A,James,On Target,,none,,,,,,,,
2026-07-02,13:39.8,1H,B,Alberto,Blocks,,none,,,,,,,,
2026-07-02,14:01.1,1H,A,Bailey,Key Passes,,none,,,,,,,,
2026-07-02,14:06.0,1H,A,Austin,Off Target,,none,,,,,,,,
2026-07-02,14:05.0,1H,A,James,Key Passes,,none,,,,,,,,
2026-07-02,14:08.3,1H,B,Lachlan,Tackles,,none,,,,,,,,
2026-07-02,14:18.0,1H,A,Austin,Tackles,,none,,,,,,,,
2026-07-02,14:29.1,1H,B,Lachlan,Interceptions,,none,,,,,,,,
2026-07-02,14:30.0,1H,A,Vijit,On Target,,none,,,,,,,,
2026-07-02,14:30.9,1H,B,Gio,GK Saves,,none,,,,,,,,
2026-07-02,14:55.6,1H,B,Lachlan,Interceptions,,none,,,,,,,,
2026-07-02,15:06.3,1H,B,Ines,Off Target,,none,,,,,,,,
2026-07-02,15:05.3,1H,B,Gio,Key Passes,,none,,,,,,,,
2026-07-02,15:15.1,1H,B,Richard,Interceptions,,none,,,,,,,,
2026-07-02,15:14.9,1H,A,Bailey,Nutmegs,,none,,,,,,,,
2026-07-02,15:20.6,1H,A,James,Tackles,,none,,,,,,,,
2026-07-02,15:30.9,1H,A,Austin,On Target,,none,,,,,,,,
2026-07-02,15:29.9,1H,A,Bailey,Key Passes,,none,,,,,,,,
2026-07-02,15:31.0,1H,B,Lachlan,Blocks,,none,,,,,,,,
2026-07-02,15:12.6,1H,B,Gio,GK Removed,,,,,,,,,,
2026-07-02,15:12.6,1H,B,Alberto,GK On,,,,,,,,,,
2026-07-02,15:56.9,1H,B,Ines,Interceptions,,none,,,,,,,,
2026-07-02,15:58.3,1H,A,Austin,Interceptions,,none,,,,,,,,
2026-07-02,16:12.9,1H,B,Richard,Interceptions,,none,,,,,,,,
2026-07-02,16:42.0,1H,A,Bailey,Nutmegs,,none,,,,,,,,
2026-07-02,16:42.0,1H,A,Bailey,Goals,Vijit,none,none,0.8410,0.0940,0.4200,0.1370,0.4240,0.9640,left
2026-07-02,16:59.4,1H,A,Amin,GK Removed,,,,,,,,,,
2026-07-02,16:59.4,1H,A,James,GK On,,,,,,,,,,
2026-07-02,17:01.5,1H,A,Vijit,Interceptions,,none,,,,,,,,
2026-07-02,17:06.3,1H,A,Austin,Goals,Vijit,none,none,0.7230,0.8740,0.6270,0.5940,0.1190,0.4290,right
2026-07-02,17:27.5,1H,A,Bailey,Nutmegs,,none,,,,,,,,
2026-07-02,18:16.5,1H,A,Vijit,Interceptions,,none,,,,,,,,
2026-07-02,18:20.9,1H,A,Amin,Off Target,,none,,,,,,,,
2026-07-02,18:19.9,1H,A,Bailey,Key Passes,,none,,,,,,,,
2026-07-02,18:23.3,1H,A,Bailey,On Target,,none,,,,,,,,
2026-07-02,18:23.5,1H,B,Richard,Blocks,,none,,,,,,,,
2026-07-02,18:30.4,1H,A,Bailey,On Target,,none,,,,,,,,
2026-07-02,18:29.4,1H,A,Austin,Key Passes,,none,,,,,,,,
2026-07-02,18:30.7,1H,B,Alberto,GK Saves,,none,,,,,,,,
2026-07-02,18:39.8,1H,B,Richard,Tackles,,none,,,,,,,,
2026-07-02,18:48.2,1H,A,Vijit,Off Target,,none,,,,,,,,
2026-07-02,18:47.2,1H,A,Bailey,Key Passes,,none,,,,,,,,
2026-07-02,18:54.3,1H,B,Richard,Goals,Alberto,highlight,none,0.8090,0.6680,0.1120,0.5320,0.9670,0.9000,left
2026-07-02,19:11.8,1H,A,Bailey,Nutmegs,,none,,,,,,,,
2026-07-02,19:21.8,1H,A,Austin,Interceptions,,none,,,,,,,,
2026-07-02,19:32.8,1H,A,Vijit,Interceptions,,none,,,,,,,,
2026-07-02,19:35.3,1H,B,Lachlan,Tackles,,none,,,,,,,,
2026-07-02,19:38.4,1H,B,Lachlan,Interceptions,,none,,,,,,,,
2026-07-02,19:43.0,1H,A,Vijit,Tackles,,none,,,,,,,,
2026-07-02,19:48.6,1H,B,Richard,Tackles,,none,,,,,,,,
2026-07-02,19:50.0,1H,A,Amin,On Target,,none,,,,,,,,
2026-07-02,19:50.4,1H,B,Alberto,GK Saves,,none,,,,,,,,
2026-07-02,19:57.1,1H,B,Ines,Interceptions,,none,,,,,,,,
2026-07-02,20:01.3,1H,B,Gio,Nutmegs,,none,,,,,,,,
2026-07-02,20:02.6,1H,B,Lachlan,On Target,,none,,,,,,,,
2026-07-02,20:01.6,1H,B,Gio,Key Passes,,none,,,,,,,,
2026-07-02,20:02.8,1H,B,Lachlan,Post,,none,,,,,,,,
2026-07-02,20:05.3,1H,A,Amin,Tackles,,none,,,,,,,,
2026-07-02,20:14.6,1H,A,Bailey,On Target,,none,,,,,,,,
2026-07-02,20:14.8,1H,B,Ines,Blocks,,none,,,,,,,,
2026-07-02,20:18.0,1H,A,Vijit,Interceptions,,none,,,,,,,,
2026-07-02,20:28.5,1H,B,Richard,Tackles,,none,,,,,,,,
2026-07-02,20:37.9,1H,A,Austin,Interceptions,,none,,,,,,,,
2026-07-02,20:42.5,1H,B,Richard,Interceptions,,none,,,,,,,,
2026-07-02,20:44.9,1H,A,Austin,Interceptions,,none,,,,,,,,
2026-07-02,20:47.8,1H,B,Gio,On Target,,none,,,,,,,,
2026-07-02,20:48.1,1H,A,James,GK Saves,,none,,,,,,,,
2026-07-02,20:52.6,1H,A,Vijit,Tackles,,none,,,,,,,,
2026-07-02,20:57.1,1H,B,Ines,Interceptions,,none,,,,,,,,
2026-07-02,20:59.8,1H,B,Ines,Interceptions,,none,,,,,,,,
2026-07-02,21:17.4,1H,A,Vijit,Interceptions,,none,,,,,,,,
2026-07-02,21:18.5,1H,B,Richard,Tackles,,none,,,,,,,,
2026-07-02,21:28.5,1H,B,Richard,Off Target,,none,,,,,,,,
2026-07-02,21:27.5,1H,B,Lachlan,Key Passes,,none,,,,,,,,
2026-07-02,21:40.8,1H,A,Amin,On Target,,none,,,,,,,,
2026-07-02,21:39.8,1H,A,Austin,Key Passes,,none,,,,,,,,
2026-07-02,21:41.3,1H,B,Alberto,GK Saves,,none,,,,,,,,
2026-07-02,21:57.6,1H,B,Lachlan,Off Target,,none,,,,,,,,
2026-07-02,21:56.6,1H,B,Gio,Key Passes,,none,,,,,,,,
2026-07-02,21:58.0,1H,A,James,GK Saves,,none,,,,,,,,
2026-07-02,22:04.7,1H,A,Amin,On Target,,none,,,,,,,,
2026-07-02,22:03.7,1H,A,James,Key Passes,,none,,,,,,,,
2026-07-02,22:04.9,1H,B,Richard,Blocks,,none,,,,,,,,
2026-07-02,22:07.4,1H,A,Bailey,On Target,,none,,,,,,,,
2026-07-02,22:07.5,1H,B,Richard,Blocks,,none,,,,,,,,
2026-07-02,22:12.7,1H,B,Ines,Interceptions,,none,,,,,,,,
2026-07-02,22:14.5,1H,A,Austin,Interceptions,,none,,,,,,,,
2026-07-02,22:18.8,1H,A,Austin,On Target,,none,,,,,,,,
2026-07-02,22:17.8,1H,A,Vijit,Key Passes,,none,,,,,,,,
2026-07-02,22:19.3,1H,B,Alberto,GK Saves,,none,,,,,,,,
2026-07-02,22:21.5,1H,A,Amin,On Target,,none,,,,,,,,
2026-07-02,22:21.6,1H,B,Lachlan,Blocks,,none,,,,,,,,
2026-07-02,22:40.3,1H,A,Austin,Interceptions,,none,,,,,,,,
2026-07-02,22:52.5,1H,A,Austin,Goals,Bailey,highlight,none,0.7480,0.2120,0.7370,0.8700,0.0390,0.4000,right
2026-07-02,23:06.4,1H,A,James,GK Removed,,,,,,,,,,
2026-07-02,23:06.4,1H,A,Bailey,GK On,,,,,,,,,,
2026-07-02,23:11.6,1H,B,Alberto,GK Removed,,,,,,,,,,
2026-07-02,23:11.6,1H,B,Richard,GK On,,,,,,,,,,
2026-07-02,23:24.4,1H,A,Vijit,Goals,Austin,highlight,highlight,0.8410,0.6590,0.4880,0.6730,0.0690,0.5930,right
2026-07-02,23:41.8,1H,B,Ines,Off Target,,none,,,,,,,,
2026-07-02,23:42.7,1H,A,Bailey,GK Saves,,none,,,,,,,,
2026-07-02,23:49.0,1H,A,Amin,Off Target,,none,,,,,,,,
2026-07-02,23:58.4,1H,A,Amin,Tackles,,none,,,,,,,,
2026-07-02,24:02.5,1H,A,Austin,Off Target,,none,,,,,,,,
2026-07-02,24:01.5,1H,A,Amin,Key Passes,,none,,,,,,,,
2026-07-02,24:07.5,1H,B,Lachlan,Interceptions,,none,,,,,,,,
2026-07-02,24:30.9,1H,B,Alberto,Tackles,,none,,,,,,,,
2026-07-02,24:52.1,1H,A,Vijit,Interceptions,,none,,,,,,,,
2026-07-02,25:04.0,1H,B,Gio,Interceptions,,none,,,,,,,,
2026-07-02,25:05.2,1H,A,Austin,Interceptions,,none,,,,,,,,
2026-07-02,25:06.3,1H,B,Gio,Interceptions,,none,,,,,,,,
2026-07-02,25:10.8,1H,B,Gio,On Target,,none,,,,,,,,
2026-07-02,25:09.8,1H,B,Lachlan,Key Passes,,none,,,,,,,,
2026-07-02,25:11.0,1H,A,Bailey,GK Saves,,none,,,,,,,,
2026-07-02,25:12.1,1H,A,Austin,Interceptions,,none,,,,,,,,
2026-07-02,25:17.8,1H,A,James,Off Target,,none,,,,,,,,
2026-07-02,25:16.8,1H,A,Amin,Key Passes,,none,,,,,,,,
2026-07-02,25:42.1,1H,A,Amin,Off Target,,none,,,,,,,,
2026-07-02,25:41.1,1H,A,Bailey,Key Passes,,none,,,,,,,,
2026-07-02,25:50.1,1H,A,Amin,Interceptions,,none,,,,,,,,
2026-07-02,25:52.8,1H,A,Amin,Off Target,,none,,,,,,,,
2026-07-02,26:03.2,1H,B,Alberto,Key Passes,,none,,,,,,,,
2026-07-02,26:15.5,1H,B,Gio,Interceptions,,none,,,,,,,,
2026-07-02,26:19.2,1H,A,James,Off Target,,none,,,,,,,,
2026-07-02,26:18.2,1H,A,Austin,Key Passes,,none,,,,,,,,
2026-07-02,26:32.3,1H,A,Austin,Interceptions,,none,,,,,,,,
2026-07-02,26:50.6,1H,A,Vijit,On Target,,none,,,,,,,,
2026-07-02,26:49.6,1H,A,James,Key Passes,,none,,,,,,,,
2026-07-02,26:51.3,1H,B,Lachlan,Blocks,,none,,,,,,,,
2026-07-02,26:56.8,1H,A,Vijit,Interceptions,,none,,,,,,,,
2026-07-02,27:01.0,1H,B,Gio,On Target,,none,,,,,,,,
2026-07-02,27:00.0,1H,B,Gio,Nutmegs,,none,,,,,,,,
2026-07-02,27:01.1,1H,A,Bailey,GK Saves,,none,,,,,,,,
2026-07-02,27:08.6,1H,A,Austin,Goals,James,none,none,0.6860,0.8350,0.3830,0.3790,0.0710,0.6070,right
2026-07-02,27:25.9,2H,B,Richard,GK Removed,,,,,,,,,,
2026-07-02,27:25.9,2H,B,Lachlan,GK On,,,,,,,,,,
2026-07-02,27:26.9,2H,A,Bailey,GK Removed,,,,,,,,,,
2026-07-02,27:26.9,2H,A,Vijit,GK On,,,,,,,,,,
2026-07-02,27:35.2,2H,A,Amin,Interceptions,,none,,,,,,,,
2026-07-02,28:03.8,2H,A,Amin,Interceptions,,none,,,,,,,,
2026-07-02,28:11.6,2H,A,James,Nutmegs,,none,,,,,,,,
2026-07-02,28:11.6,2H,A,James,Goals,Bailey,none,none,0.8640,0.8410,0.4770,0.8460,0.0420,0.9740,left
2026-07-02,28:36.4,2H,A,James,Off Target,,none,,,,,,,,
2026-07-02,28:35.4,2H,A,Bailey,Key Passes,,none,,,,,,,,
2026-07-02,28:39.2,2H,A,Amin,Off Target,,none,,,,,,,,
2026-07-02,28:44.0,2H,A,Bailey,Interceptions,,none,,,,,,,,
2026-07-02,28:46.6,2H,A,Amin,On Target,,none,,,,,,,,
2026-07-02,28:45.6,2H,A,Bailey,Key Passes,,none,,,,,,,,
2026-07-02,28:46.8,2H,B,Ines,Blocks,,none,,,,,,,,
2026-07-02,28:57.7,2H,A,Austin,Interceptions,,none,,,,,,,,
2026-07-02,29:02.9,2H,B,Richard,Interceptions,,none,,,,,,,,
2026-07-02,29:03.9,2H,B,Richard,Off Target,,none,,,,,,,,
2026-07-02,29:05.4,2H,A,Austin,Interceptions,,none,,,,,,,,
2026-07-02,29:13.3,2H,A,James,On Target,,none,,,,,,,,
2026-07-02,29:13.5,2H,B,Lachlan,GK Saves,,none,,,,,,,,
2026-07-02,29:15.5,2H,A,Bailey,Goals,,none,none,0.6090,0.8590,,,0.0190,0.8170,right
2026-07-02,29:29.1,2H,B,Lachlan,GK Removed,,,,,,,,,,
2026-07-02,29:29.1,2H,B,Ines,GK On,,,,,,,,,,
2026-07-02,29:39.1,2H,A,Amin,Tackles,,none,,,,,,,,
2026-07-02,29:42.3,2H,A,Amin,On Target,,none,,,,,,,,
2026-07-02,29:42.6,2H,B,Ines,GK Saves,,none,,,,,,,,
2026-07-02,29:48.7,2H,A,Amin,Nutmegs,,none,,,,,,,,
2026-07-02,29:51.4,2H,A,James,Nutmegs,,none,,,,,,,,
2026-07-02,29:51.4,2H,A,James,Goals,Austin,none,none,0.8600,0.2600,0.7110,0.7650,0.4970,0.9640,right
2026-07-02,30:10.0,2H,A,Austin,Interceptions,,none,,,,,,,,
2026-07-02,30:12.0,2H,A,James,Off Target,,none,,,,,,,,
2026-07-02,30:11.0,2H,A,Austin,Key Passes,,none,,,,,,,,
2026-07-02,30:20.1,2H,A,Austin,Interceptions,,none,,,,,,,,
2026-07-02,30:21.7,2H,A,Austin,Tackles,,none,,,,,,,,
2026-07-02,30:29.8,2H,A,Bailey,Interceptions,,none,,,,,,,,
2026-07-02,30:35.1,2H,B,Richard,Interceptions,,none,,,,,,,,
2026-07-02,30:37.6,2H,A,Bailey,Interceptions,,none,,,,,,,,
2026-07-02,30:45.2,2H,A,Amin,On Target,,none,,,,,,,,
2026-07-02,30:44.2,2H,A,Austin,Key Passes,,none,,,,,,,,
2026-07-02,30:45.3,2H,B,Ines,GK Saves,,none,,,,,,,,
2026-07-02,30:52.2,2H,A,Austin,Interceptions,,none,,,,,,,,
2026-07-02,30:55.1,2H,B,Lachlan,Tackles,,none,,,,,,,,
2026-07-02,31:21.1,2H,A,Amin,Off Target,,none,,,,,,,,
2026-07-02,31:20.1,2H,A,Bailey,Key Passes,,none,,,,,,,,
2026-07-02,31:20.1,2H,A,Amin,Nutmegs,,none,,,,,,,,
2026-07-02,31:21.8,2H,A,Amin,Post,,none,,,,,,,,
2026-07-02,31:34.1,2H,B,Lachlan,Nutmegs,,none,,,,,,,,
2026-07-02,31:37.9,2H,B,Richard,Interceptions,,none,,,,,,,,
2026-07-02,31:42.0,2H,B,Gio,Off Target,,none,,,,,,,,
2026-07-02,31:41.0,2H,B,Richard,Key Passes,,none,,,,,,,,
2026-07-02,31:42.5,2H,A,Vijit,GK Saves,,none,,,,,,,,
2026-07-02,31:53.2,2H,A,Bailey,On Target,,none,,,,,,,,
2026-07-02,31:52.2,2H,A,James,Key Passes,,none,,,,,,,,
2026-07-02,31:53.5,2H,B,Ines,GK Saves,,none,,,,,,,,
2026-07-02,32:32.3,2H,A,Vijit,Interceptions,,none,,,,,,,,
2026-07-02,32:39.1,2H,B,Richard,Interceptions,,none,,,,,,,,
2026-07-02,32:42.4,2H,A,James,Interceptions,,none,,,,,,,,
2026-07-02,32:48.7,2H,A,Austin,Tackles,,none,,,,,,,,
2026-07-02,32:50.0,2H,B,Lachlan,On Target,,none,,,,,,,,
2026-07-02,32:49.0,2H,B,Gio,Key Passes,,none,,,,,,,,
2026-07-02,32:50.2,2H,A,Vijit,GK Saves,,none,,,,,,,,
2026-07-02,32:53.1,2H,B,Richard,On Target,,none,,,,,,,,
2026-07-02,32:52.1,2H,B,Lachlan,Key Passes,,none,,,,,,,,
2026-07-02,32:53.4,2H,A,Vijit,GK Saves,,none,,,,,,,,
2026-07-02,32:58.7,2H,B,Alberto,Interceptions,,none,,,,,,,,
2026-07-02,33:06.7,2H,B,Richard,Interceptions,,none,,,,,,,,
2026-07-02,33:15.1,2H,A,Bailey,Off Target,,none,,,,,,,,
2026-07-02,33:14.1,2H,A,Amin,Key Passes,,none,,,,,,,,
2026-07-02,33:16.5,2H,A,Bailey,Off Target,,none,,,,,,,,
2026-07-02,33:27.0,2H,B,Lachlan,Off Target,,none,,,,,,,,
2026-07-02,33:26.0,2H,B,Richard,Key Passes,,none,,,,,,,,
2026-07-02,33:29.8,2H,B,Alberto,On Target,,none,,,,,,,,
2026-07-02,33:30.1,2H,A,Vijit,GK Saves,,none,,,,,,,,
2026-07-02,33:38.0,2H,B,Ines,Interceptions,,none,,,,,,,,
2026-07-02,33:46.4,2H,B,Alberto,On Target,,none,,,,,,,,
2026-07-02,33:45.4,2H,B,Lachlan,Key Passes,,none,,,,,,,,
2026-07-02,33:47.4,2H,A,Vijit,GK Saves,,none,,,,,,,,
2026-07-02,33:50.1,2H,B,Richard,Interceptions,,none,,,,,,,,
2026-07-02,33:52.9,2H,A,Austin,Tackles,,none,,,,,,,,
2026-07-02,33:55.5,2H,A,Amin,On Target,,none,,,,,,,,
2026-07-02,33:54.5,2H,A,Austin,Key Passes,,none,,,,,,,,
2026-07-02,33:55.7,2H,B,Ines,GK Saves,,none,,,,,,,,
2026-07-02,34:00.9,2H,B,Gio,Goals,,none,none,0.2420,0.1240,,,0.1150,0.5640,right
2026-07-02,34:02.3,2H,B,Lachlan,Moment,,lowlight,,,,,,,,
2026-07-02,34:13.7,2H,A,Vijit,GK Removed,,,,,,,,,,
2026-07-02,34:13.7,2H,A,Bailey,GK On,,,,,,,,,,
2026-07-02,34:26.7,2H,B,Richard,Interceptions,,none,,,,,,,,
2026-07-02,34:38.5,2H,B,Lachlan,Off Target,,none,,,,,,,,
2026-07-02,34:37.5,2H,B,Richard,Key Passes,,none,,,,,,,,
2026-07-02,34:46.1,2H,B,Lachlan,Tackles,,none,,,,,,,,
2026-07-02,34:48.6,2H,B,Lachlan,On Target,,none,,,,,,,,
2026-07-02,34:48.7,2H,A,James,Blocks,,none,,,,,,,,
2026-07-02,34:55.3,2H,B,Richard,Interceptions,,none,,,,,,,,
2026-07-02,34:55.5,2H,A,Austin,Interceptions,,none,,,,,,,,
2026-07-02,35:01.1,2H,B,Lachlan,On Target,,none,,,,,,,,
2026-07-02,35:00.1,2H,B,Gio,Key Passes,,none,,,,,,,,
2026-07-02,35:01.4,2H,A,Bailey,GK Saves,,none,,,,,,,,
2026-07-02,35:02.3,2H,B,Lachlan,Off Target,,none,,,,,,,,
2026-07-02,35:12.3,2H,A,Amin,On Target,,none,,,,,,,,
2026-07-02,35:11.3,2H,A,James,Key Passes,,none,,,,,,,,
2026-07-02,35:12.4,2H,B,Gio,Blocks,,none,,,,,,,,
2026-07-02,35:20.1,2H,B,Alberto,Off Target,,none,,,,,,,,
2026-07-02,35:19.1,2H,B,Ines,Key Passes,,none,,,,,,,,
2026-07-02,35:23.1,2H,B,Lachlan,On Target,,none,,,,,,,,
2026-07-02,35:23.2,2H,A,Austin,Blocks,,none,,,,,,,,
2026-07-02,35:30.1,2H,A,Vijit,Interceptions,,none,,,,,,,,
2026-07-02,35:33.7,2H,A,Austin,Interceptions,,none,,,,,,,,
2026-07-02,35:47.6,2H,A,James,Interceptions,,none,,,,,,,,
2026-07-02,35:56.5,2H,B,Gio,Off Target,,none,,,,,,,,
2026-07-02,35:55.5,2H,B,Ines,Key Passes,,none,,,,,,,,
2026-07-02,36:01.1,2H,B,Alberto,Off Target,,none,,,,,,,,
2026-07-02,36:00.1,2H,B,Lachlan,Key Passes,,none,,,,,,,,
2026-07-02,36:03.1,2H,B,Gio,Off Target,,none,,,,,,,,
2026-07-02,36:05.0,2H,B,Lachlan,On Target,,none,,,,,,,,
2026-07-02,36:05.4,2H,A,Bailey,GK Saves,,none,,,,,,,,
2026-07-02,36:06.6,2H,B,Lachlan,Off Target,,none,,,,,,,,
2026-07-02,36:07.0,2H,A,Bailey,GK Saves,,none,,,,,,,,
2026-07-02,36:23.5,2H,B,Lachlan,Interceptions,,none,,,,,,,,
2026-07-02,36:26.7,2H,A,Amin,Off Target,,none,,,,,,,,
2026-07-02,36:38.2,2H,B,Richard,Off Target,,none,,,,,,,,
2026-07-02,36:37.2,2H,B,Lachlan,Key Passes,,none,,,,,,,,
2026-07-02,36:49.1,2H,A,Bailey,GK Removed,,,,,,,,,,
2026-07-02,36:49.1,2H,A,James,GK On,,,,,,,,,,
2026-07-02,36:53.1,2H,B,Ines,GK Removed,,,,,,,,,,
2026-07-02,36:53.1,2H,B,Alberto,GK On,,,,,,,,,,
2026-07-02,37:09.2,2H,B,Ines,Interceptions,,none,,,,,,,,
2026-07-02,37:16.9,2H,A,Bailey,Interceptions,,none,,,,,,,,
2026-07-02,37:20.4,2H,B,Gio,On Target,,none,,,,,,,,
2026-07-02,37:19.4,2H,B,Ines,Key Passes,,none,,,,,,,,
2026-07-02,37:20.6,2H,A,Bailey,Blocks,,none,,,,,,,,
2026-07-02,37:23.8,2H,B,Lachlan,Interceptions,,none,,,,,,,,
2026-07-02,37:26.1,2H,A,Vijit,Off Target,,none,,,,,,,,
2026-07-02,37:30.5,2H,A,Bailey,Interceptions,,none,,,,,,,,
2026-07-02,37:31.6,2H,A,Bailey,On Target,,none,,,,,,,,
2026-07-02,37:32.1,2H,B,Alberto,GK Saves,,none,,,,,,,,
2026-07-02,37:36.0,2H,A,Bailey,Interceptions,,none,,,,,,,,
2026-07-02,37:38.2,2H,B,Gio,Interceptions,,none,,,,,,,,
2026-07-02,37:50.6,2H,A,Bailey,Tackles,,none,,,,,,,,
2026-07-02,37:51.9,2H,A,Austin,Nutmegs,,none,,,,,,,,
2026-07-02,37:53.4,2H,A,Austin,Interceptions,,none,,,,,,,,
2026-07-02,37:58.3,2H,B,Richard,Tackles,,none,,,,,,,,
2026-07-02,38:00.9,2H,A,Austin,Interceptions,,none,,,,,,,,
2026-07-02,38:04.6,2H,B,Lachlan,Goals,Gio,none,none,0.7570,0.1420,0.5270,0.3520,0.1240,0.2430,left
2026-07-02,38:26.4,2H,B,Ines,Interceptions,,none,,,,,,,,
2026-07-02,38:27.6,2H,A,Bailey,Interceptions,,none,,,,,,,,
2026-07-02,38:28.8,2H,A,Bailey,Off Target,,none,,,,,,,,
2026-07-02,38:30.1,2H,A,Amin,On Target,,none,,,,,,,,
2026-07-02,38:30.1,2H,B,Lachlan,Blocks,,none,,,,,,,,
2026-07-02,38:30.8,2H,B,Alberto,GK Saves,,none,,,,,,,,
2026-07-02,39:08.1,2H,A,Amin,On Target,,none,,,,,,,,
2026-07-02,39:07.1,2H,A,Vijit,Key Passes,,none,,,,,,,,
2026-07-02,39:08.6,2H,B,Alberto,GK Saves,,none,,,,,,,,
2026-07-02,39:21.2,2H,B,Ines,Interceptions,,none,,,,,,,,
2026-07-02,39:22.8,2H,B,Ines,Nutmegs,,none,,,,,,,,
2026-07-02,39:22.8,2H,B,Ines,Goals,,highlight,none,0.6770,0.8650,,,0.9640,0.5000,right
2026-07-02,39:40.7,2H,B,Lachlan,Interceptions,,none,,,,,,,,
2026-07-02,39:41.8,2H,B,Lachlan,On Target,,none,,,,,,,,
2026-07-02,39:42.2,2H,A,James,GK Saves,,none,,,,,,,,
2026-07-02,40:22.1,2H,A,Amin,On Target,,none,,,,,,,,
2026-07-02,40:21.1,2H,A,Bailey,Key Passes,,none,,,,,,,,
2026-07-02,40:22.3,2H,B,Lachlan,Blocks,,none,,,,,,,,
2026-07-02,40:23.0,2H,A,Bailey,Goals,,none,none,0.8160,0.4050,,,0.5160,0.5000,left
2026-07-02,40:50.2,2H,A,Bailey,Interceptions,,none,,,,,,,,
2026-07-02,40:57.9,2H,A,Austin,Interceptions,,none,,,,,,,,
2026-07-02,40:59.8,2H,A,Amin,On Target,,none,,,,,,,,
2026-07-02,40:58.8,2H,A,Austin,Key Passes,,none,,,,,,,,
2026-07-02,41:00.4,2H,B,Alberto,GK Saves,,none,,,,,,,,
2026-07-02,41:00.8,2H,B,Ines,Interceptions,,none,,,,,,,,
2026-07-02,41:07.9,2H,B,Gio,On Target,,none,,,,,,,,
2026-07-02,41:06.9,2H,B,Lachlan,Key Passes,,none,,,,,,,,
2026-07-02,41:08.6,2H,A,James,GK Saves,,none,,,,,,,,
2026-07-02,41:11.8,2H,B,Richard,Interceptions,,none,,,,,,,,
2026-07-02,41:14.9,2H,B,Richard,On Target,,none,,,,,,,,
2026-07-02,41:15.6,2H,A,James,GK Saves,,none,,,,,,,,
2026-07-02,41:24.0,2H,B,Richard,Tackles,,none,,,,,,,,
2026-07-02,41:26.5,2H,A,Amin,On Target,,none,,,,,,,,
2026-07-02,41:26.7,2H,B,Alberto,GK Saves,,none,,,,,,,,
2026-07-02,41:33.4,2H,B,Lachlan,Interceptions,,none,,,,,,,,
2026-07-02,41:36.6,2H,A,Vijit,Interceptions,,none,,,,,,,,
2026-07-02,41:24.0,2H,A,James,GK Removed,,,,,,,,,,
2026-07-02,41:24.0,2H,A,Bailey,GK On,,,,,,,,,,
2026-07-02,41:48.1,2H,B,Richard,Interceptions,,none,,,,,,,,
2026-07-02,41:59.7,2H,B,Lachlan,Off Target,,none,,,,,,,,
2026-07-02,41:58.7,2H,B,Gio,Key Passes,,none,,,,,,,,
2026-07-02,42:09.3,2H,B,Gio,Interceptions,,none,,,,,,,,
2026-07-02,42:18.0,2H,B,Richard,Tackles,,none,,,,,,,,
2026-07-02,42:19.5,2H,A,Vijit,Interceptions,,none,,,,,,,,
2026-07-02,42:25.7,2H,A,Austin,Tackles,,none,,,,,,,,
2026-07-02,42:29.5,2H,B,Gio,Interceptions,,none,,,,,,,,
2026-07-02,42:31.0,2H,A,Vijit,Tackles,,none,,,,,,,,
2026-07-02,42:32.7,2H,B,Lachlan,Interceptions,,none,,,,,,,,
2026-07-02,42:38.6,2H,A,Amin,Nutmegs,,none,,,,,,,,
2026-07-02,42:39.7,2H,B,Ines,Interceptions,,none,,,,,,,,
2026-07-02,42:42.6,2H,A,Austin,Interceptions,,none,,,,,,,,
2026-07-02,42:53.3,2H,A,Vijit,Tackles,,none,,,,,,,,
2026-07-02,42:56.9,2H,B,Lachlan,Off Target,,none,,,,,,,,
2026-07-02,43:03.8,2H,A,Amin,Off Target,,none,,,,,,,,
2026-07-02,43:02.8,2H,A,Bailey,Key Passes,,none,,,,,,,,
2026-07-02,43:04.0,2H,B,Ines,Blocks,,none,,,,,,,,
2026-07-02,43:13.4,2H,A,Amin,On Target,,none,,,,,,,,
2026-07-02,43:12.4,2H,A,James,Key Passes,,none,,,,,,,,
2026-07-02,43:13.7,2H,B,Alberto,GK Saves,,none,,,,,,,,
2026-07-02,43:18.6,2H,B,Richard,Interceptions,,none,,,,,,,,
2026-07-02,43:32.4,2H,A,Vijit,Off Target,,none,,,,,,,,
2026-07-02,43:31.4,2H,A,Austin,Key Passes,,none,,,,,,,,
2026-07-02,43:32.7,2H,B,Richard,Blocks,,none,,,,,,,,
2026-07-02,43:35.9,2H,B,Gio,Nutmegs,,none,,,,,,,,
2026-07-02,43:35.9,2H,B,Gio,Goals,,none,none,0.7930,0.2120,,,0.9620,0.9790,right
2026-07-02,43:51.9,2H,A,Austin,Off Target,,none,,,,,,,,
2026-07-02,43:44.5,2H,A,Bailey,GK Removed,,,,,,,,,,
2026-07-02,43:44.5,2H,A,Vijit,GK On,,,,,,,,,,
2026-07-02,44:03.8,2H,A,Amin,Interceptions,,none,,,,,,,,
2026-07-02,44:08.1,2H,A,Austin,Nutmegs,,none,,,,,,,,
2026-07-02,43:43.1,2H,B,Alberto,GK Removed,,,,,,,,,,
2026-07-02,43:43.1,2H,B,Ines,GK On,,,,,,,,,,
2026-07-02,44:08.1,2H,B,Alberto,Interceptions,,none,,,,,,,,
2026-07-02,44:10.0,2H,B,Richard,Nutmegs,,none,,,,,,,,
2026-07-02,44:14.4,2H,B,Gio,Interceptions,,none,,,,,,,,
2026-07-02,44:16.9,2H,B,Lachlan,Goals,Gio,none,none,0.7590,0.4930,0.5220,0.6240,0.7840,0.5140,left
2026-07-02,44:35.1,2H,B,Richard,Tackles,,none,,,,,,,,
2026-07-02,44:40.1,2H,B,Gio,Goals,Richard,none,highlight,0.8120,0.3520,0.7930,0.9050,0.1240,0.0000,right
2026-07-02,45:03.1,2H,B,Gio,Interceptions,,none,,,,,,,,
2026-07-02,45:16.4,2H,A,Bailey,Goals,James,highlight,none,0.7820,0.2690,0.5980,0.7560,0.8820,0.9790,right
2026-07-02,45:34.8,2H,B,Gio,On Target,,none,,,,,,,,
2026-07-02,45:33.8,2H,B,Lachlan,Key Passes,,none,,,,,,,,
2026-07-02,45:35.0,2H,A,Austin,Blocks,,none,,,,,,,,
2026-07-02,45:44.5,2H,B,Gio,Off Target,,none,,,,,,,,
2026-07-02,45:43.5,2H,B,Richard,Key Passes,,none,,,,,,,,
2026-07-02,45:44.7,2H,A,Amin,Blocks,,none,,,,,,,,
2026-07-02,45:48.3,2H,A,James,Interceptions,,none,,,,,,,,
2026-07-02,45:53.8,2H,B,Richard,Interceptions,,none,,,,,,,,
2026-07-02,46:00.1,2H,A,Amin,Interceptions,,none,,,,,,,,
2026-07-02,46:21.6,2H,A,Austin,On Target,,none,,,,,,,,
2026-07-02,46:20.6,2H,A,Bailey,Key Passes,,none,,,,,,,,
2026-07-02,46:21.7,2H,B,Ines,GK Saves,,none,,,,,,,,
2026-07-02,46:22.7,2H,A,Austin,Tackles,,none,,,,,,,,
2026-07-02,46:24.7,2H,B,Richard,Tackles,,none,,,,,,,,
2026-07-02,46:37.9,2H,A,Bailey,Interceptions,,none,,,,,,,,
2026-07-02,46:58.7,2H,B,Richard,Interceptions,,none,,,,,,,,
2026-07-02,47:07.8,2H,B,Gio,Goals,Lachlan,none,highlight,0.7890,0.8700,0.4810,0.2380,0.8690,0.6210,right
2026-07-02,47:27.4,2H,A,Bailey,Off Target,,none,,,,,,,,
2026-07-02,47:26.4,2H,A,Austin,Key Passes,,none,,,,,,,,
2026-07-02,47:28.9,2H,A,Austin,On Target,,none,,,,,,,,
2026-07-02,47:29.1,2H,B,Ines,GK Saves,,none,,,,,,,,
2026-07-02,47:33.2,2H,B,Alberto,Interceptions,,none,,,,,,,,
2026-07-02,47:36.3,2H,A,Amin,Tackles,,none,,,,,,,,
2026-07-02,47:39.0,2H,A,Amin,Off Target,,none,,,,,,,,
2026-07-02,47:46.5,2H,B,Lachlan,Nutmegs,,none,,,,,,,,
2026-07-02,47:47.1,2H,A,Austin,Interceptions,,none,,,,,,,,
2026-07-02,47:50.4,2H,A,Austin,Interceptions,,none,,,,,,,,
2026-07-02,47:55.2,2H,B,Ines,Interceptions,,none,,,,,,,,
2026-07-02,48:01.4,2H,A,Austin,Interceptions,,none,,,,,,,,
2026-07-02,48:09.7,2H,B,Alberto,Off Target,,none,,,,,,,,
2026-07-02,48:08.7,2H,B,Gio,Key Passes,,none,,,,,,,,
2026-07-02,48:11.6,2H,A,James,Interceptions,,none,,,,,,,,
2026-07-02,48:15.9,2H,B,Richard,Interceptions,,none,,,,,,,,
2026-07-02,48:26.4,2H,A,Amin,On Target,,none,,,,,,,,
2026-07-02,48:25.4,2H,A,Vijit,Key Passes,,none,,,,,,,,
2026-07-02,48:26.6,2H,B,Alberto,Blocks,,none,,,,,,,,
2026-07-02,48:47.7,2H,A,Austin,Interceptions,,none,,,,,,,,
2026-07-02,48:51.0,2H,A,Vijit,GK Removed,,,,,,,,,,
2026-07-02,48:51.0,2H,A,Austin,GK On,,,,,,,,,,
2026-07-02,48:54.1,2H,A,Amin,Nutmegs,,none,,,,,,,,
2026-07-02,48:59.3,2H,B,Richard,Tackles,,none,,,,,,,,
2026-07-02,49:05.9,2H,B,Ines,GK Removed,,,,,,,,,,
2026-07-02,49:05.9,2H,B,Gio,GK On,,,,,,,,,,
2026-07-02,49:15.7,2H,A,Vijit,Interceptions,,none,,,,,,,,
2026-07-02,49:19.2,2H,A,Amin,On Target,,none,,,,,,,,
2026-07-02,49:18.2,2H,A,Vijit,Key Passes,,none,,,,,,,,
2026-07-02,49:19.4,2H,B,Richard,Blocks,,none,,,,,,,,
2026-07-02,49:27.3,2H,A,Vijit,Interceptions,,none,,,,,,,,
2026-07-02,49:35.5,2H,A,Amin,Off Target,,none,,,,,,,,
2026-07-02,49:34.5,2H,A,Vijit,Key Passes,,none,,,,,,,,
2026-07-02,49:41.4,2H,A,James,Interceptions,,none,,,,,,,,
2026-07-02,49:49.0,2H,B,Richard,Tackles,,none,,,,,,,,
2026-07-02,50:00.9,2H,B,Lachlan,Goals,Alberto,none,none,0.9190,0.8440,0.8120,0.5410,0.5000,0.5570,right
2026-07-02,50:20.1,2H,B,Alberto,Interceptions,,none,,,,,,,,
2026-07-02,50:26.8,2H,A,Amin,Interceptions,,none,,,,,,,,
2026-07-02,50:31.5,2H,A,Bailey,Nutmegs,,none,,,,,,,,
2026-07-02,50:31.8,2H,B,Richard,Interceptions,,none,,,,,,,,
2026-07-02,50:42.4,2H,B,Richard,Nutmegs,,none,,,,,,,,
2026-07-02,50:44.5,2H,B,Richard,On Target,,none,,,,,,,,
2026-07-02,50:43.5,2H,B,Alberto,Key Passes,,none,,,,,,,,
2026-07-02,50:49.8,2H,A,Amin,On Target,,none,,,,,,,,
2026-07-02,50:48.8,2H,A,James,Key Passes,,none,,,,,,,,
2026-07-02,50:50.0,2H,B,Lachlan,Blocks,,none,,,,,,,,
2026-07-02,50:56.2,2H,B,Richard,Goals,Alberto,none,none,0.8370,0.2470,0.8370,0.7870,0.1670,0.8210,right
2026-07-02,51:13.3,2H,A,Vijit,Off Target,,none,,,,,,,,
2026-07-02,51:13.4,2H,B,Alberto,Blocks,,none,,,,,,,,
2026-07-02,51:27.0,2H,B,Ines,Goals,Richard,none,none,0.8690,0.2380,0.6820,0.6510,0.1990,0.7710,right
2026-07-09,0:00.000,1H,B,Jake,GK On,,,,,,,,,,
2026-07-09,0:00.000,1H,A,Richard,GK On,,,,,,,,,,
2026-07-09,0:11.923,1H,A,Lachlan,Nutmegs,,none,,,,,,,,
2026-07-09,0:26.870,1H,A,Andres,Tackles,,none,,,,,,,,
2026-07-09,0:31.954,1H,A,Andres,Off Target,,none,,,,,,,,
2026-07-09,0:30.954,1H,A,Alberto,Key Passes,,none,,,,,,,,
2026-07-09,0:51.698,1H,A,Andres,Tackles,,none,,,,,,,,
2026-07-09,0:54.493,1H,B,Bailey,Nutmegs,,none,,,,,,,,
2026-07-09,1:00.869,1H,A,Alberto,Interceptions,,none,,,,,,,,
2026-07-09,1:03.688,1H,A,Andres,Off Target,,none,,,,,,,,
2026-07-09,1:02.688,1H,A,Alberto,Key Passes,,none,,,,,,,,
2026-07-09,1:04.145,1H,B,Jake,GK Saves,,none,,,,,,,,
2026-07-09,1:06.145,1H,A,Austin,Off Target,,none,,,,,,,,
2026-07-09,1:19.551,1H,B,Gio,Goals,,none,none,0.5770,0.5000,,,0.1780,0.5480,right
2026-07-09,1:41.912,1H,B,Vijit,Tackles,,none,,,,,,,,
2026-07-09,1:44.744,1H,A,Lachlan,Tackles,,none,,,,,,,,
2026-07-09,1:54.305,1H,A,Andres,On Target,,none,,,,,,,,
2026-07-09,1:53.305,1H,A,Richard,Key Passes,,none,,,,,,,,
2026-07-09,1:54.497,1H,B,Bailey,Blocks,,none,,,,,,,,
2026-07-09,2:12.976,1H,B,Bailey,Tackles,,none,,,,,,,,
2026-07-09,2:30.844,1H,A,Lachlan,Interceptions,,none,,,,,,,,
2026-07-09,2:54.940,1H,A,Austin,Interceptions,,none,,,,,,,,
2026-07-09,2:58.507,1H,A,Lachlan,Interceptions,,none,,,,,,,,
2026-07-09,2:58.787,1H,A,Lachlan,Nutmegs,,none,,,,,,,,
2026-07-09,3:03.084,1H,B,Vijit,Tackles,,none,,,,,,,,
2026-07-09,3:04.913,1H,B,Vijit,Interceptions,,none,,,,,,,,
2026-07-09,3:17.424,1H,B,Bailey,Goals,Gio,highlight,highlight,0.8280,0.1730,0.5840,0.6590,0.8090,0.7210,left
2026-07-09,3:36.949,1H,A,Lachlan,Off Target,,none,,,,,,,,
2026-07-09,3:35.949,1H,A,Austin,Key Passes,,none,,,,,,,,
2026-07-09,3:38.532,1H,B,Vijit,Interceptions,,none,,,,,,,,
2026-07-09,3:46.607,1H,B,Bailey,On Target,,none,,,,,,,,
2026-07-09,3:45.607,1H,B,Jake,Key Passes,,none,,,,,,,,
2026-07-09,3:46.729,1H,A,Austin,Blocks,,none,,,,,,,,
2026-07-09,3:59.533,1H,B,Jake,GK Saves,,none,,,,,,,,
2026-07-09,4:21.177,1H,B,Vijit,Tackles,,none,,,,,,,,
2026-07-09,4:35.047,1H,A,Alberto,Off Target,,none,,,,,,,,
2026-07-09,4:34.047,1H,A,Lachlan,Key Passes,,none,,,,,,,,
2026-07-09,4:34.047,1H,A,Alberto,Nutmegs,,none,,,,,,,,
2026-07-09,4:36.524,1H,A,Lachlan,Goals,,none,none,0.8850,0.8260,,,0.8640,0.9790,right
2026-07-09,5:10.867,1H,A,Andres,Tackles,,none,,,,,,,,
2026-07-09,4:45.451,1H,A,Richard,GK Removed,,,,,,,,,,
2026-07-09,4:45.451,1H,A,Alberto,GK On,,,,,,,,,,
2026-07-09,5:23.510,1H,B,James,Interceptions,,none,,,,,,,,
2026-07-09,5:28.766,1H,B,Bailey,Interceptions,,none,,,,,,,,
2026-07-09,5:31.321,1H,A,Andres,Off Target,,none,,,,,,,,
2026-07-09,5:32.457,1H,A,Lachlan,Off Target,,none,,,,,,,,
2026-07-09,5:34.477,1H,A,Austin,Off Target,,none,,,,,,,,
2026-07-09,6:01.148,1H,A,Lachlan,On Target,,none,,,,,,,,
2026-07-09,6:00.148,1H,A,Andres,Key Passes,,none,,,,,,,,
2026-07-09,6:02.114,1H,B,Jake,GK Saves,,none,,,,,,,,
2026-07-09,6:11.060,1H,A,Lachlan,Interceptions,,none,,,,,,,,
2026-07-09,6:24.262,1H,A,Andres,Interceptions,,none,,,,,,,,
2026-07-09,6:27.340,1H,B,James,On Target,,none,,,,,,,,
2026-07-09,6:27.503,1H,A,Richard,Blocks,,none,,,,,,,,
2026-07-09,6:46.019,1H,A,Richard,Interceptions,,none,,,,,,,,
2026-07-09,6:51.435,1H,A,Austin,On Target,,none,,,,,,,,
2026-07-09,6:50.435,1H,A,Andres,Key Passes,,none,,,,,,,,
2026-07-09,6:51.542,1H,B,Jake,GK Saves,,none,,,,,,,,
2026-07-09,7:12.551,1H,B,Vijit,Interceptions,,none,,,,,,,,
2026-07-09,7:14.162,1H,B,Vijit,On Target,,none,,,,,,,,
2026-07-09,7:14.622,1H,A,Alberto,GK Saves,,none,,,,,,,,
2026-07-09,7:23.478,1H,A,Lachlan,Tackles,,none,,,,,,,,
2026-07-09,7:24.962,1H,B,Bailey,Interceptions,,none,,,,,,,,
2026-07-09,7:26.546,1H,A,Austin,Interceptions,,none,,,,,,,,
2026-07-09,7:29.889,1H,A,Lachlan,Tackles,,none,,,,,,,,
2026-07-09,7:28.130,1H,B,James,Interceptions,,none,,,,,,,,
2026-07-09,7:30.787,1H,A,Lachlan,Goals,,none,none,0.7370,0.1070,,,0.8460,0.8210,right
2026-07-09,7:46.939,1H,A,Austin,Interceptions,,none,,,,,,,,
2026-07-09,7:52.380,1H,B,Bailey,Interceptions,,none,,,,,,,,
2026-07-09,8:00.656,1H,B,Gio,Interceptions,,none,,,,,,,,
2026-07-09,8:14.519,1H,A,Richard,Tackles,,none,,,,,,,,
2026-07-09,8:21.726,1H,B,James,Interceptions,,none,,,,,,,,
2026-07-09,8:25.401,1H,A,Andres,Interceptions,,none,,,,,,,,
2026-07-09,8:32.211,1H,A,Austin,On Target,,none,,,,,,,,
2026-07-09,8:31.211,1H,A,Richard,Key Passes,,none,,,,,,,,
2026-07-09,8:42.310,1H,A,Richard,Off Target,,none,,,,,,,,
2026-07-09,8:41.310,1H,A,Lachlan,Key Passes,,none,,,,,,,,
2026-07-09,8:55.884,1H,B,Vijit,Off Target,,none,,,,,,,,
2026-07-09,8:54.884,1H,B,Bailey,Key Passes,,none,,,,,,,,
2026-07-09,8:46.568,1H,B,Jake,GK Removed,,,,,,,,,,
2026-07-09,8:46.568,1H,B,James,GK On,,,,,,,,,,
2026-07-09,8:58.495,1H,B,Jake,Off Target,,none,,,,,,,,
2026-07-09,8:58.741,1H,A,Alberto,GK Saves,,none,,,,,,,,
2026-07-09,9:05.572,1H,A,Richard,Interceptions,,none,,,,,,,,
2026-07-09,9:11.891,1H,B,Vijit,Interceptions,,none,,,,,,,,
2026-07-09,9:17.347,1H,A,Andres,Off Target,,none,,,,,,,,
2026-07-09,9:16.347,1H,A,Austin,Key Passes,,none,,,,,,,,
2026-07-09,9:44.076,1H,A,Richard,Interceptions,,none,,,,,,,,
2026-07-09,9:55.004,1H,A,Austin,Goals,Andres,highlight,none,0.8280,0.8870,0.5880,0.5010,0.0010,0.4930,right
2026-07-09,10:10.211,1H,A,Andres,Tackles,,none,,,,,,,,
2026-07-09,10:11.961,1H,B,Gio,Interceptions,,none,,,,,,,,
2026-07-09,10:18.668,1H,B,Jake,On Target,,none,,,,,,,,
2026-07-09,10:17.668,1H,B,Bailey,Key Passes,,none,,,,,,,,
2026-07-09,10:18.822,1H,A,Richard,Interceptions,,none,,,,,,,,
2026-07-09,10:18.735,1H,B,Jake,Nutmegs,,none,,,,,,,,
2026-07-09,10:42.643,1H,A,Andres,Tackles,,none,,,,,,,,
2026-07-09,10:54.509,1H,A,Andres,Off Target,,none,,,,,,,,
2026-07-09,10:53.509,1H,A,Richard,Key Passes,,none,,,,,,,,
2026-07-09,11:01.711,1H,A,Richard,Interceptions,,none,,,,,,,,
2026-07-09,11:04.241,1H,A,Austin,Interceptions,,none,,,,,,,,
2026-07-09,11:23.058,1H,B,Gio,Interceptions,,none,,,,,,,,
2026-07-09,11:28.530,1H,A,Richard,Tackles,,none,,,,,,,,
2026-07-09,11:39.895,1H,A,Lachlan,Interceptions,,none,,,,,,,,
2026-07-09,11:45.172,1H,B,Jake,Interceptions,,none,,,,,,,,
2026-07-09,11:46.921,1H,B,Jake,Off Target,,none,,,,,,,,
2026-07-09,11:56.631,1H,A,Alberto,GK Removed,,,,,,,,,,
2026-07-09,11:56.631,1H,A,Richard,GK On,,,,,,,,,,
2026-07-09,12:14.206,1H,A,Alberto,Tackles,,none,,,,,,,,
2026-07-09,12:20.409,1H,B,Vijit,Interceptions,,none,,,,,,,,
2026-07-09,12:30.072,1H,A,Andres,Interceptions,,none,,,,,,,,
2026-07-09,12:34.563,1H,B,Vijit,Tackles,,none,,,,,,,,
2026-07-09,12:42.893,1H,B,Vijit,Interceptions,,none,,,,,,,,
2026-07-09,12:55.518,1H,A,Lachlan,On Target,,none,,,,,,,,
2026-07-09,12:54.518,1H,A,Austin,Key Passes,,none,,,,,,,,
2026-07-09,12:55.900,1H,B,James,GK Saves,,none,,,,,,,,
2026-07-09,13:06.028,1H,A,Andres,Interceptions,,none,,,,,,,,
2026-07-09,13:26.327,1H,A,Alberto,Tackles,,none,,,,,,,,
2026-07-09,13:40.378,1H,A,Austin,On Target,,none,,,,,,,,
2026-07-09,13:39.378,1H,A,Lachlan,Key Passes,,none,,,,,,,,
2026-07-09,13:40.715,1H,B,James,GK Saves,,none,,,,,,,,
2026-07-09,13:43.488,1H,A,Lachlan,Nutmegs,,none,,,,,,,,
2026-07-09,13:44.611,1H,B,Vijit,Interceptions,,none,,,,,,,,
2026-07-09,13:51.132,1H,A,Andres,Tackles,,none,,,,,,,,
2026-07-09,13:53.999,1H,A,Andres,Off Target,,none,,,,,,,,
2026-07-09,14:06.206,1H,B,Gio,On Target,,none,,,,,,,,
2026-07-09,14:05.206,1H,B,Bailey,Key Passes,,none,,,,,,,,
2026-07-09,14:06.458,1H,A,Richard,GK Saves,,none,,,,,,,,
2026-07-09,14:12.478,1H,A,Andres,Off Target,,none,,,,,,,,
2026-07-09,14:11.478,1H,A,Richard,Key Passes,,none,,,,,,,,
2026-07-09,14:15.116,1H,B,James,Interceptions,,none,,,,,,,,
2026-07-09,14:25.000,1H,B,Bailey,On Target,,none,,,,,,,,
2026-07-09,14:24.000,1H,B,Gio,Key Passes,,none,,,,,,,,
2026-07-09,14:25.523,1H,A,Richard,GK Saves,,none,,,,,,,,
2026-07-09,14:32.885,1H,A,Austin,On Target,,none,,,,,,,,
2026-07-09,14:31.885,1H,A,Andres,Key Passes,,none,,,,,,,,
2026-07-09,14:33.403,1H,B,James,GK Saves,,none,,,,,,,,
2026-07-09,14:46.477,1H,A,Alberto,Tackles,,none,,,,,,,,
2026-07-09,15:16.996,1H,B,Jake,Interceptions,,none,,,,,,,,
2026-07-09,15:22.428,1H,A,Alberto,Interceptions,,none,,,,,,,,
2026-07-09,15:28.190,1H,B,Bailey,Tackles,,none,,,,,,,,
2026-07-09,15:32.613,1H,B,Jake,Interceptions,,none,,,,,,,,
2026-07-09,15:34.017,1H,A,Andres,On Target,,none,,,,,,,,
2026-07-09,15:34.199,1H,B,James,GK Saves,,none,,,,,,,,
2026-07-09,15:39.617,1H,B,Vijit,Interceptions,,none,,,,,,,,
2026-07-09,15:43.447,1H,A,Lachlan,Tackles,,none,,,,,,,,
2026-07-09,15:57.304,1H,A,Alberto,Goals,Lachlan,none,none,0.8450,0.2960,0.7530,0.8750,0.1690,0.7460,right
2026-07-09,16:08.132,1H,A,Richard,GK Removed,,,,,,,,,,
2026-07-09,16:08.132,1H,A,Andres,GK On,,,,,,,,,,
2026-07-09,16:22.304,1H,A,Richard,Interceptions,,none,,,,,,,,
2026-07-09,16:24.068,1H,B,Gio,Off Target,,none,,,,,,,,
2026-07-09,16:24.068,1H,B,Gio,Post,,none,,,,,,,,
2026-07-09,16:43.552,1H,A,Alberto,On Target,,none,,,,,,,,
2026-07-09,16:42.552,1H,A,Lachlan,Key Passes,,none,,,,,,,,
2026-07-09,16:03.747,1H,B,James,GK Removed,,,,,,,,,,
2026-07-09,16:03.747,1H,B,Vijit,GK On,,,,,,,,,,
2026-07-09,16:43.814,1H,B,Vijit,GK Saves,,none,,,,,,,,
2026-07-09,16:46.011,1H,B,Jake,Interceptions,,none,,,,,,,,
2026-07-09,16:49.235,1H,A,Austin,Interceptions,,none,,,,,,,,
2026-07-09,16:51.237,1H,A,Alberto,Goals,Austin,none,none,0.7050,0.7850,0.2950,0.6450,0.8040,0.8360,right
2026-07-09,17:04.918,1H,A,Austin,Interceptions,,none,,,,,,,,
2026-07-09,17:24.564,1H,B,Jake,Interceptions,,none,,,,,,,,
2026-07-09,17:26.664,1H,B,Jake,On Target,,none,,,,,,,,
2026-07-09,17:27.207,1H,A,Andres,GK Saves,,highlight,,,,,,,,
2026-07-09,17:35.903,1H,B,James,Tackles,,none,,,,,,,,
2026-07-09,17:49.870,1H,A,Austin,Interceptions,,none,,,,,,,,
2026-07-09,17:51.838,1H,B,Jake,Off Target,,none,,,,,,,,
2026-07-09,18:02.637,1H,A,Lachlan,On Target,,none,,,,,,,,
2026-07-09,18:01.637,1H,A,Andres,Key Passes,,none,,,,,,,,
2026-07-09,18:03.114,1H,B,Vijit,GK Saves,,none,,,,,,,,
2026-07-09,18:10.381,1H,A,Austin,Interceptions,,none,,,,,,,,
2026-07-09,18:17.548,1H,A,Austin,Goals,,highlight,none,0.7830,0.2630,,,0.5000,0.8430,right
2026-07-09,18:35.590,1H,B,Jake,Off Target,,none,,,,,,,,
2026-07-09,18:34.590,1H,B,Bailey,Key Passes,,none,,,,,,,,
2026-07-09,18:47.907,1H,A,Austin,Off Target,,none,,,,,,,,
2026-07-09,18:46.907,1H,A,Lachlan,Key Passes,,none,,,,,,,,
2026-07-09,18:48.384,1H,B,Vijit,GK Saves,,none,,,,,,,,
2026-07-09,18:56.082,1H,A,Lachlan,Tackles,,none,,,,,,,,
2026-07-09,18:59.174,1H,B,Jake,Interceptions,,none,,,,,,,,
2026-07-09,18:59.489,1H,A,Lachlan,Tackles,,none,,,,,,,,
2026-07-09,19:12.704,1H,A,Alberto,Off Target,,none,,,,,,,,
2026-07-09,19:11.704,1H,A,Richard,Key Passes,,none,,,,,,,,
2026-07-09,19:21.775,1H,B,Bailey,Nutmegs,,none,,,,,,,,
2026-07-09,19:21.775,1H,B,Bailey,Goals,James,highlight,none,0.7990,0.1270,0.4520,0.3110,0.4980,0.7360,left
2026-07-09,19:44.632,1H,B,Gio,Interceptions,,none,,,,,,,,
2026-07-09,19:46.968,1H,A,Alberto,On Target,,none,,,,,,,,
2026-07-09,19:47.584,1H,B,Vijit,GK Saves,,none,,,,,,,,
2026-07-09,19:56.273,1H,A,Richard,Interceptions,,none,,,,,,,,
2026-07-09,19:59.522,1H,B,James,Interceptions,,none,,,,,,,,
2026-07-09,20:23.603,1H,B,James,Tackles,,none,,,,,,,,
2026-07-09,20:24.653,1H,A,Austin,Interceptions,,lowlight,,,,,,,,
2026-07-09,20:43.905,1H,B,Bailey,On Target,,none,,,,,,,,
2026-07-09,20:43.995,1H,A,Richard,Blocks,,none,,,,,,,,
2026-07-09,20:51.524,1H,B,Bailey,Interceptions,,none,,,,,,,,
2026-07-09,20:56.295,1H,B,Vijit,Interceptions,,none,,,,,,,,
2026-07-09,21:31.427,1H,A,Lachlan,Goals,Austin,none,none,0.7950,0.1710,0.4570,0.1450,0.2490,0.0140,right
2026-07-09,21:52.572,1H,A,Alberto,Interceptions,,none,,,,,,,,
2026-07-09,22:03.512,1H,B,James,Interceptions,,none,,,,,,,,
2026-07-09,22:07.157,1H,B,James,Interceptions,,none,,,,,,,,
2026-07-09,22:10.764,1H,B,James,Off Target,,none,,,,,,,,
2026-07-09,22:09.764,1H,B,Gio,Key Passes,,none,,,,,,,,
2026-07-09,22:17.347,1H,A,Lachlan,On Target,,none,,,,,,,,
2026-07-09,22:16.347,1H,A,Richard,Key Passes,,none,,,,,,,,
2026-07-09,22:17.529,1H,B,Vijit,GK Saves,,none,,,,,,,,
2026-07-09,22:25.745,1H,A,Austin,Interceptions,,none,,,,,,,,
2026-07-09,22:29.040,1H,A,Lachlan,On Target,,none,,,,,,,,
2026-07-09,22:28.040,1H,A,Austin,Key Passes,,none,,,,,,,,
2026-07-09,22:29.628,1H,B,James,Blocks,,none,,,,,,,,
2026-07-09,22:42.066,1H,A,Richard,Goals,Austin,none,none,0.7580,0.7500,0.5000,0.1450,0.7490,0.0360,right
2026-07-09,22:55.152,1H,A,Andres,GK Removed,,,,,,,,,,
2026-07-09,22:55.152,1H,A,Alberto,GK On,,,,,,,,,,
2026-07-09,23:14.843,1H,A,Lachlan,Goals,Austin,none,none,0.8720,0.2280,0.2400,0.1670,0.5640,0.8570,right
2026-07-09,23:24.878,1H,B,Vijit,GK Removed,,,,,,,,,,
2026-07-09,23:24.878,1H,B,Jake,GK On,,,,,,,,,,
2026-07-09,23:33.653,1H,B,Vijit,Off Target,,none,,,,,,,,
2026-07-09,23:32.653,1H,B,Bailey,Key Passes,,none,,,,,,,,
2026-07-09,23:40.885,1H,B,Bailey,Tackles,,none,,,,,,,,
2026-07-09,23:47.670,1H,A,Lachlan,On Target,,none,,,,,,,,
2026-07-09,23:46.670,1H,A,Austin,Key Passes,,none,,,,,,,,
2026-07-09,23:47.985,1H,B,Jake,GK Saves,,none,,,,,,,,
2026-07-09,23:59.400,1H,A,Richard,Interceptions,,none,,,,,,,,
2026-07-09,24:27.170,1H,A,Lachlan,Off Target,,none,,,,,,,,
2026-07-09,24:26.170,1H,A,Richard,Key Passes,,none,,,,,,,,
2026-07-09,24:27.170,1H,A,Lachlan,Post,,none,,,,,,,,
2026-07-09,24:29.489,1H,B,Vijit,Interceptions,,none,,,,,,,,
2026-07-09,24:34.490,1H,A,Austin,Interceptions,,none,,,,,,,,
2026-07-09,24:43.938,1H,A,Richard,Interceptions,,none,,,,,,,,
2026-07-09,24:46.561,1H,B,James,Interceptions,,none,,,,,,,,
2026-07-09,25:01.307,1H,B,James,Interceptions,,none,,,,,,,,
2026-07-09,25:07.431,1H,B,Gio,Nutmegs,,none,,,,,,,,
2026-07-09,25:11.622,1H,A,Richard,Interceptions,,none,,,,,,,,
2026-07-09,25:14.015,1H,A,Richard,Interceptions,,none,,,,,,,,
2026-07-09,25:20.101,1H,A,Richard,Interceptions,,none,,,,,,,,
2026-07-09,25:22.324,1H,B,Gio,Goals,Bailey,none,none,0.7830,0.3110,0.8610,0.1050,0.8770,0.8210,right
2026-07-09,25:51.743,1H,B,Gio,Interceptions,,none,,,,,,,,
2026-07-09,25:55.180,1H,A,Austin,Interceptions,,none,,,,,,,,
2026-07-09,26:10.754,1H,A,Richard,Interceptions,,none,,,,,,,,
2026-07-09,26:13.495,1H,B,Vijit,Interceptions,,none,,,,,,,,
2026-07-09,26:15.835,1H,B,Bailey,Nutmegs,,none,,,,,,,,
2026-07-09,26:17.194,1H,B,James,On Target,,none,,,,,,,,
2026-07-09,26:16.194,1H,B,Bailey,Key Passes,,none,,,,,,,,
2026-07-09,26:17.392,1H,A,Alberto,GK Saves,,none,,,,,,,,
2026-07-09,26:43.455,1H,B,Gio,Interceptions,,none,,,,,,,,
2026-07-09,26:47.767,1H,A,Richard,Interceptions,,none,,,,,,,,
2026-07-09,26:54.421,1H,A,Andres,On Target,,none,,,,,,,,
2026-07-09,26:53.421,1H,A,Austin,Key Passes,,none,,,,,,,,
2026-07-09,26:54.531,1H,B,Bailey,Blocks,,none,,,,,,,,
2026-07-09,27:05.919,1H,B,James,Off Target,,none,,,,,,,,
2026-07-09,27:04.919,1H,B,Bailey,Key Passes,,none,,,,,,,,
2026-07-09,27:07.702,1H,B,Gio,On Target,,none,,,,,,,,
2026-07-09,27:08.009,1H,A,Alberto,GK Saves,,none,,,,,,,,
2026-07-09,27:14.154,1H,A,Lachlan,Off Target,,none,,,,,,,,
2026-07-09,27:13.154,1H,A,Austin,Key Passes,,none,,,,,,,,
2026-07-09,27:22.564,1H,B,Gio,Off Target,,none,,,,,,,,
2026-07-09,27:21.564,1H,B,Jake,Key Passes,,none,,,,,,,,
2026-07-09,27:21.564,1H,B,Gio,Nutmegs,,none,,,,,,,,
2026-07-09,27:35.615,2H,B,Bailey,Off Target,,none,,,,,,,,
2026-07-09,27:46.730,2H,B,Bailey,Interceptions,,none,,,,,,,,
2026-07-09,27:51.345,2H,A,Austin,Tackles,,none,,,,,,,,
2026-07-09,27:57.948,2H,A,Lachlan,Nutmegs,,none,,,,,,,,
2026-07-09,27:33.670,2H,B,Jake,GK Removed,,,,,,,,,,
2026-07-09,27:33.670,2H,B,James,GK On,,,,,,,,,,
2026-07-09,28:00.459,2H,B,Jake,Tackles,,none,,,,,,,,
2026-07-09,28:07.504,2H,B,Bailey,On Target,,none,,,,,,,,
2026-07-09,28:06.504,2H,B,James,Key Passes,,none,,,,,,,,
2026-07-09,28:08.404,2H,A,Alberto,GK Saves,,none,,,,,,,,
2026-07-09,28:15.506,2H,B,Jake,Interceptions,,none,,,,,,,,
2026-07-09,28:20.594,2H,B,Gio,Goals,Bailey,highlight,highlight,0.7910,0.7810,0.8050,0.1930,0.7710,0.9120,right
2026-07-09,28:37.051,2H,B,Jake,Tackles,,none,,,,,,,,
2026-07-09,28:40.552,2H,A,Austin,Tackles,,none,,,,,,,,
2026-07-09,28:42.139,2H,B,Bailey,Interceptions,,none,,,,,,,,
2026-07-09,28:44.805,2H,B,Bailey,Goals,,none,none,0.7960,0.2510,,,0.2190,0.6210,left
2026-07-09,29:06.431,2H,B,Gio,Interceptions,,none,,,,,,,,
2026-07-09,29:11.958,2H,B,Vijit,Interceptions,,none,,,,,,,,
2026-07-09,29:18.910,2H,A,Richard,Interceptions,,none,,,,,,,,
2026-07-09,29:25.481,2H,B,Jake,Tackles,,none,,,,,,,,
2026-07-09,29:30.254,2H,A,Lachlan,Interceptions,,none,,,,,,,,
2026-07-09,29:37.332,2H,B,Jake,Tackles,,none,,,,,,,,
2026-07-09,30:13.769,2H,B,Vijit,Interceptions,,none,,,,,,,,
2026-07-09,30:20.556,2H,B,Gio,Goals,Bailey,none,none,0.7640,0.6730,0.6820,0.0720,0.7840,0.7430,right
2026-07-09,30:41.867,2H,A,Richard,On Target,,none,,,,,,,,
2026-07-09,30:40.867,2H,A,Austin,Key Passes,,none,,,,,,,,
2026-07-09,30:42.009,2H,B,James,GK Saves,,none,,,,,,,,
2026-07-09,30:47.473,2H,B,Gio,Off Target,,none,,,,,,,,
2026-07-09,30:46.473,2H,B,Bailey,Key Passes,,none,,,,,,,,
2026-07-09,30:52.405,2H,A,Austin,Tackles,,none,,,,,,,,
2026-07-09,30:52.670,2H,A,Austin,Nutmegs,,none,,,,,,,,
2026-07-09,30:55.206,2H,B,Vijit,Interceptions,,none,,,,,,,,
2026-07-09,31:23.176,2H,B,Jake,Interceptions,,none,,,,,,,,
2026-07-09,31:25.692,2H,B,Vijit,Interceptions,,none,,,,,,,,
2026-07-09,31:37.248,2H,A,Richard,Interceptions,,none,,,,,,,,
2026-07-09,31:50.712,2H,B,Jake,Tackles,,none,,,,,,,,
2026-07-09,32:04.610,2H,B,Jake,Interceptions,,none,,,,,,,,
2026-07-09,32:20.305,2H,B,Jake,Interceptions,,none,,,,,,,,
2026-07-09,32:28.543,2H,B,Bailey,Goals,James,none,none,,,0.1150,0.5060,0.0510,0.9290,left
2026-07-09,32:46.379,2H,A,Andres,Off Target,,none,,,,,,,,
2026-07-09,32:45.379,2H,A,Austin,Key Passes,,none,,,,,,,,
2026-07-09,32:46.521,2H,B,Vijit,Blocks,,none,,,,,,,,
2026-07-09,33:05.233,2H,B,Gio,On Target,,none,,,,,,,,
2026-07-09,33:04.233,2H,B,James,Key Passes,,none,,,,,,,,
2026-07-09,33:05.315,2H,A,Richard,Blocks,,none,,,,,,,,
2026-07-09,33:18.596,2H,B,Jake,Interceptions,,none,,,,,,,,
2026-07-09,33:21.986,2H,A,Lachlan,Interceptions,,none,,,,,,,,
2026-07-09,33:42.279,2H,A,Austin,Key Passes,,none,,,,,,,,
2026-07-09,33:42.279,2H,A,Austin,Nutmegs,,none,,,,,,,,
2026-07-09,33:44.581,2H,B,Gio,Tackles,,none,,,,,,,,
2026-07-09,33:49.397,2H,B,Jake,Tackles,,none,,,,,,,,
2026-07-09,34:02.664,2H,B,Gio,Interceptions,,none,,,,,,,,
2026-07-09,34:07.391,2H,A,Austin,Interceptions,,none,,,,,,,,
2026-07-09,34:10.799,2H,B,Vijit,Interceptions,,none,,,,,,,,
2026-07-09,34:11.834,2H,B,Vijit,Interceptions,,none,,,,,,,,
2026-07-09,34:25.869,2H,A,Lachlan,Interceptions,,none,,,,,,,,
2026-07-09,34:30.894,2H,A,Lachlan,Nutmegs,,none,,,,,,,,
2026-07-09,34:32.874,2H,B,Jake,Interceptions,,none,,,,,,,,
2026-07-09,34:34.432,2H,A,Richard,On Target,,none,,,,,,,,
2026-07-09,34:35.596,2H,B,James,GK Saves,,none,,,,,,,,
2026-07-09,34:42.219,2H,A,Austin,Tackles,,none,,,,,,,,
2026-07-09,34:44.754,2H,B,Jake,Interceptions,,none,,,,,,,,
2026-07-09,34:45.826,2H,A,Andres,Tackles,,none,,,,,,,,
2026-07-09,34:47.555,2H,A,Lachlan,On Target,,none,,,,,,,,
2026-07-09,34:46.555,2H,A,Andres,Key Passes,,none,,,,,,,,
2026-07-09,34:47.679,2H,B,James,GK Saves,,none,,,,,,,,
2026-07-09,34:49.397,2H,B,Jake,Interceptions,,none,,,,,,,,
2026-07-09,35:04.205,2H,A,Lachlan,Tackles,,none,,,,,,,,
2026-07-09,35:10.581,2H,B,James,Interceptions,,none,,,,,,,,
2026-07-09,35:21.325,2H,A,Austin,Interceptions,,none,,,,,,,,
2026-07-09,35:26.341,2H,B,Vijit,Interceptions,,none,,,,,,,,
2026-07-09,35:26.284,2H,B,Vijit,OG,,none,,,,,,,,
2026-07-09,36:07.484,2H,A,Andres,On Target,,none,,,,,,,,
2026-07-09,36:06.484,2H,A,Austin,Key Passes,,none,,,,,,,,
2026-07-09,36:07.878,2H,B,James,GK Saves,,none,,,,,,,,
2026-07-09,36:30.096,2H,A,Richard,Tackles,,none,,,,,,,,
2026-07-09,36:44.705,2H,B,Jake,Interceptions,,none,,,,,,,,
2026-07-09,36:50.629,2H,A,Lachlan,Interceptions,,none,,,,,,,,
2026-07-09,37:07.514,2H,B,Vijit,Interceptions,,none,,,,,,,,
2026-07-09,37:12.130,2H,B,Gio,Off Target,,none,,,,,,,,
2026-07-09,37:34.152,2H,A,Lachlan,Interceptions,,none,,,,,,,,
2026-07-09,37:40.625,2H,A,Austin,On Target,,none,,,,,,,,
2026-07-09,37:41.193,2H,B,James,GK Saves,,none,,,,,,,,
2026-07-09,37:46.439,2H,A,Lachlan,Moment,,lowlight,,,,,,,,
2026-07-09,37:47.778,2H,B,Gio,Nutmegs,,none,,,,,,,,
2026-07-09,37:47.778,2H,B,Gio,Goals,James,none,none,0.8390,0.8300,0.1080,0.5100,0.0740,0.7640,right
2026-07-09,38:17.132,2H,A,Austin,Key Passes,,none,,,,,,,,
2026-07-09,38:19.674,2H,B,Gio,Tackles,,none,,,,,,,,
2026-07-09,38:30.619,2H,B,Bailey,Nutmegs,,none,,,,,,,,
2026-07-09,38:36.284,2H,A,Austin,Interceptions,,none,,,,,,,,
2026-07-09,38:41.772,2H,B,Jake,Tackles,,none,,,,,,,,
2026-07-09,38:55.123,2H,B,Gio,Interceptions,,none,,,,,,,,
2026-07-09,39:12.644,2H,B,Jake,Interceptions,,none,,,,,,,,
2026-07-09,39:14.939,2H,A,Richard,Interceptions,,none,,,,,,,,
2026-07-09,39:22.890,2H,A,Andres,Nutmegs,,none,,,,,,,,
2026-07-09,39:22.890,2H,A,Andres,Goals,Austin,highlight,none,0.8070,0.3480,0.3860,0.0890,0.3680,0.9790,left
2026-07-09,39:32.321,2H,B,James,GK Removed,,,,,,,,,,
2026-07-09,39:32.321,2H,B,Vijit,GK On,,,,,,,,,,
2026-07-09,39:43.752,2H,B,James,On Target,,none,,,,,,,,
2026-07-09,39:42.752,2H,B,Bailey,Key Passes,,none,,,,,,,,
2026-07-09,39:43.846,2H,A,Lachlan,Blocks,,none,,,,,,,,
2026-07-09,39:44.804,2H,B,James,On Target,,none,,,,,,,,
2026-07-09,39:45.067,2H,A,Alberto,GK Saves,,none,,,,,,,,
2026-07-09,39:56.057,2H,B,Jake,Interceptions,,none,,,,,,,,
2026-07-09,40:06.619,2H,B,Gio,Interceptions,,none,,,,,,,,
2026-07-09,40:08.569,2H,A,Austin,Interceptions,,none,,,,,,,,
2026-07-09,40:11.426,2H,B,Jake,Tackles,,none,,,,,,,,
2026-07-09,40:21.839,2H,B,James,Nutmegs,,none,,,,,,,,
2026-07-09,40:21.839,2H,B,Gio,Goals,James,none,none,0.8090,0.8260,0.5540,0.3080,0.6250,0.7360,right
2026-07-09,40:28.678,2H,A,Alberto,GK Removed,,,,,,,,,,
2026-07-09,40:28.678,2H,A,Richard,GK On,,,,,,,,,,
2026-07-09,40:42.217,2H,A,Austin,Off Target,,none,,,,,,,,
2026-07-09,40:44.109,2H,B,Jake,Interceptions,,none,,,,,,,,
2026-07-09,40:58.392,2H,B,James,Off Target,,none,,,,,,,,
2026-07-09,40:57.392,2H,B,Bailey,Key Passes,,none,,,,,,,,
2026-07-09,41:02.392,2H,A,Andres,Interceptions,,none,,,,,,,,
2026-07-09,41:12.019,2H,B,Jake,Tackles,,none,,,,,,,,
2026-07-09,41:15.231,2H,A,Lachlan,Interceptions,,none,,,,,,,,
2026-07-09,41:18.423,2H,A,Alberto,Interceptions,,none,,,,,,,,
2026-07-09,41:39.945,2H,A,Alberto,Interceptions,,none,,,,,,,,
2026-07-09,41:52.105,2H,A,Alberto,Tackles,,none,,,,,,,,
2026-07-09,41:54.919,2H,B,Gio,Interceptions,,none,,,,,,,,
2026-07-09,41:56.211,2H,A,Andres,Tackles,,none,,,,,,,,
2026-07-09,41:57.505,2H,B,Jake,Off Target,,none,,,,,,,,
2026-07-09,42:14.844,2H,A,Andres,On Target,,none,,,,,,,,
2026-07-09,42:15.445,2H,B,Vijit,GK Saves,,none,,,,,,,,
2026-07-09,42:40.590,2H,B,Jake,Interceptions,,none,,,,,,,,
2026-07-09,42:43.083,2H,A,Lachlan,Interceptions,,none,,,,,,,,
2026-07-09,42:47.370,2H,B,Gio,Interceptions,,none,,,,,,,,
2026-07-09,42:51.238,2H,A,Andres,Tackles,,none,,,,,,,,
2026-07-09,42:55.024,2H,A,Lachlan,Goals,Andres,none,none,0.8340,0.8610,0.4970,0.5890,0.3740,0.6210,right
2026-07-09,43:17.498,2H,B,Gio,On Target,,none,,,,,,,,
2026-07-09,43:16.498,2H,B,Bailey,Key Passes,,none,,,,,,,,
2026-07-09,43:17.804,2H,A,Richard,GK Saves,,none,,,,,,,,
2026-07-09,43:16.171,2H,A,Lachlan,Tackles,,none,,,,,,,,
2026-07-09,43:38.257,2H,B,Jake,Interceptions,,none,,,,,,,,
2026-07-09,43:49.018,2H,A,Andres,On Target,,none,,,,,,,,
2026-07-09,43:48.018,2H,A,Alberto,Key Passes,,none,,,,,,,,
2026-07-09,43:49.551,2H,B,Vijit,GK Saves,,none,,,,,,,,
2026-07-09,44:17.396,2H,B,Gio,Interceptions,,none,,,,,,,,
2026-07-09,44:18.848,2H,B,Gio,Tackles,,none,,,,,,,,
2026-07-09,44:22.564,2H,B,Gio,On Target,,none,,,,,,,,
2026-07-09,44:22.826,2H,A,Richard,GK Saves,,none,,,,,,,,
2026-07-09,44:35.915,2H,B,Bailey,On Target,,none,,,,,,,,
2026-07-09,44:34.915,2H,B,Vijit,Key Passes,,none,,,,,,,,
2026-07-09,44:36.064,2H,A,Lachlan,Blocks,,none,,,,,,,,
2026-07-09,44:40.042,2H,B,Bailey,Interceptions,,none,,,,,,,,
2026-07-09,44:46.806,2H,A,Lachlan,Tackles,,none,,,,,,,,
2026-07-09,44:57.060,2H,B,Jake,Interceptions,,none,,,,,,,,
2026-07-09,45:17.687,2H,B,Gio,Interceptions,,none,,,,,,,,
2026-07-09,45:25.174,2H,A,Lachlan,Off Target,,none,,,,,,,,
2026-07-09,45:24.174,2H,A,Austin,Key Passes,,none,,,,,,,,
2026-07-09,45:30.013,2H,A,Austin,On Target,,none,,,,,,,,
2026-07-09,45:29.013,2H,A,Andres,Key Passes,,none,,,,,,,,
2026-07-09,45:30.183,2H,B,James,Blocks,,none,,,,,,,,
2026-07-09,45:42.042,2H,A,Lachlan,Interceptions,,none,,,,,,,,
2026-07-09,45:52.592,2H,B,Jake,Interceptions,,none,,,,,,,,
2026-07-09,45:55.334,2H,B,Jake,Tackles,,none,,,,,,,,
2026-07-09,46:00.625,2H,B,Gio,Goals,Jake,none,none,0.7780,0.7650,0.5860,0.4050,0.9460,0.8710,right
2026-07-09,46:04.574,2H,A,Richard,GK Removed,,,,,,,,,,
2026-07-09,46:04.574,2H,A,Andres,GK On,,,,,,,,,,
2026-07-09,46:26.702,2H,A,Richard,On Target,,none,,,,,,,,
2026-07-09,46:25.702,2H,A,Alberto,Key Passes,,none,,,,,,,,
2026-07-09,46:27.130,2H,B,Vijit,GK Saves,,none,,,,,,,,
2026-07-09,46:34.351,2H,A,Lachlan,Interceptions,,none,,,,,,,,
2026-07-09,46:36.555,2H,B,James,Interceptions,,none,,,,,,,,
2026-07-09,46:41.966,2H,A,Richard,Interceptions,,none,,,,,,,,
2026-07-09,46:43.637,2H,B,Gio,Interceptions,,none,,,,,,,,
2026-07-09,46:46.174,2H,A,Austin,Interceptions,,none,,,,,,,,
2026-07-09,46:46.465,2H,B,Gio,Interceptions,,none,,,,,,,,
2026-07-09,46:54.180,2H,A,Lachlan,On Target,,none,,,,,,,,
2026-07-09,46:53.180,2H,A,Alberto,Key Passes,,none,,,,,,,,
2026-07-09,46:54.665,2H,B,Vijit,GK Saves,,none,,,,,,,,
2026-07-09,46:56.149,2H,A,Lachlan,Interceptions,,none,,,,,,,,
2026-07-09,47:06.198,2H,A,Richard,On Target,,none,,,,,,,,
2026-07-09,47:06.386,2H,B,Jake,Blocks,,none,,,,,,,,
2026-07-09,47:05.198,2H,A,Alberto,Key Passes,,none,,,,,,,,
2026-07-09,47:08.421,2H,A,Austin,On Target,,none,,,,,,,,
2026-07-09,47:08.597,2H,B,Bailey,Blocks,,none,,,,,,,,
2026-07-09,47:25.596,2H,B,Jake,Interceptions,,none,,,,,,,,
2026-07-09,47:44.497,2H,A,Austin,Off Target,,none,,,,,,,,
2026-07-09,47:43.497,2H,A,Lachlan,Key Passes,,none,,,,,,,,
2026-07-09,47:59.150,2H,B,Gio,Interceptions,,none,,,,,,,,
2026-07-09,48:05.600,2H,A,Lachlan,Interceptions,,none,,,,,,,,
2026-07-09,48:23.545,2H,A,Austin,Interceptions,,none,,,,,,,,
2026-07-09,48:45.752,2H,B,Jake,Interceptions,,none,,,,,,,,
2026-07-09,48:54.646,2H,A,Austin,Interceptions,,none,,,,,,,,
2026-07-09,48:56.480,2H,B,Jake,Tackles,,none,,,,,,,,
2026-07-09,48:57.603,2H,B,Jake,Off Target,,none,,,,,,,,
2026-07-09,48:59.048,2H,B,Bailey,Off Target,,none,,,,,,,,
2026-07-09,49:01.008,2H,B,James,Off Target,,none,,,,,,,,
2026-07-09,49:10.215,2H,B,Gio,Tackles,,none,,,,,,,,
2026-07-09,49:33.015,2H,A,Lachlan,Interceptions,,none,,,,,,,,
2026-07-09,49:47.531,2H,B,James,Interceptions,,none,,,,,,,,
2026-07-09,49:54.411,2H,A,Richard,Interceptions,,none,,,,,,,,
2026-07-09,50:16.599,2H,B,James,Interceptions,,none,,,,,,,,
2026-07-09,50:27.029,2H,A,Austin,Moment,,lowlight,,,,,,,,
2026-07-09,50:28.168,2H,B,Bailey,Off Target,,none,,,,,,,,
2026-07-09,50:28.411,2H,A,Andres,GK Saves,,none,,,,,,,,
2026-07-09,50:39.949,2H,A,Richard,Off Target,,none,,,,,,,,
2026-07-09,50:38.949,2H,A,Austin,Key Passes,,none,,,,,,,,
2026-07-09,50:39.982,2H,B,Bailey,Blocks,,none,,,,,,,,
2026-07-09,50:46.770,2H,A,Alberto,Tackles,,none,,,,,,,,
2026-07-09,51:07.826,2H,A,Richard,Interceptions,,none,,,,,,,,
2026-07-09,51:16.669,2H,A,Austin,Tackles,,none,,,,,,,,
2026-07-09,51:23.022,2H,A,Lachlan,Off Target,,none,,,,,,,,
2026-07-09,51:22.022,2H,A,Austin,Key Passes,,none,,,,,,,,
2026-07-09,51:33.556,2H,B,Jake,Goals,,highlight,none,0.8390,0.9180,,,0.9760,0.5070,right
2026-07-09,51:52.024,2H,B,Bailey,Tackles,,none,,,,,,,,
2026-07-09,51:55.327,2H,B,Jake,Interceptions,,none,,,,,,,,
2026-07-09,51:58.466,2H,A,Lachlan,On Target,,none,,,,,,,,
2026-07-09,51:57.466,2H,A,Austin,Key Passes,,none,,,,,,,,
2026-07-09,51:58.708,2H,B,Vijit,GK Saves,,none,,,,,,,,
2026-07-09,52:00.718,2H,A,Lachlan,Nutmegs,,none,,,,,,,,
2026-07-09,52:01.472,2H,B,Gio,Interceptions,,none,,,,,,,,
2026-07-09,52:26.778,2H,A,Lachlan,Interceptions,,none,,,,,,,,
2026-07-09,52:30.810,2H,B,Jake,Tackles,,none,,,,,,,,
2026-07-09,52:35.169,2H,B,James,Goals,Bailey,none,none,0.7520,0.7820,0.6320,0.1680,0.5000,0.9140,right
2026-07-09,52:56.274,2H,B,James,Interceptions,,none,,,,,,,,
2026-07-09,52:59.426,2H,A,Richard,Interceptions,,none,,,,,,,,
2026-07-09,53:05.874,2H,B,Jake,Interceptions,,none,,,,,,,,
2026-07-09,53:11.168,2H,B,Bailey,Interceptions,,none,,,,,,,,
2026-07-09,53:14.027,2H,A,Austin,Tackles,,none,,,,,,,,
2026-07-09,53:15.517,2H,A,Austin,On Target,,none,,,,,,,,
2026-07-09,53:16.035,2H,B,Vijit,GK Saves,,none,,,,,,,,
2026-07-09,53:24.994,2H,B,Bailey,On Target,,none,,,,,,,,
2026-07-09,53:23.994,2H,B,James,Key Passes,,none,,,,,,,,
2026-07-16,00:00.1,1H,B,Richard,GK On,,,,,,,,,,
2026-07-16,00:00.1,1H,A,Ines,GK On,,,,,,,,,,
2026-07-16,00:12.8,1H,B,Jake,Tackles,,none,,,,,,,,
2026-07-16,00:16.6,1H,A,Xavier,Interceptions,,none,,,,,,,,
2026-07-16,00:22.1,1H,B,Bailey,Interceptions,,none,,,,,,,,
2026-07-16,00:24.4,1H,A,Xavier,Interceptions,,none,,,,,,,,
2026-07-16,00:25.2,1H,B,Alberto,Interceptions,,none,,,,,,,,
2026-07-16,00:34.7,1H,B,Austin,Tackles,,none,,,,,,,,
2026-07-16,01:21.9,1H,B,Jake,Interceptions,,none,,,,,,,,
2026-07-16,01:25.2,1H,A,Lachlan,Interceptions,,none,,,,,,,,
2026-07-16,01:29.7,1H,B,Alberto,Tackles,,none,,,,,,,,
2026-07-16,01:32.5,1H,B,Alberto,Goals,Austin,highlight,,,,,,,,
2026-07-16,02:09.6,1H,B,Bailey,Interceptions,,none,,,,,,,,
2026-07-16,02:13.0,1H,A,Gio,Interceptions,,none,,,,,,,,
2026-07-16,02:18.8,1H,B,Alberto,Tackles,,none,,,,,,,,
2026-07-16,02:28.8,1H,A,Amin,Goals,Xavier,none,,,,,,,,
2026-07-16,02:53.4,1H,A,Gio,Interceptions,,none,,,,,,,,
2026-07-16,02:58.3,1H,B,Austin,On Target,,none,,,,,,,,
2026-07-16,02:57.3,1H,B,Bailey,Key Passes,,none,,,,,,,,
2026-07-16,02:59.1,1H,A,Ines,GK Saves,,none,,,,,,,,
2026-07-16,03:04.0,1H,A,Lachlan,Tackles,,none,,,,,,,,
2026-07-16,03:11.8,1H,B,Alberto,Interceptions,,none,,,,,,,,
2026-07-16,03:27.8,1H,B,Alberto,Interceptions,,none,,,,,,,,
2026-07-16,03:30.2,1H,A,Xavier,Tackles,,none,,,,,,,,
2026-07-16,03:42.0,1H,B,Jake,Interceptions,,none,,,,,,,,
2026-07-16,03:53.0,1H,A,Amin,Off Target,,none,,,,,,,,
2026-07-16,03:52.0,1H,A,Gio,Key Passes,,none,none,0.7110,0.2320,0.4150,0.2010,0.1830,0.7050,left
2026-07-16,03:53.0,1H,A,Amin,Post,,none,,,,,,,,
2026-07-16,03:53.3,1H,B,Richard,GK Saves,,none,,,,,,,,
2026-07-16,03:59.7,1H,A,Gio,Off Target,,none,,,,,,,,
2026-07-16,04:00.0,1H,B,Jake,Blocks,,none,none,0.8820,0.0980,0.6320,0.6070,0.0920,0.7210,
2026-07-16,04:02.6,1H,A,Xavier,Moment,,lowlight,,,,,,,,
2026-07-16,04:04.9,1H,B,Bailey,Nutmegs,,none,,,,,,,,
2026-07-16,04:07.2,1H,B,Bailey,On Target,,none,,,,,,,,
2026-07-16,04:06.2,1H,B,Richard,Key Passes,,none,,,,,,,,
2026-07-16,04:07.3,1H,A,Ines,GK Saves,,none,,,,,,,,
2026-07-16,04:09.0,1H,B,Austin,On Target,,none,,,,,,,,
2026-07-16,04:09.4,1H,A,Gio,Blocks,,none,,,,,,,,
2026-07-16,04:15.6,1H,A,Gio,Tackles,,none,,,,,,,,
2026-07-16,04:18.1,1H,B,Jake,Tackles,,none,,,,,,,,
2026-07-16,04:33.0,1H,B,Jake,Interceptions,,none,,,,,,,,
2026-07-16,04:35.0,1H,A,Amin,Interceptions,,none,,,,,,,,
2026-07-16,04:48.3,1H,B,Austin,Interceptions,,none,,,,,,,,
2026-07-16,04:55.3,1H,B,Bailey,On Target,,none,,,,,,,,
2026-07-16,04:54.3,1H,B,Alberto,Key Passes,,none,,,,,,,,
2026-07-16,04:54.3,1H,B,Bailey,Nutmegs,,none,,,,,,,,
2026-07-16,04:55.8,1H,A,Ines,GK Saves,,none,,,,,,,,
2026-07-16,05:04.5,1H,B,Richard,Interceptions,,none,,,,,,,,
2026-07-16,05:14.4,1H,B,Alberto,Goals,Bailey,none,,,,,,,,
2026-07-16,05:33.0,1H,B,Bailey,Interceptions,,none,,,,,,,,
2026-07-16,05:37.0,1H,B,Alberto,Interceptions,,none,,,,,,,,
2026-07-16,05:41.6,1H,B,Austin,On Target,,none,,,,,,,,
2026-07-16,05:40.6,1H,B,Richard,Key Passes,,none,,,,,,,,
2026-07-16,05:42.1,1H,A,Ines,GK Saves,,none,,,,,,,,
2026-07-16,05:53.8,1H,A,Amin,On Target,,none,,,,,,,,
2026-07-16,05:52.8,1H,A,Gio,Key Passes,,none,,,,,,,,
2026-07-16,05:54.4,1H,B,Richard,GK Saves,,none,,,,,,,,
2026-07-16,05:56.8,1H,A,Gio,Interceptions,,none,,,,,,,,
2026-07-16,06:01.9,1H,A,Amin,On Target,,none,,,,,,,,
2026-07-16,06:00.9,1H,A,Gio,Key Passes,,none,,,,,,,,
2026-07-16,06:02.2,1H,B,Richard,GK Saves,,none,,,,,,,,
2026-07-16,06:21.0,1H,B,Austin,Tackles,,none,,,,,,,,
2026-07-16,06:24.9,1H,B,Bailey,On Target,,none,,,,,,,,
2026-07-16,06:23.9,1H,B,Austin,Key Passes,,none,none,0.8190,0.3260,0.7500,0.7780,0.8600,0.6790,right
2026-07-16,06:37.0,1H,A,Xavier,Interceptions,,none,,,,,,,,
2026-07-16,06:42.2,1H,A,Gio,Interceptions,,none,,,,,,,,
2026-07-16,06:44.5,1H,A,Lachlan,Interceptions,,none,,,,,,,,
2026-07-16,06:52.5,1H,B,Austin,Tackles,,none,,,,,,,,
2026-07-16,06:56.0,1H,A,Amin,On Target,,none,,,,,,,,
2026-07-16,06:55.0,1H,A,Xavier,Key Passes,,none,,,,,,,,
2026-07-16,06:55.0,1H,A,Amin,Nutmegs,,none,,,,,,,,
2026-07-16,06:56.2,1H,B,Jake,Blocks,,none,,,,,,,,
2026-07-16,07:00.3,1H,A,Lachlan,Tackles,,none,,,,,,,,
2026-07-16,07:09.0,1H,B,Jake,Tackles,,none,,,,,,,,
2026-07-16,07:12.4,1H,B,Austin,Nutmegs,,none,,,,,,,,
2026-07-16,07:15.3,1H,B,Alberto,Nutmegs,,none,,,,,,,,
2026-07-16,07:16.8,1H,A,Gio,Interceptions,,none,,,,,,,,
2026-07-16,07:21.3,1H,B,Jake,Tackles,,none,,,,,,,,
2026-07-16,07:26.4,1H,B,Richard,GK Removed,,,,,,,,,,
2026-07-16,07:26.4,1H,B,Alberto,GK On,,,,,,,,,,
2026-07-16,07:35.5,1H,A,Xavier,Interceptions,,none,,,,,,,,
2026-07-16,07:39.6,1H,B,Richard,Interceptions,,none,,,,,,,,
2026-07-16,07:49.4,1H,A,Lachlan,Interceptions,,none,,,,,,,,
2026-07-16,08:02.5,1H,B,Jake,Off Target,,none,,,,,,,,
2026-07-16,08:01.5,1H,B,Austin,Key Passes,,none,,,,,,,,
2026-07-16,08:12.3,1H,A,Lachlan,Off Target,,none,,,,,,,,
2026-07-16,08:11.3,1H,A,Xavier,Key Passes,,none,,,,,,,,
2026-07-16,08:21.3,1H,B,Richard,Interceptions,,none,,,,,,,,
2026-07-16,08:24.6,1H,B,Jake,Goals,Bailey,highlight,,,,,,,,
2026-07-16,08:44.3,1H,A,Amin,On Target,,none,,,,,,,,
2026-07-16,08:43.3,1H,A,Gio,Key Passes,,none,,,,,,,,
2026-07-16,08:43.3,1H,A,Amin,Nutmegs,,none,,,,,,,,
2026-07-16,08:44.7,1H,B,Alberto,GK Saves,,none,,,,,,,,
2026-07-16,08:47.1,1H,A,Amin,Off Target,,none,,,,,,,,
2026-07-16,08:47.1,1H,A,Amin,Post,,none,,,,,,,,
2026-07-16,08:51.8,1H,B,Jake,Tackles,,none,,,,,,,,
2026-07-16,09:01.5,1H,A,Xavier,Interceptions,,none,,,,,,,,
2026-07-16,09:08.1,1H,B,Alberto,Interceptions,,none,,,,,,,,
2026-07-16,09:16.3,1H,A,Gio,Interceptions,,none,,,,,,,,
2026-07-16,09:21.8,1H,B,Richard,Interceptions,,none,,,,,,,,
2026-07-16,09:36.5,1H,A,Lachlan,Interceptions,,none,,,,,,,,
2026-07-16,09:45.5,1H,A,Lachlan,Interceptions,,none,,,,,,,,
2026-07-16,09:50.3,1H,B,Jake,Interceptions,,none,,,,,,,,
2026-07-16,10:00.1,1H,A,Lachlan,Interceptions,,none,none,0.7840,0.7210,0.6040,0.2210,0.1240,0.2210,left
2026-07-16,10:10.3,1H,A,Xavier,Nutmegs,,none,,,,,,,,
2026-07-16,10:10.5,1H,B,Jake,Interceptions,,none,,,,,,,,
2026-07-16,10:19.9,1H,A,Lachlan,Interceptions,,none,,,,,,,,
2026-07-16,10:24.7,1H,B,Jake,On Target,,none,,,,,,,,
2026-07-16,10:25.3,1H,A,Lachlan,Blocks,,none,,,,,,,,
2026-07-16,10:29.0,1H,B,Austin,Goals,Bailey,highlight,,,,,,,,
2026-07-16,10:36.6,1H,A,Ines,GK Removed,,,,,,,,,,
2026-07-16,10:36.6,1H,A,Xavier,GK On,,,,,,,,,,
2026-07-16,10:50.6,1H,A,Amin,On Target,,none,,,,,,,,
2026-07-16,10:49.6,1H,A,Gio,Key Passes,,none,,,,,,,,
2026-07-16,10:50.7,1H,B,Richard,Blocks,,none,,,,,,,,
2026-07-16,10:52.9,1H,B,Jake,Interceptions,,none,,,,,,,,
2026-07-16,11:08.1,1H,A,Amin,Off Target,,none,,,,,,,,
2026-07-16,11:07.1,1H,A,Lachlan,Key Passes,,none,,,,,,,,
2026-07-16,11:07.1,1H,A,Amin,Nutmegs,,none,,,,,,,,
2026-07-16,11:18.4,1H,B,Richard,Nutmegs,,none,,,,,,,,
2026-07-16,11:19.3,1H,A,Amin,Interceptions,,none,,,,,,,,
2026-07-16,11:27.6,1H,B,Jake,Interceptions,,none,,,,,,,,
2026-07-16,11:28.4,1H,B,Jake,Off Target,,none,,,,,,,,
2026-07-16,11:30.7,1H,B,Austin,On Target,,none,,,,,,,,
2026-07-16,11:33.0,1H,A,Xavier,GK Saves,,none,none,0.7980,0.2690,0.8410,0.8650,0.8480,0.8290,right
2026-07-16,11:45.2,1H,B,Jake,Off Target,,none,,,,,,,,
2026-07-16,11:44.2,1H,B,Richard,Key Passes,,none,,,,,,,,
2026-07-16,11:47.0,1H,A,Lachlan,Interceptions,,none,,,,,,,,
2026-07-16,11:58.1,1H,B,Austin,On Target,,none,,,,,,,,
2026-07-16,11:58.7,1H,A,Xavier,GK Saves,,none,,,,,,,,
2026-07-16,12:13.5,1H,A,Lachlan,Tackles,,none,,,,,,,,
2026-07-16,12:20.1,1H,B,Bailey,Interceptions,,none,,,,,,,,
2026-07-16,12:25.5,1H,A,Amin,Interceptions,,none,,,,,,,,
2026-07-16,12:29.9,1H,A,Amin,Off Target,,none,,,,,,,,
2026-07-16,12:31.8,1H,A,Gio,Off Target,,none,,,,,,,,
2026-07-16,12:46.9,1H,A,Gio,On Target,,none,,,,,,,,
2026-07-16,12:45.9,1H,A,Ines,Key Passes,,none,,,,,,,,
2026-07-16,12:47.0,1H,B,Richard,Blocks,,none,,,,,,,,
2026-07-16,13:03.6,1H,A,Lachlan,Interceptions,,none,,,,,,,,
2026-07-16,13:13.2,1H,A,Amin,Tackles,,none,,,,,,,,
2026-07-16,13:15.4,1H,A,Amin,On Target,,none,,,,,,,,
2026-07-16,13:15.6,1H,B,Bailey,Blocks,,none,,,,,,,,
2026-07-16,13:18.9,1H,A,Lachlan,On Target,,none,,,,,,,,
2026-07-16,13:19.4,1H,B,Alberto,GK Saves,,none,,,,,,,,
2026-07-16,13:23.0,1H,A,Amin,Off Target,,none,,,,,,,,
2026-07-16,13:40.6,1H,A,Amin,Off Target,,none,,,,,,,,
2026-07-16,13:39.6,1H,A,Ines,Key Passes,,none,,,,,,,,
2026-07-16,13:47.4,1H,A,Lachlan,Interceptions,,none,,,,,,,,
2026-07-16,13:53.6,1H,A,Ines,On Target,,none,,,,,,,,
2026-07-16,13:52.6,1H,A,Amin,Key Passes,,none,,,,,,,,
2026-07-16,13:53.8,1H,B,Austin,Blocks,,none,,,,,,,,
2026-07-16,14:03.7,1H,B,Jake,Off Target,,none,,,,,,,,
2026-07-16,14:02.7,1H,B,Bailey,Key Passes,,none,,,,,,,,
2026-07-16,14:03.8,1H,A,Lachlan,Blocks,,none,,,,,,,,
2026-07-16,14:06.3,1H,B,Jake,Interceptions,,none,,,,,,,,
2026-07-16,14:08.5,1H,A,Gio,Interceptions,,none,,,,,,,,
2026-07-16,14:10.7,1H,B,Jake,Off Target,,none,,,,,,,,
2026-07-16,14:17.0,1H,A,Ines,Off Target,,none,,,,,,,,
2026-07-16,14:16.0,1H,A,Xavier,Key Passes,,none,,,,,,,,
2026-07-16,14:25.3,1H,A,Lachlan,Tackles,,none,,,,,,,,
2026-07-16,14:25.0,1H,A,Lachlan,Nutmegs,,none,,,,,,,,
2026-07-16,14:29.2,1H,B,Jake,Tackles,,none,,,,,,,,
2026-07-16,14:36.0,1H,A,Lachlan,Interceptions,,none,,,,,,,,
2026-07-16,14:37.9,1H,B,Austin,Tackles,,none,,,,,,,,
2026-07-16,14:37.9,1H,B,Austin,Nutmegs,,none,,,,,,,,
2026-07-16,14:42.7,1H,B,Austin,Off Target,,none,,,,,,,,
2026-07-16,14:41.7,1H,B,Bailey,Key Passes,,none,,,,,,,,
2026-07-16,14:42.7,1H,B,Austin,Post,,none,,,,,,,,
2026-07-16,14:46.9,1H,B,Richard,Interceptions,,none,,,,,,,,
2026-07-16,15:00.9,1H,A,Ines,Tackles,,none,,,,,,,,
2026-07-16,15:18.8,1H,B,Alberto,GK Removed,,,,,,,,,,
2026-07-16,15:18.8,1H,B,Jake,GK On,,,,,,,,,,
2026-07-16,15:26.7,1H,B,Austin,Key Passes,,none,,,,,,,,
2026-07-16,15:35.0,1H,A,Amin,On Target,,none,,,,,,,,
2026-07-16,15:34.0,1H,A,Lachlan,Key Passes,,none,,,,,,,,
2026-07-16,15:35.4,1H,B,Jake,GK Saves,,none,,,,,,,,
2026-07-16,15:41.7,1H,A,Gio,Goals,Amin,none,,,,,,,,
2026-07-16,16:16.3,1H,A,Lachlan,Interceptions,,none,,,,,,,,
2026-07-16,16:22.5,1H,B,Richard,Interceptions,,none,,,,,,,,
2026-07-16,16:28.3,1H,B,Richard,On Target,,none,,,,,,,,
2026-07-16,16:27.4,1H,B,Bailey,Key Passes,,none,,,,,,,,
2026-07-16,16:28.6,1H,A,Amin,Blocks,,none,,,,,,,,
2026-07-16,16:32.4,1H,A,Amin,Goals,,highlight,,,,,,,,
2026-07-16,16:54.9,1H,B,Bailey,On Target,,none,,,,,,,,
2026-07-16,16:53.9,1H,B,Austin,Key Passes,,none,,,,,,,,
2026-07-16,16:55.2,1H,A,Xavier,GK Saves,,none,,,,,,,,
2026-07-16,17:01.0,1H,B,Alberto,Interceptions,,none,,,,,,,,
2026-07-16,17:02.4,1H,B,Alberto,On Target,,none,,,,,,,,
2026-07-16,17:07.9,1H,A,Amin,On Target,,none,,,,,,,,
2026-07-16,17:06.9,1H,A,Xavier,Key Passes,,none,,,,,,,,
2026-07-16,17:08.4,1H,B,Jake,GK Saves,,none,,,,,,,,
2026-07-16,17:17.0,1H,A,Lachlan,Interceptions,,none,none,0.7620,0.7030,0.7410,0.1370,0.8940,0.7290,left
2026-07-16,17:43.0,1H,B,Austin,Off Target,,none,,,,,,,,
2026-07-16,17:42.0,1H,B,Jake,Key Passes,,none,,,,,,,,
2026-07-16,17:44.6,1H,B,Bailey,Off Target,,none,,,,,,,,
2026-07-16,17:47.5,1H,A,Gio,Interceptions,,none,,,,,,,,
2026-07-16,17:52.6,1H,A,Gio,Interceptions,,none,,,,,,,,
2026-07-16,17:59.6,1H,A,Amin,On Target,,none,none,0.6660,0.1420,,,0.7840,0.5500,left
2026-07-16,17:58.6,1H,A,Gio,Key Passes,,none,,,,,,,,
2026-07-16,17:59.7,1H,B,Jake,GK Saves,,none,,,,,,,,
2026-07-16,18:02.4,1H,A,Amin,On Target,,none,,,,,,,,
2026-07-16,18:02.5,1H,B,Richard,Blocks,,none,,,,,,,,
2026-07-16,18:25.8,1H,A,Lachlan,On Target,,none,,,,,,,,
2026-07-16,18:24.8,1H,A,Gio,Key Passes,,none,,,,,,,,
2026-07-16,18:25.9,1H,B,Richard,Blocks,,none,,,,,,,,
2026-07-16,18:32.9,1H,A,Ines,On Target,,none,,,,,,,,
2026-07-16,18:33.4,1H,B,Jake,GK Saves,,none,,,,,,,,
2026-07-16,18:44.2,1H,B,Bailey,Interceptions,,none,,,,,,,,
2026-07-16,18:50.5,1H,B,Bailey,On Target,,none,,,,,,,,
2026-07-16,18:49.5,1H,B,Richard,Key Passes,,none,,,,,,,,
2026-07-16,18:50.8,1H,A,Xavier,GK Saves,,none,,,,,,,,
2026-07-16,18:52.9,1H,B,Austin,Interceptions,,none,,,,,,,,
2026-07-16,18:56.4,1H,A,Lachlan,On Target,,none,,,,,,,,
2026-07-16,18:56.6,1H,B,Alberto,Blocks,,none,,,,,,,,
2026-07-16,18:59.6,1H,B,Richard,Interceptions,,none,,,,,,,,
2026-07-16,19:03.1,1H,B,Austin,Nutmegs,,none,,,,,,,,
2026-07-16,19:07.4,1H,B,Austin,On Target,,none,,,,,,,,
2026-07-16,19:06.4,1H,B,Bailey,Key Passes,,none,,,,,,,,
2026-07-16,19:07.4,1H,A,Lachlan,Blocks,,none,,,,,,,,
2026-07-16,19:10.2,1H,B,Austin,On Target,,none,,,,,,,,
2026-07-16,19:10.3,1H,A,Gio,Blocks,,none,,,,,,,,
2026-07-16,19:13.4,1H,A,Gio,Interceptions,,none,,,,,,,,
2026-07-16,19:17.0,1H,A,Ines,Interceptions,,none,,,,,,,,
2026-07-16,19:20.8,1H,B,Alberto,Interceptions,,none,,,,,,,,
2026-07-16,19:39.3,1H,B,Richard,Off Target,,none,,,,,,,,
2026-07-16,19:38.3,1H,B,Bailey,Key Passes,,none,,,,,,,,
2026-07-16,19:55.4,1H,B,Alberto,Interceptions,,none,,,,,,,,
2026-07-16,20:00.5,1H,B,Richard,On Target,,none,,,,,,,,
2026-07-16,19:59.5,1H,B,Bailey,Key Passes,,none,,,,,,,,
2026-07-16,20:00.8,1H,A,Xavier,GK Saves,,none,,,,,,,,
2026-07-16,20:08.0,1H,B,Richard,Goals,Austin,highlight,,,,,,,,
2026-07-16,20:18.0,1H,A,Xavier,GK Removed,,,,,,,,,,
2026-07-16,20:18.0,1H,A,Ines,GK On,,,,,,,,,,
2026-07-16,20:42.3,1H,B,Richard,Interceptions,,none,,,,,,,,
2026-07-16,20:49.0,1H,A,Lachlan,Interceptions,,none,,,,,,,,
2026-07-16,20:50.1,1H,B,Richard,Interceptions,,none,,,,,,,,
2026-07-16,21:10.8,1H,B,Austin,Interceptions,,none,,,,,,,,
2026-07-16,21:11.8,1H,B,Austin,On Target,,none,,,,,,,,
2026-07-16,21:11.9,1H,A,Gio,Blocks,,none,,,,,,,,
2026-07-16,21:15.8,1H,A,Gio,Tackles,,none,,,,,,,,
2026-07-16,21:37.4,1H,A,Gio,Interceptions,,none,,,,,,,,
2026-07-16,21:37.3,1H,B,Bailey,Nutmegs,,none,,,,,,,,
2026-07-16,21:46.5,1H,A,Xavier,Interceptions,,none,,,,,,,,
2026-07-16,21:48.9,1H,A,Xavier,Nutmegs,,none,,,,,,,,
2026-07-16,21:54.5,1H,B,Richard,Interceptions,,none,,,,,,,,
2026-07-16,21:56.5,1H,A,Gio,Off Target,,none,none,0.7430,0.2780,0.6610,0.7030,0.0920,0.3360,right
2026-07-16,21:58.1,1H,A,Lachlan,Off Target,,none,,,,,,,,
2026-07-16,22:17.4,1H,B,Bailey,Interceptions,,none,,,,,,,,
2026-07-16,22:26.1,1H,A,Gio,On Target,,none,,,,,,,,
2026-07-16,22:26.2,1H,B,Richard,Blocks,,none,,,,,,,,
2026-07-16,22:38.3,1H,A,Gio,Interceptions,,none,,,,,,,,
2026-07-16,22:48.1,1H,B,Alberto,Interceptions,,none,,,,,,,,
2026-07-16,22:49.8,1H,A,Xavier,Tackles,,none,,,,,,,,
2026-07-16,22:56.6,1H,B,Bailey,Interceptions,,none,,,,,,,,
2026-07-16,23:01.7,1H,B,Alberto,Interceptions,,none,,,,,,,,
2026-07-16,23:02.5,1H,A,Lachlan,Interceptions,,none,,,,,,,,
2026-07-16,23:04.0,1H,A,Amin,On Target,,none,,,,,,,,
2026-07-16,23:04.2,1H,B,Jake,GK Saves,,none,,,,,,,,
2026-07-16,23:06.3,1H,A,Lachlan,Off Target,,none,,,,,,,,
2026-07-16,23:05.3,1H,A,Amin,Key Passes,,none,,,,,,,,
2026-07-16,23:13.3,1H,B,Austin,Nutmegs,,none,,,,,,,,
2026-07-16,23:28.7,1H,B,Alberto,On Target,,none,,,,,,,,
2026-07-16,23:27.7,1H,B,Richard,Key Passes,,none,,,,,,,,
2026-07-16,23:28.9,1H,A,Amin,Blocks,,none,,,,,,,,
2026-07-16,23:32.1,1H,B,Alberto,Interceptions,,none,,,,,,,,
2026-07-16,23:32.2,1H,A,Gio,Interceptions,,none,,,,,,,,
2026-07-16,23:36.1,1H,A,Amin,Off Target,,none,,,,,,,,
2026-07-16,23:35.1,1H,A,Xavier,Key Passes,,none,,,,,,,,
2026-07-16,23:35.1,1H,A,Amin,Nutmegs,,none,,,,,,,,
2026-07-16,23:47.5,1H,B,Richard,Off Target,,none,,,,,,,,
2026-07-16,23:46.5,1H,B,Bailey,Key Passes,,none,,,,,,,,
2026-07-16,23:48.7,1H,B,Bailey,Goals,,none,,,,,,,,
2026-07-16,24:13.1,1H,B,Richard,Interceptions,,none,,,,,,,,
2026-07-16,24:15.7,1H,A,Xavier,Tackles,,none,,,,,,,,
2026-07-16,24:22.8,1H,A,Lachlan,Off Target,,none,,,,,,,,
2026-07-16,24:21.8,1H,A,Gio,Key Passes,,none,,,,,,,,
2026-07-16,24:22.8,1H,A,Lachlan,Post,,none,,,,,,,,
2026-07-16,24:32.0,1H,A,Amin,Interceptions,,none,,,,,,,,
2026-07-16,24:33.4,1H,A,Amin,Off Target,,none,,,,,,,,
2026-07-16,24:35.4,1H,B,Richard,Interceptions,,none,,,,,,,,
2026-07-16,24:56.6,1H,B,Bailey,Tackles,,none,,,,,,,,
2026-07-16,24:07.4,1H,B,Jake,GK Removed,,,,,,,,,,
2026-07-16,24:07.4,1H,B,Alberto,GK On,,,,,,,,,,
2026-07-16,24:58.4,1H,B,Jake,On Target,,none,,,,,,,,
2026-07-16,24:58.9,1H,A,Ines,GK Saves,,none,,,,,,,,
2026-07-16,25:07.8,1H,B,Richard,Interceptions,,none,,,,,,,,
2026-07-16,25:09.8,1H,B,Richard,Off Target,,none,none,0.8850,0.7250,,,0.5020,0.6070,right
2026-07-16,25:20.3,1H,A,Amin,On Target,,none,,,,,,,,
2026-07-16,25:19.3,1H,A,Ines,Key Passes,,none,,,,,,,,
2026-07-16,25:20.4,1H,B,Jake,Blocks,,none,,,,,,,,
2026-07-16,25:32.6,1H,A,Xavier,Interceptions,,none,,,,,,,,
2026-07-16,25:44.8,1H,B,Bailey,On Target,,none,,,,,,,,
2026-07-16,25:43.8,1H,B,Richard,Key Passes,,none,,,,,,,,
2026-07-16,25:45.2,1H,A,Ines,GK Saves,,none,,,,,,,,
2026-07-16,26:16.0,1H,B,Jake,Interceptions,,none,,,,,,,,
2026-07-16,26:19.3,1H,A,Xavier,Off Target,,none,,,,,,,,
2026-07-16,26:18.3,1H,A,Gio,Key Passes,,none,,,,,,,,
2026-07-16,26:19.8,1H,B,Bailey,Blocks,,none,,,,,,,,
2026-07-16,26:36.0,1H,A,Amin,Tackles,,none,,,,,,,,
2026-07-16,26:44.7,1H,B,Bailey,Interceptions,,none,,,,,,,,
2026-07-16,27:11.7,1H,A,Gio,Interceptions,,none,,,,,,,,
2026-07-16,27:17.7,1H,A,Amin,Nutmegs,,none,,,,,,,,
2026-07-16,27:20.4,1H,A,Lachlan,Nutmegs,,none,,,,,,,,
2026-07-16,27:20.4,1H,A,Lachlan,Goals,Amin,highlight,,,,,,,,
2026-07-16,27:20.7,1H,A,Lachlan,Nutmegs,,none,,,,,,,,
2026-07-16,27:43.0,2H,B,Bailey,Nutmegs,,none,,,,,,,,
2026-07-16,27:44.0,2H,A,Lachlan,Interceptions,,none,,,,,,,,
2026-07-16,27:47.6,2H,B,Bailey,Tackles,,none,,,,,,,,
2026-07-16,27:50.2,2H,B,Bailey,Off Target,,none,,,,,,,,
2026-07-16,27:49.2,2H,B,Bailey,Nutmegs,,none,,,,,,,,
2026-07-16,27:50.2,2H,B,Bailey,Post,,none,,,,,,,,
2026-07-16,27:58.3,2H,B,Bailey,Interceptions,,none,,,,,,,,
2026-07-16,28:31.1,2H,B,Jake,Tackles,,none,,,,,,,,
2026-07-16,28:33.2,2H,B,Bailey,On Target,,none,,,,,,,,
2026-07-16,28:32.2,2H,B,Jake,Key Passes,,none,,,,,,,,
2026-07-16,28:33.5,2H,A,Gio,Blocks,,none,,,,,,,,
2026-07-16,29:04.7,2H,A,Amin,On Target,,none,,,,,,,,
2026-07-16,29:03.7,2H,A,Xavier,Key Passes,,none,none,0.8030,0.8350,0.4610,0.0630,0.5200,0.7500,right
2026-07-16,29:04.9,2H,B,Austin,Blocks,,none,,,,,,,,
2026-07-16,29:17.1,2H,A,Gio,Interceptions,,none,,,,,,,,
2026-07-16,29:21.6,2H,B,Richard,Interceptions,,none,,,,,,,,
2026-07-16,29:29.4,2H,A,Lachlan,Interceptions,,none,,,,,,,,
2026-07-16,29:29.4,2H,A,Lachlan,Nutmegs,,none,,,,,,,,
2026-07-16,30:14.2,2H,A,Xavier,Off Target,,none,,,,,,,,
2026-07-16,30:13.2,2H,A,Lachlan,Key Passes,,none,,,,,,,,
2026-07-16,30:18.7,2H,B,Jake,Interceptions,,none,,,,,,,,
2026-07-16,30:43.3,2H,A,Amin,Interceptions,,none,,,,,,,,
2026-07-16,30:44.4,2H,B,Austin,Interceptions,,none,,,,,,,,
2026-07-16,30:55.7,2H,B,Austin,Interceptions,,none,,,,,,,,
2026-07-16,30:57.7,2H,A,Xavier,Interceptions,,none,,,,,,,,
2026-07-16,31:03.0,2H,A,Amin,Interceptions,,none,,,,,,,,
2026-07-16,31:28.4,2H,A,Xavier,Interceptions,,none,,,,,,,,
2026-07-16,31:34.3,2H,A,Lachlan,Nutmegs,,none,,,,,,,,
2026-07-16,31:35.2,2H,A,Xavier,On Target,,none,,,,,,,,
2026-07-16,31:34.2,2H,A,Lachlan,Key Passes,,none,,,,,,,,
2026-07-16,31:35.4,2H,B,Alberto,GK Saves,,none,,,,,,,,
2026-07-16,31:50.6,2H,B,Jake,Tackles,,none,,,,,,,,
2026-07-16,31:59.5,2H,B,Bailey,Nutmegs,,none,,,,,,,,
2026-07-16,32:00.7,2H,A,Amin,Interceptions,,none,,,,,,,,
2026-07-16,32:04.7,2H,A,Amin,Interceptions,,none,,,,,,,,
2026-07-16,32:19.0,2H,B,Jake,Interceptions,,none,,,,,,,,
2026-07-16,32:21.7,2H,A,Amin,On Target,,none,,,,,,,,
2026-07-16,32:21.8,2H,B,Richard,Blocks,,none,,,,,,,,
2026-07-16,32:25.1,2H,A,Lachlan,On Target,,none,,,,,,,,
2026-07-16,32:25.2,2H,B,Alberto,GK Saves,,none,,,,,,,,
2026-07-16,32:30.7,2H,B,Jake,Off Target,,none,,,,,,,,
2026-07-16,32:29.7,2H,B,Bailey,Key Passes,,none,,,,,,,,
2026-07-16,32:38.7,2H,B,Richard,Interceptions,,none,,,,,,,,
2026-07-16,32:46.9,2H,A,Gio,Key Passes,,none,,,,,,,,
2026-07-16,32:58.5,2H,A,Lachlan,On Target,,none,,,,,,,,
2026-07-16,32:59.0,2H,B,Alberto,GK Saves,,none,,,,,,,,
2026-07-16,33:10.9,2H,A,Gio,Interceptions,,none,,,,,,,,
2026-07-16,33:14.8,2H,B,Jake,Tackles,,none,,,,,,,,
2026-07-16,33:24.5,2H,A,Xavier,Interceptions,,none,,,,,,,,
2026-07-16,33:30.8,2H,B,Bailey,On Target,,none,,,,,,,,
2026-07-16,33:29.8,2H,B,Austin,Key Passes,,none,,,,,,,,
2026-07-16,33:29.8,2H,B,Bailey,Nutmegs,,none,,,,,,,,
2026-07-16,33:30.9,2H,A,Gio,Blocks,,none,,,,,,,,
2026-07-16,33:47.4,2H,A,Amin,Off Target,,none,,,,,,,,
2026-07-16,33:46.4,2H,A,Ines,Key Passes,,none,,,,,,,,
2026-07-16,34:03.2,2H,A,Lachlan,Tackles,,none,,,,,,,,
2026-07-16,34:05.1,2H,B,Bailey,Interceptions,,none,,,,,,,,
2026-07-16,34:07.5,2H,A,Xavier,Interceptions,,none,,,,,,,,
2026-07-16,34:13.2,2H,B,Richard,Tackles,,none,,,,,,,,
2026-07-16,34:16.1,2H,A,Amin,Tackles,,none,,,,,,,,
2026-07-16,34:21.5,2H,A,Lachlan,Interceptions,,none,,,,,,,,
2026-07-16,34:32.7,2H,B,Jake,Interceptions,,none,,,,,,,,
2026-07-16,34:38.1,2H,A,Xavier,Interceptions,,none,,,,,,,,
2026-07-16,34:57.2,2H,B,Austin,Nutmegs,,none,,,,,,,,
2026-07-16,34:58.1,2H,B,Bailey,On Target,,none,,,,,,,,
2026-07-16,34:57.1,2H,B,Austin,Key Passes,,none,,,,,,,,
2026-07-16,34:58.7,2H,A,Ines,GK Saves,,none,,,,,,,,
2026-07-16,35:06.9,2H,A,Gio,On Target,,none,,,,,,,,
2026-07-16,35:05.9,2H,A,Ines,Key Passes,,none,,,,,,,,
2026-07-16,35:07.0,2H,B,Jake,Blocks,,none,,,,,,,,
2026-07-16,35:13.8,2H,B,Richard,Off Target,,none,,,,,,,,
2026-07-16,35:12.8,2H,B,Alberto,Key Passes,,none,,,,,,,,
2026-07-16,35:15.4,2H,A,Lachlan,Interceptions,,none,,,,,,,,
2026-07-16,35:17.5,2H,B,Austin,Off Target,,none,,,,,,,,
2026-07-16,35:16.5,2H,B,Bailey,Key Passes,,none,,,,,,,,
2026-07-16,35:27.4,2H,B,Jake,Interceptions,,none,,,,,,,,
2026-07-16,35:34.3,2H,A,Xavier,Tackles,,none,,,,,,,,
2026-07-16,35:35.9,2H,B,Jake,Tackles,,none,,,,,,,,
2026-07-16,35:43.7,2H,B,Alberto,GK Removed,,,,,,,,,,
2026-07-16,35:43.7,2H,B,Richard,GK On,,,,,,,,,,
2026-07-16,35:49.9,2H,B,Bailey,Off Target,,none,,,,,,,,
2026-07-16,35:48.9,2H,B,Richard,Key Passes,,none,,,,,,,,
2026-07-16,35:51.3,2H,B,Bailey,On Target,,none,,,,,,,,
2026-07-16,35:51.6,2H,A,Ines,GK Saves,,none,,,,,,,,
2026-07-16,36:29.4,2H,B,Jake,Interceptions,,none,,,,,,,,
2026-07-16,36:30.2,2H,B,Richard,GK Saves,,none,,,,,,,,
2026-07-16,36:43.7,2H,A,Xavier,Tackles,,none,,,,,,,,
2026-07-16,36:44.4,2H,A,Xavier,Nutmegs,,none,,,,,,,,
2026-07-16,36:45.5,2H,B,Jake,Tackles,,none,,,,,,,,
2026-07-16,36:45.6,2H,A,Lachlan,Tackles,,none,,,,,,,,
2026-07-16,36:47.1,2H,A,Xavier,Off Target,,none,,,,,,,,
2026-07-16,36:46.1,2H,A,Lachlan,Key Passes,,none,,,,,,,,
2026-07-16,37:01.1,2H,B,Jake,Interceptions,,none,,,,,,,,
2026-07-16,37:04.1,2H,A,Gio,Off Target,,none,,,,,,,,
2026-07-16,37:10.4,2H,A,Amin,Interceptions,,none,,,,,,,,
2026-07-16,37:12.9,2H,A,Gio,On Target,,none,,,,,,,,
2026-07-16,37:11.9,2H,A,Amin,Key Passes,,none,,,,,,,,
2026-07-16,37:13.5,2H,B,Richard,GK Saves,,none,,,,,,,,
2026-07-16,37:20.0,2H,B,Alberto,Off Target,,none,,,,,,,,
2026-07-16,37:19.0,2H,B,Bailey,Key Passes,,none,,,,,,,,
2026-07-16,37:24.8,2H,B,Bailey,Interceptions,,none,,,,,,,,
2026-07-16,37:32.6,2H,B,Austin,Tackles,,none,,,,,,,,
2026-07-16,37:36.2,2H,A,Xavier,Interceptions,,none,,,,,,,,
2026-07-16,37:41.6,2H,B,Austin,Off Target,,none,,,,,,,,
2026-07-16,37:49.1,2H,B,Alberto,On Target,,none,,,,,,,,
2026-07-16,37:48.1,2H,B,Austin,Key Passes,,none,,,,,,,,
2026-07-16,37:49.4,2H,A,Ines,GK Saves,,none,,,,,,,,
2026-07-16,37:58.3,2H,A,Amin,On Target,,none,,,,,,,,
2026-07-16,37:57.3,2H,A,Ines,Key Passes,,none,,,,,,,,
2026-07-16,37:58.4,2H,B,Jake,Blocks,,none,,,,,,,,
2026-07-16,38:02.5,2H,B,Austin,Interceptions,,none,,,,,,,,
2026-07-16,38:07.4,2H,B,Bailey,On Target,,none,,,,,,,,
2026-07-16,38:06.4,2H,B,Alberto,Key Passes,,none,,,,,,,,
2026-07-16,38:07.8,2H,A,Ines,GK Saves,,none,,,,,,,,
2026-07-16,38:19.7,2H,B,Alberto,Off Target,,none,,,,,,,,
2026-07-16,38:18.7,2H,B,Bailey,Key Passes,,none,,,,,,,,
2026-07-16,38:22.3,2H,B,Bailey,On Target,,none,,,,,,,,
2026-07-16,38:22.5,2H,A,Ines,GK Saves,,none,,,,,,,,
2026-07-16,38:30.1,2H,A,Gio,On Target,,none,,,,,,,,
2026-07-16,38:30.4,2H,B,Richard,GK Saves,,lowlight,,,,,,,,
2026-07-16,38:31.7,2H,A,Xavier,Off Target,,none,,,,,,,,
2026-07-16,39:15.0,2H,B,Austin,On Target,,none,,,,,,,,
2026-07-16,39:14.0,2H,B,Bailey,Key Passes,,none,,,,,,,,
2026-07-16,39:14.0,2H,B,Austin,Nutmegs,,none,,,,,,,,
2026-07-16,39:15.5,2H,A,Ines,GK Saves,,none,,,,,,,,
2026-07-16,39:28.5,2H,B,Austin,Interceptions,,none,,,,,,,,
2026-07-16,39:32.1,2H,B,Alberto,Off Target,,none,,,,,,,,
2026-07-16,39:31.1,2H,B,Austin,Key Passes,,none,,,,,,,,
2026-07-16,39:35.5,2H,A,Xavier,Tackles,,none,,,,,,,,
2026-07-16,39:40.4,2H,B,Austin,Interceptions,,none,,,,,,,,
2026-07-16,39:43.5,2H,A,Xavier,Interceptions,,none,,,,,,,,
2026-07-16,39:48.0,2H,B,Bailey,Interceptions,,none,,,,,,,,
2026-07-16,39:58.4,2H,A,Lachlan,Interceptions,,none,,,,,,,,
2026-07-16,40:01.4,2H,B,Jake,Tackles,,none,,,,,,,,
2026-07-16,40:08.9,2H,B,Jake,Tackles,,none,,,,,,,,
2026-07-16,40:15.8,2H,B,Jake,Goals,Bailey,none,,,,,,,,
2026-07-16,40:46.3,2H,B,Austin,Interceptions,,none,,,,,,,,
2026-07-16,40:58.7,2H,A,Amin,On Target,,none,,,,,,,,
2026-07-16,40:57.7,2H,A,Gio,Key Passes,,none,,,,,,,,
2026-07-16,40:58.8,2H,B,Jake,Blocks,,none,,,,,,,,
2026-07-16,41:02.7,2H,B,Jake,Interceptions,,none,,,,,,,,
2026-07-16,41:03.0,2H,A,Xavier,Interceptions,,none,,,,,,,,
2026-07-16,41:07.6,2H,A,Lachlan,On Target,,none,,,,,,,,
2026-07-16,41:06.6,2H,A,Xavier,Key Passes,,none,,,,,,,,
2026-07-16,41:07.8,2H,B,Alberto,Blocks,,none,,,,,,,,
2026-07-16,41:10.5,2H,A,Xavier,On Target,,none,,,,,,,,
2026-07-16,41:09.5,2H,A,Lachlan,Key Passes,,none,,,,,,,,
2026-07-16,41:10.6,2H,B,Jake,Blocks,,none,,,,,,,,
2026-07-16,41:12.5,2H,A,Xavier,On Target,,none,,,,,,,,
2026-07-16,41:12.7,2H,B,Alberto,Blocks,,none,,,,,,,,
2026-07-16,41:23.4,2H,B,Alberto,Off Target,,none,none,0.7800,0.7870,0.5840,0.3440,0.9120,0.9930,right
2026-07-16,41:22.4,2H,B,Austin,Key Passes,,none,,,,,,,,
2026-07-16,41:25.3,2H,B,Alberto,On Target,,none,,,,,,,,
2026-07-16,41:25.7,2H,A,Gio,Blocks,,none,,,,,,,,
2026-07-16,41:29.5,2H,B,Alberto,Nutmegs,,none,,,,,,,,
2026-07-16,41:29.5,2H,B,Bailey,Goals,Alberto,none,,,,,,,,
2026-07-16,41:56.2,2H,A,Ines,GK Removed,,,,,,,,,,
2026-07-16,41:56.2,2H,A,Gio,GK On,,,,,,,,,,
2026-07-16,42:03.1,2H,A,Ines,Off Target,,none,,,,,,,,
2026-07-16,42:05.2,2H,B,Richard,Interceptions,,none,,,,,,,,
2026-07-16,42:11.2,2H,A,Ines,Tackles,,none,,,,,,,,
2026-07-16,42:18.1,2H,B,Jake,Tackles,,none,,,,,,,,
2026-07-16,42:26.4,2H,A,Ines,Interceptions,,none,,,,,,,,
2026-07-16,42:35.1,2H,B,Jake,Tackles,,none,,,,,,,,
2026-07-16,42:39.3,2H,B,Richard,Interceptions,,none,,,,,,,,
2026-07-16,43:03.4,2H,B,Austin,On Target,,none,,,,,,,,
2026-07-16,43:03.2,2H,B,Austin,On Target,,none,,,,,,,,
2026-07-16,43:02.2,2H,B,Alberto,Key Passes,,none,,,,,,,,
2026-07-16,43:03.5,2H,A,Ines,Blocks,,none,,,,,,,,
2026-07-16,43:12.1,2H,B,Alberto,On Target,,none,,,,,,,,
2026-07-16,43:11.1,2H,B,Austin,Key Passes,,none,none,0.8120,0.4490,0.8050,0.1240,0.2220,0.3790,left
2026-07-16,43:12.1,2H,A,Lachlan,Blocks,,none,,,,,,,,
2026-07-16,43:12.9,2H,A,Xavier,Interceptions,,none,,,,,,,,
2026-07-16,43:20.4,2H,A,Lachlan,Off Target,,none,,,,,,,,
2026-07-16,43:19.4,2H,A,Gio,Key Passes,,none,,,,,,,,
2026-07-16,43:30.9,2H,A,Xavier,Tackles,,none,,,,,,,,
2026-07-16,43:34.5,2H,A,Lachlan,Nutmegs,,none,,,,,,,,
2026-07-16,43:36.2,2H,A,Amin,On Target,,none,,,,,,,,
2026-07-16,43:35.2,2H,A,Lachlan,Key Passes,,none,,,,,,,,
2026-07-16,43:36.2,2H,B,Jake,Blocks,,none,,,,,,,,
2026-07-16,43:43.5,2H,A,Amin,Off Target,,none,,,,,,,,
2026-07-16,43:42.5,2H,A,Xavier,Key Passes,,none,,,,,,,,
2026-07-16,43:43.6,2H,B,Jake,Blocks,,none,,,,,,,,
2026-07-16,43:58.5,2H,A,Lachlan,On Target,,none,,,,,,,,
2026-07-16,43:57.5,2H,A,Ines,Key Passes,,none,,,,,,,,
2026-07-16,43:58.9,2H,B,Richard,GK Saves,,none,,,,,,,,
2026-07-16,44:03.0,2H,A,Amin,Tackles,,none,,,,,,,,
2026-07-16,44:16.7,2H,A,Xavier,Interceptions,,none,,,,,,,,
2026-07-16,44:32.3,2H,A,Xavier,Interceptions,,none,,,,,,,,
2026-07-16,44:34.5,2H,B,Austin,Interceptions,,none,,,,,,,,
2026-07-16,44:38.2,2H,B,Alberto,Off Target,,none,,,,,,,,
2026-07-16,44:37.2,2H,B,Bailey,Key Passes,,none,,,,,,,,
2026-07-16,44:40.2,2H,A,Lachlan,Interceptions,,none,,,,,,,,
2026-07-16,44:42.4,2H,B,Jake,Interceptions,,none,,,,,,,,
2026-07-16,44:45.4,2H,A,Lachlan,Interceptions,,none,,,,,,,,
2026-07-16,44:46.6,2H,B,Alberto,Tackles,,none,,,,,,,,
2026-07-16,44:53.7,2H,B,Bailey,On Target,,none,,,,,,,,
2026-07-16,44:52.7,2H,B,Alberto,Key Passes,,none,,,,,,,,
2026-07-16,44:54.0,2H,A,Gio,GK Saves,,none,,,,,,,,
2026-07-16,44:55.5,2H,A,Ines,Interceptions,,none,,,,,,,,
2026-07-16,45:11.6,2H,A,Amin,Off Target,,none,,,,,,,,
2026-07-16,45:10.6,2H,A,Xavier,Key Passes,,none,,,,,,,,
2026-07-16,45:12.9,2H,A,Lachlan,Off Target,,none,,,,,,,,
2026-07-16,45:19.4,2H,A,Xavier,Interceptions,,none,,,,,,,,
2026-07-16,45:21.1,2H,B,Jake,Tackles,,none,,,,,,,,
2026-07-16,45:31.4,2H,B,Bailey,On Target,,none,,,,,,,,
2026-07-16,45:30.4,2H,B,Richard,Key Passes,,none,,,,,,,,
2026-07-16,45:31.7,2H,A,Gio,GK Saves,,none,,,,,,,,
2026-07-16,45:38.7,2H,A,Lachlan,Interceptions,,none,,,,,,,,
2026-07-16,45:57.6,2H,A,Jake,Moment,,lowlight,,,,,,,,
2026-07-16,45:54.2,2H,B,Austin,Interceptions,,none,,,,,,,,
2026-07-16,45:54.8,2H,A,Ines,Tackles,,none,,,,,,,,
2026-07-16,45:57.5,2H,B,Jake,Off Target,,none,,,,,,,,
2026-07-16,46:18.5,2H,A,Lachlan,Goals,Xavier,none,,,,,,,,
2026-07-16,46:26.1,2H,B,Richard,GK Removed,,,,,,,,,,
2026-07-16,46:26.1,2H,B,Alberto,GK On,,,,,,,,,,
2026-07-16,46:37.1,2H,A,Gio,GK Removed,,,,,,,,,,
2026-07-16,46:37.1,2H,A,Ines,GK On,,,,,,,,,,
2026-07-16,46:45.8,2H,B,Austin,Off Target,,none,,,,,,,,
2026-07-16,46:44.8,2H,B,Richard,Key Passes,,none,,,,,,,,
2026-07-16,46:47.0,2H,A,Lachlan,Interceptions,,none,,,,,,,,
2026-07-16,46:51.0,2H,B,Austin,Interceptions,,none,,,,,,,,
2026-07-16,46:52.3,2H,B,Austin,On Target,,none,,,,,,,,
2026-07-16,46:52.1,2H,A,Ines,GK Saves,,none,,,,,,,,
2026-07-16,46:53.5,2H,B,Austin,Off Target,,none,,,,,,,,
2026-07-16,47:07.5,2H,A,Xavier,Tackles,,none,,,,,,,,
2026-07-16,47:09.0,2H,A,Lachlan,Goals,Xavier,none,,,,,,,,
2026-07-16,47:28.6,2H,A,Lachlan,Interceptions,,none,,,,,,,,
2026-07-16,47:28.8,2H,B,Jake,Nutmegs,,none,none,0.8050,0.8000,0.6320,0.5010,0.1190,0.8070,right
2026-07-16,47:36.2,2H,A,Amin,Off Target,,none,,,,,,,,
2026-07-16,47:36.4,2H,B,Richard,Interceptions,,none,,,,,,,,
2026-07-16,47:41.3,2H,A,Amin,Nutmegs,,none,,,,,,,,
2026-07-16,47:44.4,2H,A,Lachlan,Off Target,,none,,,,,,,,
2026-07-16,47:43.4,2H,A,Gio,Key Passes,,none,,,,,,,,
2026-07-16,47:57.6,2H,A,Amin,Moment,,lowlight,,,,,,,,
2026-07-16,48:14.3,2H,B,Richard,On Target,,none,,,,,,,,
2026-07-16,48:13.3,2H,B,Bailey,Key Passes,,none,,,,,,,,
2026-07-16,48:13.3,2H,B,Richard,Nutmegs,,none,,,,,,,,
2026-07-16,48:14.5,2H,A,Gio,Blocks,,none,,,,,,,,
2026-07-16,48:27.7,2H,A,Gio,Goals,Lachlan,highlight,,,,,,,,
2026-07-16,48:48.9,2H,A,Amin,Tackles,,none,,,,,,,,
2026-07-16,48:49.8,2H,A,Amin,Nutmegs,,none,,,,,,,,
2026-07-16,48:51.4,2H,B,Jake,Tackles,,none,none,0.7000,0.7470,0.6090,0.9400,0.1170,0.9640,right
2026-07-16,49:03.1,2H,B,Austin,On Target,,none,,,,,,,,
2026-07-16,49:02.1,2H,B,Bailey,Key Passes,,none,,,,,,,,
2026-07-16,49:03.2,2H,A,Gio,Blocks,,none,,,,,,,,
2026-07-16,49:24.4,2H,B,Bailey,On Target,,none,,,,,,,,
2026-07-16,49:23.4,2H,B,Richard,Key Passes,,none,,,,,,,,
2026-07-16,49:25.4,2H,A,Ines,GK Saves,,none,,,,,,,,
2026-07-16,49:32.9,2H,B,Jake,Interceptions,,none,,,,,,,,
2026-07-16,49:39.0,2H,A,Xavier,Tackles,,none,,,,,,,,
2026-07-16,49:56.6,2H,B,Jake,Interceptions,,none,,,,,,,,
2026-07-16,50:04.4,2H,A,Lachlan,Interceptions,,none,,,,,,,,
2026-07-16,50:08.2,2H,B,Richard,Off Target,,none,,,,,,,,
2026-07-16,50:14.8,2H,B,Austin,Interceptions,,none,none,0.7570,0.7820,0.9160,0.9490,0.6250,0.5070,right
2026-07-16,50:16.2,2H,A,Lachlan,Interceptions,,none,,,,,,,,
2026-07-16,50:22.3,2H,A,Gio,Off Target,,none,,,,,,,,
2026-07-16,50:21.3,2H,A,Lachlan,Key Passes,,none,,,,,,,,
2026-07-16,50:24.2,2H,A,Xavier,On Target,,none,,,,,,,,
2026-07-16,50:24.3,2H,B,Austin,Blocks,,none,,,,,,,,
2026-07-16,50:26.0,2H,A,Lachlan,Interceptions,,none,,,,,,,,
2026-07-23,0:00.236,1H,A,Ines,GK On,,,,,,,,,,
2026-07-23,0:05.992,1H,B,Richard,GK On,,,,,,,,,,
2026-07-23,0:12.217,1H,B,Bailey,Off Target,,none,,,,,,,,
2026-07-23,0:11.217,1H,B,Jake,Key Passes,,none,,,,,,,,
2026-07-23,0:19.339,1H,A,Logan,Tackles,,none,,,,,,,,
2026-07-23,0:22.590,1H,A,Martin,Tackles,,none,,,,,,,,
2026-07-23,0:24.192,1H,B,Alberto,Interceptions,,none,,,,,,,,
2026-07-23,0:28.510,1H,B,Alberto,Interceptions,,none,,,,,,,,
2026-07-23,0:54.074,1H,B,Bailey,Interceptions,,none,,,,,,,,
2026-07-23,0:56.886,1H,A,Logan,Interceptions,,none,,,,,,,,
2026-07-23,1:12.780,1H,A,Martin,Interceptions,,none,,,,,,,,
2026-07-23,1:14.809,1H,B,Alberto,Interceptions,,none,,,,,,,,
2026-07-23,1:22.636,1H,B,Lachlan,Tackles,,none,,,,,,,,
2026-07-23,1:36.214,1H,A,Martin,Tackles,,none,,,,,,,,
2026-07-23,1:40.142,1H,B,Bailey,Interceptions,,none,,,,,,,,
2026-07-23,1:43.492,1H,B,Lachlan,Interceptions,,none,,,,,,,,
2026-07-23,1:47.140,1H,A,Andres,Off Target,,none,,,,,,,,
2026-07-23,1:46.140,1H,A,Martin,Key Passes,,none,,,,,,,,
2026-07-23,1:47.567,1H,A,Andres,Nutmegs,,none,,,,,,,,
2026-07-23,1:51.482,1H,A,Gio,Off Target,,none,,,,,,,,
2026-07-23,1:50.482,1H,A,Martin,Key Passes,,none,,,,,,,,
2026-07-23,1:51.482,1H,A,Gio,Post,,none,,,,,,,,
2026-07-23,1:53.105,1H,A,Gio,On Target,,none,,,,,,,,
2026-07-23,1:52.105,1H,A,Martin,Key Passes,,none,,,,,,,,
2026-07-23,1:53.182,1H,B,Jake,Blocks,,none,,,,,,,,
2026-07-23,2:04.091,1H,A,Logan,On Target,,none,,,,,,,,
2026-07-23,2:03.091,1H,A,Gio,Key Passes,,none,,,,,,,,
2026-07-23,2:04.414,1H,B,Richard,GK Saves,,none,,,,,,,,
2026-07-23,2:09.434,1H,B,Bailey,Interceptions,,none,,,,,,,,
2026-07-23,2:12.365,1H,B,Bailey,Off Target,,none,,,,,,,,
2026-07-23,2:24.223,1H,A,Andres,Interceptions,,none,,,,,,,,
2026-07-23,2:24.037,1H,B,Lachlan,Nutmegs,,none,,,,,,,,
2026-07-23,2:28.190,1H,A,Andres,Interceptions,,none,,,,,,,,
2026-07-23,2:29.709,1H,A,Gio,Goals,,none,none,0.8190,0.3240,,,0.7840,0.8120,right
2026-07-23,2:47.303,1H,A,Logan,Interceptions,,none,,,,,,,,
2026-07-23,2:53.171,1H,A,Andres,Interceptions,,none,,,,,,,,
2026-07-23,2:54.230,1H,B,Lachlan,Tackles,,none,,,,,,,,
2026-07-23,2:57.805,1H,A,Logan,Nutmegs,,none,,,,,,,,
2026-07-23,3:00.353,1H,A,Andres,Off Target,,none,,,,,,,,
2026-07-23,2:59.353,1H,A,Logan,Key Passes,,none,,,,,,,,
2026-07-23,2:59.353,1H,A,Andres,Nutmegs,,none,,,,,,,,
2026-07-23,3:22.526,1H,A,Gio,On Target,,none,,,,,,,,
2026-07-23,3:21.526,1H,A,Andres,Key Passes,,none,,,,,,,,
2026-07-23,3:22.594,1H,B,Alberto,Blocks,,none,,,,,,,,
2026-07-23,3:35.257,1H,B,Bailey,Interceptions,,none,,,,,,,,
2026-07-23,3:46.982,1H,A,Martin,On Target,,none,,,,,,,,
2026-07-23,3:45.982,1H,A,Logan,Key Passes,,none,,,,,,,,
2026-07-23,3:47.477,1H,B,Richard,GK Saves,,none,,,,,,,,
2026-07-23,4:00.366,1H,B,Lachlan,Interceptions,,none,,,,,,,,
2026-07-23,4:04.490,1H,A,Logan,Tackles,,none,,,,,,,,
2026-07-23,4:15.649,1H,B,Lachlan,Interceptions,,none,,,,,,,,
2026-07-23,4:43.633,1H,A,Andres,Tackles,,none,,,,,,,,
2026-07-23,4:47.413,1H,B,Jake,Interceptions,,none,,,,,,,,
2026-07-23,4:58.545,1H,A,Gio,On Target,,none,,,,,,,,
2026-07-23,4:57.545,1H,A,Martin,Key Passes,,none,,,,,,,,
2026-07-23,4:58.677,1H,B,Lachlan,Blocks,,none,,,,,,,,
2026-07-23,5:08.527,1H,B,Alberto,Tackles,,none,,,,,,,,
2026-07-23,5:12.663,1H,A,Gio,Interceptions,,none,,,,,,,,
2026-07-23,5:13.768,1H,A,Gio,On Target,,none,,,,,,,,
2026-07-23,5:14.133,1H,B,Richard,GK Saves,,none,,,,,,,,
2026-07-23,5:23.129,1H,A,Logan,Tackles,,none,,,,,,,,
2026-07-23,5:25.066,1H,A,Gio,On Target,,none,,,,,,,,
2026-07-23,5:24.066,1H,A,Logan,Key Passes,,none,,,,,,,,
2026-07-23,5:25.416,1H,B,Richard,GK Saves,,none,,,,,,,,
2026-07-23,5:38.118,1H,A,Logan,Interceptions,,none,,,,,,,,
2026-07-23,5:40.224,1H,A,Logan,Off Target,,none,,,,,,,,
2026-07-23,5:40.900,1H,B,Richard,GK Saves,,none,,,,,,,,
2026-07-23,5:52.454,1H,A,Martin,Interceptions,,none,,,,,,,,
2026-07-23,5:57.626,1H,B,Jake,Interceptions,,none,,,,,,,,
2026-07-23,6:06.294,1H,B,Lachlan,On Target,,none,,,,,,,,
2026-07-23,6:05.294,1H,B,Bailey,Key Passes,,none,,,,,,,,
2026-07-23,6:06.842,1H,A,Ines,GK Saves,,none,,,,,,,,
2026-07-23,6:07.574,1H,B,Jake,Goals,,none,none,0.8440,0.4330,,,0.1280,0.2550,right
2026-07-23,6:18.818,1H,B,Richard,GK Removed,,,,,,,,,,
2026-07-23,6:18.818,1H,B,Alberto,GK On,,,,,,,,,,
2026-07-23,6:22.854,1H,B,Richard,Interceptions,,none,,,,,,,,
2026-07-23,6:33.195,1H,B,Jake,On Target,,none,,,,,,,,
2026-07-23,6:32.195,1H,B,Lachlan,Key Passes,,none,,,,,,,,
2026-07-23,6:33.462,1H,A,Logan,Blocks,,none,,,,,,,,
2026-07-23,6:36.211,1H,B,Jake,Tackles,,none,,,,,,,,
2026-07-23,6:37.374,1H,B,Jake,Tackles,,none,,,,,,,,
2026-07-23,6:37.525,1H,B,Jake,On Target,,none,,,,,,,,
2026-07-23,6:37.954,1H,A,Ines,GK Saves,,none,,,,,,,,
2026-07-23,6:46.041,1H,A,Gio,On Target,,none,,,,,,,,
2026-07-23,6:45.041,1H,A,Andres,Key Passes,,none,,,,,,,,
2026-07-23,6:46.177,1H,B,Alberto,GK Saves,,none,,,,,,,,
2026-07-23,6:53.645,1H,A,Logan,On Target,,none,,,,,,,,
2026-07-23,6:52.645,1H,A,Andres,Key Passes,,none,,,,,,,,
2026-07-23,6:53.971,1H,B,Jake,Blocks,,none,,,,,,,,
2026-07-23,6:55.953,1H,B,Richard,Interceptions,,none,,,,,,,,
2026-07-23,7:01.520,1H,B,Jake,On Target,,none,,,,,,,,
2026-07-23,7:00.520,1H,B,Alberto,Key Passes,,none,,,,,,,,
2026-07-23,7:01.582,1H,A,Martin,Blocks,,none,,,,,,,,
2026-07-23,7:07.826,1H,B,Lachlan,On Target,,none,,,,,,,,
2026-07-23,7:06.826,1H,B,Bailey,Key Passes,,none,,,,,,,,
2026-07-23,7:07.975,1H,A,Ines,GK Saves,,none,,,,,,,,
2026-07-23,7:14.506,1H,A,Gio,On Target,,none,,,,,,,,
2026-07-23,7:13.506,1H,A,Logan,Key Passes,,none,,,,,,,,
2026-07-23,7:14.606,1H,B,Richard,Blocks,,none,,,,,,,,
2026-07-23,7:24.408,1H,B,Richard,Key Passes,,none,,,,,,,,
2026-07-23,7:29.781,1H,B,Bailey,Interceptions,,none,,,,,,,,
2026-07-23,7:52.853,1H,A,Logan,Interceptions,,none,,,,,,,,
2026-07-23,8:01.077,1H,B,Jake,Tackles,,none,,,,,,,,
2026-07-23,8:04.521,1H,B,Bailey,Off Target,,none,,,,,,,,
2026-07-23,8:03.521,1H,B,Jake,Key Passes,,none,,,,,,,,
2026-07-23,8:04.521,1H,B,Bailey,Post,,none,,,,,,,,
2026-07-23,8:07.552,1H,B,Jake,Nutmegs,,none,,,,,,,,
2026-07-23,8:12.951,1H,B,Richard,Interceptions,,none,,,,,,,,
2026-07-23,8:17.961,1H,A,Martin,Interceptions,,none,,,,,,,,
2026-07-23,8:20.796,1H,A,Gio,Nutmegs,,none,,,,,,,,
2026-07-23,8:20.796,1H,A,Gio,Goals,Martin,none,none,0.8140,0.6860,0.5790,0.2120,0.6070,0.7640,right
2026-07-23,8:41.727,1H,B,Bailey,On Target,,none,,,,,,,,
2026-07-23,8:40.727,1H,B,Lachlan,Key Passes,,none,,,,,,,,
2026-07-23,8:41.894,1H,A,Gio,Blocks,,none,,,,,,,,
2026-07-23,8:45.346,1H,B,Richard,Interceptions,,none,,,,,,,,
2026-07-23,8:51.026,1H,B,Richard,Off Target,,none,,,,,,,,
2026-07-23,8:50.026,1H,B,Bailey,Key Passes,,none,,,,,,,,
2026-07-23,8:50.026,1H,B,Richard,Nutmegs,,none,,,,,,,,
2026-07-23,8:59.114,1H,B,Jake,Tackles,,none,,,,,,,,
2026-07-23,9:11.134,1H,A,Gio,Tackles,,none,,,,,,,,
2026-07-23,9:23.007,1H,A,Martin,Goals,Logan,none,none,0.6590,0.6860,0.5570,0.1460,0.0190,0.5000,right
2026-07-23,9:47.302,1H,A,Logan,Interceptions,,none,,,,,,,,
2026-07-23,9:50.016,1H,B,Richard,Tackles,,none,,,,,,,,
2026-07-23,9:54.536,1H,A,Logan,Interceptions,,none,,,,,,,,
2026-07-23,10:02.895,1H,B,Lachlan,Tackles,,none,,,,,,,,
2026-07-23,10:05.891,1H,A,Logan,Off Target,,none,,,,,,,,
2026-07-23,10:06.811,1H,B,Alberto,GK Saves,,none,,,,,,,,
2026-07-23,10:18.559,1H,A,Logan,Interceptions,,none,,,,,,,,
2026-07-23,10:26.712,1H,A,Gio,Nutmegs,,none,,,,,,,,
2026-07-23,10:32.829,1H,B,Alberto,GK Removed,,,,,,,,,,
2026-07-23,10:32.829,1H,B,Richard,GK On,,,,,,,,,,
2026-07-23,10:54.148,1H,B,Jake,Tackles,,none,,,,,,,,
2026-07-23,10:57.909,1H,A,Gio,Interceptions,,none,,,,,,,,
2026-07-23,10:59.127,1H,A,Gio,On Target,,none,,,,,,,,
2026-07-23,10:58.127,1H,A,Gio,Nutmegs,,none,,,,,,,,
2026-07-23,10:59.599,1H,B,Richard,GK Saves,,none,,,,,,,,
2026-07-23,11:09.738,1H,A,Gio,Interceptions,,none,,,,,,,,
2026-07-23,11:14.099,1H,A,Logan,Tackles,,none,,,,,,,,
2026-07-23,11:33.429,1H,B,Lachlan,Interceptions,,none,,,,,,,,
2026-07-23,11:40.711,1H,A,Logan,Interceptions,,none,,,,,,,,
2026-07-23,11:44.401,1H,A,Gio,Off Target,,none,,,,,,,,
2026-07-23,11:43.401,1H,A,Andres,Key Passes,,none,,,,,,,,
2026-07-23,11:45.779,1H,B,Jake,Interceptions,,none,,,,,,,,
2026-07-23,11:52.996,1H,A,Andres,Interceptions,,none,,,,,,,,
2026-07-23,12:03.838,1H,B,Lachlan,Interceptions,,none,,,,,,,,
2026-07-23,12:06.240,1H,A,Andres,Interceptions,,none,,,,,,,,
2026-07-23,12:09.593,1H,B,Alberto,Interceptions,,none,,,,,,,,
2026-07-23,9:37.678,1H,A,Ines,GK Removed,,,,,,,,,,
2026-07-23,9:37.678,1H,A,Martin,GK On,,,,,,,,,,
2026-07-23,12:16.241,1H,A,Ines,Interceptions,,none,,,,,,,,
2026-07-23,12:19.007,1H,B,Bailey,Tackles,,none,,,,,,,,
2026-07-23,12:24.317,1H,A,Logan,Interceptions,,none,,,,,,,,
2026-07-23,12:27.221,1H,A,Logan,Off Target,,none,,,,,,,,
2026-07-23,12:31.469,1H,A,Ines,On Target,,none,,,,,,,,
2026-07-23,12:31.621,1H,B,Richard,GK Saves,,none,,,,,,,,
2026-07-23,12:35.900,1H,A,Andres,Tackles,,none,,,,,,,,
2026-07-23,12:42.764,1H,B,Bailey,Interceptions,,none,,,,,,,,
2026-07-23,12:46.828,1H,A,Logan,Tackles,,none,,,,,,,,
2026-07-23,12:53.787,1H,B,Jake,Tackles,,none,,,,,,,,
2026-07-23,13:00.706,1H,A,Andres,Interceptions,,none,,,,,,,,
2026-07-23,13:06.738,1H,A,Gio,On Target,,none,,,,,,,,
2026-07-23,13:05.738,1H,A,Ines,Key Passes,,none,,,,,,,,
2026-07-23,13:07.174,1H,B,Richard,GK Saves,,none,,,,,,,,
2026-07-23,13:10.965,1H,B,Lachlan,Tackles,,none,,,,,,,,
2026-07-23,13:30.568,1H,B,Alberto,Off Target,,none,,,,,,,,
2026-07-23,13:32.506,1H,B,Bailey,Off Target,,none,,,,,,,,
2026-07-23,13:34.240,1H,A,Logan,Interceptions,,none,,,,,,,,
2026-07-23,13:39.452,1H,A,Ines,Off Target,,none,,,,,,,,
2026-07-23,13:38.452,1H,A,Gio,Key Passes,,none,,,,,,,,
2026-07-23,13:39.452,1H,A,Ines,Post,,none,,,,,,,,
2026-07-23,13:44.913,1H,A,Andres,Interceptions,,none,,,,,,,,
2026-07-23,13:53.757,1H,B,Alberto,Interceptions,,none,,,,,,,,
2026-07-23,13:57.178,1H,B,Lachlan,Off Target,,none,,,,,,,,
2026-07-23,14:08.458,1H,B,Jake,Tackles,,none,,,,,,,,
2026-07-23,14:12.076,1H,B,Bailey,Off Target,,none,,,,,,,,
2026-07-23,14:11.076,1H,B,Lachlan,Key Passes,,none,,,,,,,,
2026-07-23,14:19.438,1H,A,Ines,On Target,,none,,,,,,,,
2026-07-23,14:18.438,1H,A,Martin,Key Passes,,none,,,,,,,,
2026-07-23,14:19.841,1H,B,Alberto,Blocks,,none,,,,,,,,
2026-07-23,14:30.036,1H,A,Andres,Tackles,,none,,,,,,,,
2026-07-23,14:40.400,1H,B,Jake,Interceptions,,none,,,,,,,,
2026-07-23,14:50.260,1H,B,Jake,Interceptions,,none,,,,,,,,
2026-07-23,14:52.910,1H,A,Gio,Interceptions,,none,,,,,,,,
2026-07-23,14:57.598,1H,B,Alberto,Interceptions,,none,,,,,,,,
2026-07-23,15:01.697,1H,B,Jake,On Target,,none,,,,,,,,
2026-07-23,15:00.697,1H,B,Bailey,Key Passes,,none,,,,,,,,
2026-07-23,15:01.959,1H,A,Martin,GK Saves,,none,,,,,,,,
2026-07-23,15:09.094,1H,B,Lachlan,Tackles,,none,,,,,,,,
2026-07-23,15:22.880,1H,A,Gio,Interceptions,,none,,,,,,,,
2026-07-23,15:28.788,1H,B,Jake,Off Target,,none,,,,,,,,
2026-07-23,15:27.788,1H,B,Alberto,Key Passes,,none,,,,,,,,
2026-07-23,15:28.788,1H,B,Jake,Post,,none,,,,,,,,
2026-07-23,15:42.850,1H,A,Andres,On Target,,none,,,,,,,,
2026-07-23,15:41.850,1H,A,Logan,Key Passes,,none,,,,,,,,
2026-07-23,15:43.156,1H,B,Richard,GK Saves,,none,,,,,,,,
2026-07-23,15:48.727,1H,B,Richard,GK Removed,,,,,,,,,,
2026-07-23,15:48.727,1H,B,Jake,GK On,,,,,,,,,,
2026-07-23,15:57.510,1H,A,Ines,Goals,Gio,highlight,none,0.6480,0.8390,0.6800,0.3830,0.0870,0.5070,right
2026-07-23,16:18.997,1H,A,Andres,Tackles,,none,,,,,,,,
2026-07-23,16:35.767,1H,B,Richard,Interceptions,,none,,,,,,,,
2026-07-23,16:39.941,1H,A,Andres,Tackles,,none,,,,,,,,
2026-07-23,16:49.125,1H,A,Gio,On Target,,none,,,,,,,,
2026-07-23,16:48.125,1H,A,Logan,Key Passes,,none,,,,,,,,
2026-07-23,16:49.459,1H,B,Lachlan,Blocks,,none,,,,,,,,
2026-07-23,16:59.346,1H,A,Gio,Off Target,,none,,,,,,,,
2026-07-23,16:58.346,1H,A,Ines,Key Passes,,none,,,,,,,,
2026-07-23,16:58.346,1H,A,Gio,Nutmegs,,none,,,,,,,,
2026-07-23,17:16.707,1H,B,Richard,Tackles,,none,,,,,,,,
2026-07-23,17:31.710,1H,A,Gio,Interceptions,,none,,,,,,,,
2026-07-23,17:39.550,1H,A,Gio,Nutmegs,,none,,,,,,,,
2026-07-23,17:39.550,1H,A,Gio,Goals,Andres,none,none,0.7870,0.5230,0.6290,0.1330,0.5020,0.9860,left
2026-07-23,17:56.343,1H,A,Logan,Tackles,,none,,,,,,,,
2026-07-23,18:05.331,1H,B,Alberto,Interceptions,,none,,,,,,,,
2026-07-23,18:08.486,1H,A,Logan,Interceptions,,lowlight,,,,,,,,
2026-07-23,17:52.194,1H,A,Martin,GK Removed,,,,,,,,,,
2026-07-23,17:52.194,1H,A,Andres,GK On,,,,,,,,,,
2026-07-23,18:35.818,1H,B,Alberto,Interceptions,,none,,,,,,,,
2026-07-23,18:45.982,1H,A,Ines,On Target,,none,,,,,,,,
2026-07-23,18:44.982,1H,A,Martin,Key Passes,,none,,,,,,,,
2026-07-23,18:46.370,1H,B,Jake,GK Saves,,none,,,,,,,,
2026-07-23,18:54.669,1H,B,Bailey,On Target,,none,,,,,,,,
2026-07-23,18:54.790,1H,A,Martin,Blocks,,none,,,,,,,,
2026-07-23,19:00.668,1H,A,Ines,On Target,,none,,,,,,,,
2026-07-23,18:59.668,1H,A,Logan,Key Passes,,none,,,,,,,,
2026-07-23,19:01.007,1H,B,Jake,GK Saves,,none,,,,,,,,
2026-07-23,19:11.582,1H,A,Logan,Goals,,none,none,0.7500,0.3960,,,0.4970,0.9140,right
2026-07-23,19:30.688,1H,A,Ines,Interceptions,,none,,,,,,,,
2026-07-23,19:35.740,1H,B,Richard,Interceptions,,highlight,,,,,,,,
2026-07-23,19:38.572,1H,A,Gio,Interceptions,,none,,,,,,,,
2026-07-23,19:59.327,1H,A,Logan,Off Target,,none,,,,,,,,
2026-07-23,19:58.327,1H,A,Martin,Key Passes,,none,,,,,,,,
2026-07-23,20:14.803,1H,B,Alberto,On Target,,none,,,,,,,,
2026-07-23,20:13.803,1H,B,Bailey,Key Passes,,none,,,,,,,,
2026-07-23,20:15.257,1H,A,Andres,GK Saves,,none,,,,,,,,
2026-07-23,20:34.112,1H,A,Ines,On Target,,none,,,,,,,,
2026-07-23,20:33.112,1H,A,Martin,Key Passes,,none,,,,,,,,
2026-07-23,20:34.220,1H,B,Jake,GK Saves,,none,,,,,,,,
2026-07-23,20:39.536,1H,A,Logan,Tackles,,none,,,,,,,,
2026-07-23,20:42.404,1H,A,Logan,On Target,,none,,,,,,,,
2026-07-23,20:43.022,1H,B,Jake,GK Saves,,none,,,,,,,,
2026-07-23,20:43.735,1H,A,Gio,Goals,,none,none,0.7660,0.8260,,,0.8190,0.5210,right
2026-07-23,21:02.793,1H,A,Gio,Interceptions,,none,,,,,,,,
2026-07-23,21:11.476,1H,B,Lachlan,Interceptions,,none,,,,,,,,
2026-07-23,21:13.005,1H,B,Lachlan,Off Target,,none,,,,,,,,
2026-07-23,21:13.005,1H,B,Lachlan,Post,,none,,,,,,,,
2026-07-23,21:23.234,1H,B,Richard,Interceptions,,none,,,,,,,,
2026-07-23,21:26.730,1H,B,Lachlan,On Target,,none,,,,,,,,
2026-07-23,21:25.730,1H,B,Bailey,Key Passes,,none,,,,,,,,
2026-07-23,21:27.026,1H,A,Andres,GK Saves,,none,,,,,,,,
2026-07-23,21:29.582,1H,B,Bailey,On Target,,none,,,,,,,,
2026-07-23,21:28.582,1H,B,Lachlan,Key Passes,,none,,,,,,,,
2026-07-23,21:29.830,1H,A,Martin,Blocks,,none,,,,,,,,
2026-07-23,21:31.015,1H,A,Logan,Interceptions,,none,,,,,,,,
2026-07-23,21:35.240,1H,A,Logan,Goals,Gio,highlight,none,0.7520,0.8080,0.5570,0.3390,0.8690,0.8290,left
2026-07-23,21:46.212,1H,B,Jake,GK Removed,,,,,,,,,,
2026-07-23,21:46.212,1H,B,Richard,GK On,,,,,,,,,,
2026-07-23,21:58.279,1H,B,Bailey,On Target,,none,,,,,,,,
2026-07-23,21:53.481,1H,A,Andres,GK Removed,,,,,,,,,,
2026-07-23,21:53.481,1H,A,Ines,GK On,,,,,,,,,,
2026-07-23,21:58.481,1H,A,Andres,Blocks,,none,,,,,,,,
2026-07-23,22:03.745,1H,A,Andres,Interceptions,,none,,,,,,,,
2026-07-23,22:09.641,1H,B,Lachlan,Tackles,,none,,,,,,,,
2026-07-23,22:13.392,1H,A,Logan,Goals,,highlight,none,0.8230,0.1370,,,0.8460,0.8430,left
2026-07-23,22:48.617,1H,B,Jake,Tackles,,none,,,,,,,,
2026-07-23,23:19.156,1H,A,Martin,Tackles,,none,,,,,,,,
2026-07-23,23:51.167,1H,B,Jake,On Target,,none,,,,,,,,
2026-07-23,23:50.167,1H,B,Lachlan,Key Passes,,none,,,,,,,,
2026-07-23,23:51.260,1H,A,Gio,Blocks,,none,,,,,,,,
2026-07-23,23:52.710,1H,B,Jake,On Target,,none,,,,,,,,
2026-07-23,23:52.976,1H,A,Ines,GK Saves,,none,,,,,,,,
2026-07-23,23:53.830,1H,B,Alberto,Off Target,,none,,,,,,,,
2026-07-23,23:56.826,1H,B,Bailey,On Target,,none,,,,,,,,
2026-07-23,23:57.289,1H,A,Logan,Blocks,,none,,,,,,,,
2026-07-23,23:58.709,1H,B,Alberto,Off Target,,none,,,,,,,,
2026-07-23,23:59.903,1H,A,Andres,Interceptions,,none,,,,,,,,
2026-07-23,24:03.651,1H,B,Bailey,Interceptions,,none,,,,,,,,
2026-07-23,24:16.672,1H,A,Andres,On Target,,none,,,,,,,,
2026-07-23,24:15.672,1H,A,Gio,Key Passes,,none,,,,,,,,
2026-07-23,24:16.941,1H,B,Richard,GK Saves,,none,,,,,,,,
2026-07-23,24:21.076,1H,B,Jake,Interceptions,,none,,,,,,,,
2026-07-23,24:32.980,1H,A,Andres,On Target,,none,,,,,,,,
2026-07-23,24:31.980,1H,A,Martin,Key Passes,,none,,,,,,,,
2026-07-23,24:33.272,1H,B,Richard,GK Saves,,none,,,,,,,,
2026-07-23,24:42.835,1H,A,Gio,Interceptions,,none,,,,,,,,
2026-07-23,24:53.719,1H,B,Lachlan,Tackles,,none,,,,,,,,
2026-07-23,24:53.719,1H,B,Lachlan,Nutmegs,,none,,,,,,,,
2026-07-23,24:56.004,1H,B,Jake,Goals,Lachlan,highlight,none,0.7960,0.4010,0.8030,0.1730,0.6230,0.5790,right
2026-07-23,25:18.425,2H,A,Ines,GK Removed,,,,,,,,,,
2026-07-23,25:18.425,2H,A,Martin,GK On,,,,,,,,,,
2026-07-23,25:24.436,2H,A,Ines,On Target,,none,,,,,,,,
2026-07-23,25:24.884,2H,B,Alberto,Blocks,,none,,,,,,,,
2026-07-23,25:38.774,2H,B,Jake,Off Target,,none,,,,,,,,
2026-07-23,25:37.774,2H,B,Lachlan,Key Passes,,none,,,,,,,,
2026-07-23,25:40.392,2H,A,Logan,Interceptions,,none,,,,,,,,
2026-07-23,25:47.120,2H,B,Lachlan,Tackles,,none,,,,,,,,
2026-07-23,25:47.502,2H,A,Ines,Interceptions,,none,,,,,,,,
2026-07-23,25:55.660,2H,A,Logan,Tackles,,none,,,,,,,,
2026-07-23,26:14.141,2H,B,Lachlan,Interceptions,,none,,,,,,,,
2026-07-23,26:16.260,2H,A,Andres,Tackles,,none,,,,,,,,
2026-07-23,26:18.344,2H,A,Gio,Off Target,,none,,,,,,,,
2026-07-23,26:27.433,2H,B,Lachlan,Interceptions,,none,,,,,,,,
2026-07-23,26:29.861,2H,B,Bailey,Interceptions,,none,,,,,,,,
2026-07-23,26:41.961,2H,B,Alberto,Interceptions,,none,,,,,,,,
2026-07-23,26:48.843,2H,A,Logan,Interceptions,,none,,,,,,,,
2026-07-23,26:49.847,2H,A,Logan,Off Target,,none,,,,,,,,
2026-07-23,26:49.847,2H,A,Logan,Post,,none,,,,,,,,
2026-07-23,25:18.393,2H,B,Bailey,Team Change,Bailey: B → —,none,,,,,,,,
2026-07-23,25:18.393,2H,A,Bailey,Team Change,Bailey: — → A,none,,,,,,,,
2026-07-23,25:18.393,2H,B,Gio,Team Change,Gio: A → B,none,,,,,,,,
2026-07-23,25:18.393,2H,B,Richard,Team Change,Richard: B → —,none,,,,,,,,
2026-07-23,25:18.393,2H,A,Richard,Team Change,Richard: — → A,none,,,,,,,,
2026-07-23,25:18.393,2H,B,Martin,Team Change,Martin: A → B,none,,,,,,,,
2026-07-23,26:55.445,2H,A,Andres,Off Target,,none,,,,,,,,
2026-07-23,26:54.445,2H,A,Bailey,Key Passes,,none,,,,,,,,
2026-07-23,27:03.455,2H,A,Ines,Interceptions,,none,,,,,,,,
2026-07-23,27:13.304,2H,B,Gio,Interceptions,,none,,,,,,,,
2026-07-23,27:22.688,2H,A,Andres,Interceptions,,none,,,,,,,,
2026-07-23,27:41.390,2H,A,Andres,Interceptions,,none,,,,,,,,
2026-07-23,27:55.787,2H,A,Andres,Tackles,,none,,,,,,,,
2026-07-23,28:02.155,2H,B,Jake,Interceptions,,none,,,,,,,,
2026-07-23,28:09.953,2H,B,Lachlan,Interceptions,,none,,,,,,,,
2026-07-23,28:15.446,2H,B,Jake,Interceptions,,none,,,,,,,,
2026-07-23,28:18.515,2H,B,Lachlan,On Target,,none,,,,,,,,
2026-07-23,28:17.515,2H,B,Jake,Key Passes,,none,,,,,,,,
2026-07-23,28:18.714,2H,A,Logan,Blocks,,none,,,,,,,,
2026-07-23,28:25.099,2H,B,Gio,Interceptions,,none,,,,,,,,
2026-07-23,28:28.362,2H,B,Jake,Off Target,,none,,,,,,,,
2026-07-23,28:27.362,2H,B,Lachlan,Key Passes,,none,,,,,,,,
2026-07-23,28:28.756,2H,A,Richard,GK Saves,,none,,,,,,,,
2026-07-23,28:33.933,2H,B,Alberto,Interceptions,,none,,,,,,,,
2026-07-23,28:43.777,2H,A,Logan,Interceptions,,none,,,,,,,,
2026-07-23,28:53.692,2H,B,Alberto,Interceptions,,none,,,,,,,,
2026-07-23,28:58.321,2H,B,Jake,Off Target,,none,,,,,,,,
2026-07-23,28:57.321,2H,B,Gio,Key Passes,,none,,,,,,,,
2026-07-23,28:59.736,2H,A,Logan,Interceptions,,none,,,,,,,,
2026-07-23,29:04.701,2H,A,Ines,On Target,,none,,,,,,,,
2026-07-23,29:03.701,2H,A,Richard,Key Passes,,none,,,,,,,,
2026-07-23,29:04.814,2H,B,Alberto,Blocks,,none,,,,,,,,
2026-07-23,29:11.887,2H,B,Jake,Off Target,,none,,,,,,,,
2026-07-23,29:10.887,2H,B,Gio,Key Passes,,none,,,,,,,,
2026-07-23,29:20.542,2H,B,Jake,On Target,,none,,,,,,,,
2026-07-23,29:19.542,2H,B,Lachlan,Key Passes,,none,,,,,,,,
2026-07-23,29:20.994,2H,A,Richard,GK Saves,,none,,,,,,,,
2026-07-23,29:23.374,2H,A,Richard,Moment,,lowlight,,,,,,,,
2026-07-23,29:26.694,2H,B,Alberto,Interceptions,,none,,,,,,,,
2026-07-23,29:40.549,2H,B,Jake,Off Target,,none,,,,,,,,
2026-07-23,29:39.549,2H,B,Gio,Key Passes,,none,,,,,,,,
2026-07-23,29:47.488,2H,A,Richard,GK Removed,,,,,,,,,,
2026-07-23,29:47.488,2H,A,Ines,GK On,,,,,,,,,,
2026-07-23,29:51.833,2H,B,Martin,GK Removed,,,,,,,,,,
2026-07-23,29:51.833,2H,B,Alberto,GK On,,,,,,,,,,
2026-07-23,29:55.223,2H,B,Martin,Interceptions,,none,,,,,,,,
2026-07-23,29:55.994,2H,A,Bailey,Interceptions,,none,,,,,,,,
2026-07-23,30:00.785,2H,A,Richard,Nutmegs,,none,,,,,,,,
2026-07-23,30:11.507,2H,A,Logan,Tackles,,none,,,,,,,,
2026-07-23,30:17.573,2H,B,Lachlan,Tackles,,none,,,,,,,,
2026-07-23,30:20.555,2H,B,Jake,Off Target,,none,,,,,,,,
2026-07-23,30:19.555,2H,B,Gio,Key Passes,,none,,,,,,,,
2026-07-23,30:20.931,2H,A,Andres,Blocks,,none,,,,,,,,
2026-07-23,30:22.049,2H,B,Lachlan,Off Target,,none,,,,,,,,
2026-07-23,30:25.555,2H,B,Gio,Interceptions,,none,,,,,,,,
2026-07-23,30:30.606,2H,B,Martin,Interceptions,,none,,,,,,,,
2026-07-23,30:32.789,2H,A,Richard,On Target,,none,,,,,,,,
2026-07-23,30:33.277,2H,B,Alberto,GK Saves,,none,,,,,,,,
2026-07-23,30:35.560,2H,B,Gio,Interceptions,,none,,,,,,,,
2026-07-23,30:54.408,2H,B,Jake,Interceptions,,none,,,,,,,,
2026-07-23,31:02.644,2H,B,Gio,Interceptions,,none,,,,,,,,
2026-07-23,31:04.545,2H,A,Andres,Off Target,,none,,,,,,,,
2026-07-23,31:03.545,2H,A,Bailey,Key Passes,,none,,,,,,,,
2026-07-23,31:18.638,2H,B,Jake,Off Target,,none,,,,,,,,
2026-07-23,31:17.638,2H,B,Gio,Key Passes,,none,,,,,,,,
2026-07-23,31:20.481,2H,A,Ines,Interceptions,,none,,,,,,,,
2026-07-23,31:28.108,2H,A,Bailey,Interceptions,,none,,,,,,,,
2026-07-23,31:30.651,2H,B,Martin,Nutmegs,,none,,,,,,,,
2026-07-23,31:46.116,2H,A,Richard,Interceptions,,none,,,,,,,,
2026-07-23,31:51.203,2H,B,Gio,Interceptions,,none,,,,,,,,
2026-07-23,31:52.661,2H,A,Richard,Off Target,,none,,,,,,,,
2026-07-23,31:51.661,2H,A,Bailey,Key Passes,,none,,,,,,,,
2026-07-23,32:07.346,2H,A,Logan,Off Target,,none,,,,,,,,
2026-07-23,32:06.346,2H,A,Bailey,Key Passes,,none,,,,,,,,
2026-07-23,32:08.974,2H,A,Bailey,Off Target,,none,,,,,,,,
2026-07-23,32:19.443,2H,A,Ines,Interceptions,,none,,,,,,,,
2026-07-23,32:36.304,2H,B,Lachlan,Tackles,,none,,,,,,,,
2026-07-23,32:47.712,2H,B,Jake,Off Target,,none,,,,,,,,
2026-07-23,32:48.241,2H,A,Ines,GK Saves,,none,,,,,,,,
2026-07-23,32:50.751,2H,B,Gio,Goals,Lachlan,none,highlight,0.8710,0.3300,0.9100,0.7910,0.1670,0.7500,right
2026-07-23,33:10.099,2H,A,Logan,Off Target,,none,,,,,,,,
2026-07-23,33:09.099,2H,A,Bailey,Key Passes,,none,,,,,,,,
2026-07-23,33:15.395,2H,A,Andres,Interceptions,,none,,,,,,,,
2026-07-23,33:27.924,2H,A,Ines,GK Saves,,none,,,,,,,,
2026-07-23,33:41.958,2H,A,Logan,On Target,,none,,,,,,,,
2026-07-23,33:42.166,2H,B,Lachlan,Blocks,,none,,,,,,,,
2026-07-23,33:49.518,2H,A,Bailey,Goals,Richard,highlight,none,0.7340,0.2650,0.5430,0.7730,0.0440,0.4930,left
2026-07-23,34:18.122,2H,A,Richard,Tackles,,none,,,,,,,,
2026-07-23,34:21.059,2H,B,Jake,Tackles,,none,,,,,,,,
2026-07-23,34:23.531,2H,A,Logan,Tackles,,none,,,,,,,,
2026-07-23,34:29.983,2H,A,Logan,Off Target,,none,,,,,,,,
2026-07-23,34:28.983,2H,A,Bailey,Key Passes,,none,,,,,,,,
2026-07-23,34:29.983,2H,A,Logan,Post,,none,,,,,,,,
2026-07-23,34:39.249,2H,B,Lachlan,Off Target,,none,,,,,,,,
2026-07-23,34:38.249,2H,B,Gio,Key Passes,,none,,,,,,,,
2026-07-23,34:43.672,2H,B,Martin,Off Target,,none,,,,,,,,
2026-07-23,34:42.672,2H,B,Gio,Key Passes,,none,,,,,,,,
2026-07-23,34:45.563,2H,B,Lachlan,Goals,,none,none,0.8820,0.8170,,,0.0490,0.4070,right
2026-07-23,34:52.412,2H,A,Ines,GK Removed,,,,,,,,,,
2026-07-23,34:52.412,2H,A,Andres,GK On,,,,,,,,,,
2026-07-23,35:03.441,2H,A,Ines,Off Target,,none,,,,,,,,
2026-07-23,35:04.465,2H,B,Alberto,GK Saves,,none,,,,,,,,
2026-07-23,35:12.986,2H,A,Richard,Interceptions,,none,,,,,,,,
2026-07-23,35:15.082,2H,A,Richard,Off Target,,none,,,,,,,,
2026-07-23,35:15.614,2H,B,Alberto,GK Saves,,none,,,,,,,,
2026-07-23,35:24.818,2H,B,Jake,On Target,,none,,,,,,,,
2026-07-23,35:23.818,2H,B,Gio,Key Passes,,none,,,,,,,,
2026-07-23,35:24.974,2H,A,Andres,GK Saves,,none,,,,,,,,
2026-07-23,35:27.927,2H,B,Gio,Tackles,,none,,,,,,,,
2026-07-23,35:30.203,2H,B,Jake,Off Target,,none,,,,,,,,
2026-07-23,35:29.203,2H,B,Gio,Key Passes,,none,,,,,,,,
2026-07-23,35:41.840,2H,B,Lachlan,Interceptions,,none,,,,,,,,
2026-07-23,35:46.250,2H,A,Bailey,On Target,,none,,,,,,,,
2026-07-23,35:46.413,2H,B,Alberto,GK Saves,,none,,,,,,,,
2026-07-23,35:50.896,2H,B,Martin,On Target,,none,,,,,,,,
2026-07-23,35:49.896,2H,B,Gio,Key Passes,,none,,,,,,,,
2026-07-23,35:52.120,2H,A,Andres,GK Saves,,none,,,,,,,,
2026-07-23,35:55.288,2H,B,Jake,On Target,,none,,,,,,,,
2026-07-23,35:55.738,2H,A,Andres,GK Saves,,none,,,,,,,,
2026-07-23,36:04.598,2H,A,Ines,On Target,,none,,,,,,,,
2026-07-23,36:03.598,2H,A,Andres,Key Passes,,none,,,,,,,,
2026-07-23,36:05.310,2H,B,Alberto,GK Saves,,none,,,,,,,,
2026-07-23,36:09.665,2H,A,Logan,Off Target,,none,,,,,,,,
2026-07-23,36:08.665,2H,A,Bailey,Key Passes,,none,,,,,,,,
2026-07-23,36:12.974,2H,B,Gio,Tackles,,none,,,,,,,,
2026-07-23,36:25.378,2H,A,Richard,Interceptions,,none,,,,,,,,
2026-07-23,36:30.126,2H,B,Lachlan,Interceptions,,none,,,,,,,,
2026-07-23,37:00.735,2H,B,Martin,Off Target,,none,,,,,,,,
2026-07-23,36:59.735,2H,B,Jake,Key Passes,,none,,,,,,,,
2026-07-23,37:05.315,2H,B,Martin,Interceptions,,none,,,,,,,,
2026-07-23,37:08.427,2H,A,Richard,Interceptions,,none,,,,,,,,
2026-07-23,37:11.163,2H,B,Jake,Tackles,,none,,,,,,,,
2026-07-23,37:24.359,2H,B,Gio,Interceptions,,none,,,,,,,,
2026-07-23,37:29.367,2H,A,Richard,Tackles,,none,,,,,,,,
2026-07-23,37:35.252,2H,A,Richard,Off Target,,none,,,,,,,,
2026-07-23,37:34.252,2H,A,Bailey,Key Passes,,none,,,,,,,,
2026-07-23,37:35.916,2H,B,Lachlan,Blocks,,none,,,,,,,,
2026-07-23,37:54.042,2H,A,Logan,Goals,Bailey,highlight,none,0.7520,0.7560,0.4610,0.3000,0.1510,0.5000,left
2026-07-23,38:13.455,2H,A,Richard,Interceptions,,none,,,,,,,,
2026-07-23,38:52.460,2H,A,Bailey,Interceptions,,none,,,,,,,,
2026-07-23,39:26.208,2H,B,Lachlan,Tackles,,none,,,,,,,,
2026-07-23,39:26.623,2H,A,Richard,Interceptions,,none,,,,,,,,
2026-07-23,39:27.817,2H,A,Richard,On Target,,none,,,,,,,,
2026-07-23,39:27.902,2H,B,Lachlan,Blocks,,none,,,,,,,,
2026-07-23,39:34.246,2H,A,Ines,Interceptions,,none,,,,,,,,
2026-07-23,39:39.668,2H,A,Logan,Nutmegs,,none,,,,,,,,
2026-07-23,39:50.535,2H,A,Logan,Off Target,,none,,,,,,,,
2026-07-23,40:26.386,2H,A,Bailey,Interceptions,,none,,,,,,,,
2026-07-23,40:30.118,2H,B,Gio,Interceptions,,none,,,,,,,,
2026-07-23,40:36.750,2H,B,Gio,Interceptions,,none,,,,,,,,
2026-07-23,40:38.799,2H,A,Richard,Tackles,,none,,,,,,,,
2026-07-23,40:40.557,2H,B,Martin,Interceptions,,none,,,,,,,,
2026-07-23,40:45.387,2H,A,Andres,Interceptions,,none,,,,,,,,
2026-07-23,40:58.620,2H,A,Logan,On Target,,none,,,,,,,,
2026-07-23,40:57.620,2H,A,Bailey,Key Passes,,none,,,,,,,,
2026-07-23,40:57.620,2H,A,Logan,Nutmegs,,none,,,,,,,,
2026-07-23,40:59.070,2H,B,Alberto,GK Saves,,none,,,,,,,,
2026-07-23,41:17.408,2H,A,Bailey,On Target,,none,,,,,,,,
2026-07-23,41:16.408,2H,A,Ines,Key Passes,,none,,,,,,,,
2026-07-23,41:17.971,2H,B,Alberto,GK Saves,,none,,,,,,,,
2026-07-23,41:28.724,2H,A,Logan,Tackles,,none,,,,,,,,
2026-07-23,41:50.511,2H,B,Jake,Interceptions,,none,,,,,,,,
2026-07-23,41:57.368,2H,A,Richard,Off Target,,none,,,,,,,,
2026-07-23,41:56.368,2H,A,Andres,Key Passes,,none,,,,,,,,
2026-07-23,41:57.816,2H,B,Alberto,GK Saves,,none,,,,,,,,
2026-07-23,41:59.177,2H,B,Martin,Interceptions,,none,,,,,,,,
2026-07-23,41:31.416,2H,A,Andres,GK Removed,,,,,,,,,,
2026-07-23,41:31.416,2H,A,Ines,GK On,,,,,,,,,,
2026-07-23,42:06.444,2H,A,Andres,Tackles,,none,,,,,,,,
2026-07-23,42:15.324,2H,A,Richard,On Target,,none,,,,,,,,
2026-07-23,42:14.324,2H,A,Andres,Key Passes,,none,,,,,,,,
2026-07-23,42:15.417,2H,B,Lachlan,Blocks,,none,,,,,,,,
2026-07-23,42:20.030,2H,A,Andres,Tackles,,none,,,,,,,,
2026-07-23,42:27.428,2H,A,Richard,Tackles,,none,,,,,,,,
2026-07-23,42:38.036,2H,A,Bailey,On Target,,none,,,,,,,,
2026-07-23,42:37.036,2H,A,Andres,Key Passes,,none,,,,,,,,
2026-07-23,42:37.036,2H,A,Bailey,Nutmegs,,none,,,,,,,,
2026-07-23,42:38.616,2H,B,Alberto,GK Saves,,none,,,,,,,,
2026-07-23,42:43.799,2H,A,Bailey,Tackles,,none,,,,,,,,
2026-07-23,43:03.871,2H,A,Andres,Off Target,,none,,,,,,,,
2026-07-23,43:02.871,2H,A,Bailey,Key Passes,,none,,,,,,,,
2026-07-23,43:02.871,2H,A,Andres,Nutmegs,,none,,,,,,,,
2026-07-23,43:00.676,2H,A,Ines,GK Removed,,,,,,,,,,
2026-07-23,43:00.676,2H,A,Richard,GK On,,,,,,,,,,
2026-07-23,43:17.701,2H,A,Ines,On Target,,none,,,,,,,,
2026-07-23,43:17.908,2H,B,Martin,Blocks,,none,,,,,,,,
2026-07-23,43:22.378,2H,B,Lachlan,Off Target,,none,,,,,,,,
2026-07-23,43:21.378,2H,B,Gio,Key Passes,,none,,,,,,,,
2026-07-23,43:24.326,2H,A,Andres,Interceptions,,none,,,,,,,,
2026-07-23,44:00.670,2H,A,Logan,Off Target,,none,,,,,,,,
2026-07-23,43:59.670,2H,A,Andres,Key Passes,,none,,,,,,,,
2026-07-23,44:01.086,2H,B,Alberto,GK Saves,,none,,,,,,,,
2026-07-23,44:36.504,2H,B,Jake,Off Target,,none,,,,,,,,
2026-07-23,44:35.504,2H,B,Gio,Key Passes,,none,,,,,,,,
2026-07-23,44:43.018,2H,B,Gio,Interceptions,,none,,,,,,,,
2026-07-23,44:44.093,2H,B,Gio,Goals,,none,none,0.7870,0.4140,,,0.6250,0.7640,right
2026-07-23,45:06.882,2H,A,Andres,Off Target,,none,,,,,,,,
2026-07-23,45:05.882,2H,A,Bailey,Key Passes,,none,,,,,,,,
2026-07-23,45:18.381,2H,A,Logan,Tackles,,none,,,,,,,,
2026-07-23,45:25.787,2H,A,Bailey,Goals,Richard,none,none,0.7800,0.0980,0.1030,0.5150,0.6640,0.6500,left
2026-07-23,45:48.764,2H,B,Jake,Off Target,,none,,,,,,,,
2026-07-23,46:00.103,2H,A,Ines,On Target,,none,,,,,,,,
2026-07-23,45:59.103,2H,A,Bailey,Key Passes,,none,,,,,,,,
2026-07-23,46:00.673,2H,B,Gio,Blocks,,none,,,,,,,,
2026-07-23,46:19.583,2H,B,Lachlan,Interceptions,,none,,,,,,,,
2026-07-23,46:30.122,2H,A,Ines,Interceptions,,none,,,,,,,,
2026-07-23,46:31.336,2H,A,Ines,On Target,,none,,,,,,,,
2026-07-23,46:31.544,2H,B,Gio,Blocks,,none,,,,,,,,
2026-07-23,46:33.277,2H,A,Ines,Off Target,,none,,,,,,,,
2026-07-23,46:38.998,2H,B,Jake,On Target,,none,,,,,,,,
2026-07-23,46:37.998,2H,B,Lachlan,Key Passes,,none,,,,,,,,
2026-07-23,46:39.738,2H,A,Richard,GK Saves,,none,,,,,,,,
2026-07-23,46:40.937,2H,B,Jake,On Target,,none,,,,,,,,
2026-07-23,46:41.444,2H,A,Richard,GK Saves,,none,,,,,,,,
2026-07-23,46:46.345,2H,B,Gio,Interceptions,,none,,,,,,,,
2026-07-23,46:50.614,2H,A,Bailey,Off Target,,none,,,,,,,,
2026-07-23,47:04.326,2H,B,Gio,Interceptions,,none,,,,,,,,
2026-07-23,47:11.816,2H,B,Martin,Off Target,,none,,,,,,,,
2026-07-23,47:10.816,2H,B,Gio,Key Passes,,none,,,,,,,,
2026-07-23,47:29.306,2H,A,Andres,On Target,,none,,,,,,,,
2026-07-23,47:28.306,2H,A,Bailey,Key Passes,,none,,,,,,,,
2026-07-23,47:29.450,2H,B,Gio,Blocks,,none,,,,,,,,
2026-07-23,47:31.717,2H,A,Bailey,On Target,,none,,,,,,,,
2026-07-23,47:31.825,2H,B,Lachlan,Blocks,,none,,,,,,,,
2026-07-23,47:41.743,2H,A,Andres,Tackles,,none,,,,,,,,
2026-07-23,47:54.329,2H,B,Gio,Off Target,,none,,,,,,,,
2026-07-23,47:53.329,2H,B,Martin,Key Passes,,none,,,,,,,,
2026-07-23,48:03.285,2H,B,Martin,Tackles,,none,,,,,,,,
2026-07-23,48:08.914,2H,A,Andres,Tackles,,none,,,,,,,,
2026-07-23,48:18.961,2H,A,Andres,Tackles,,none,,,,,,,,
2026-07-23,48:30.377,2H,A,Ines,Goals,Andres,highlight,none,0.8070,0.1860,0.9390,0.7950,0.7620,0.8140,left
2026-07-23,48:48.970,2H,A,Logan,Interceptions,,none,,,,,,,,
2026-07-23,48:55.787,2H,A,Ines,On Target,,none,,,,,,,,
2026-07-23,48:54.787,2H,A,Logan,Key Passes,,none,,,,,,,,
2026-07-23,48:56.099,2H,B,Alberto,GK Saves,,none,,,,,,,,
2026-07-23,49:04.299,2H,A,Logan,Interceptions,,none,,,,,,,,
2026-07-23,49:32.759,2H,B,Lachlan,Goals,Martin,none,none,0.9050,0.7600,0.9550,0.1860,0.9620,0.5640,right
2026-07-23,49:59.865,2H,B,Martin,Interceptions,,none,,,,,,,,
2026-07-23,50:04.405,2H,A,Andres,Interceptions,,none,,,,,,,,
2026-07-23,50:09.373,2H,A,Ines,Off Target,,none,,,,,,,,
2026-07-23,50:08.373,2H,A,Logan,Key Passes,,none,,,,,,,,
2026-07-23,0:00,1H,A,Ines,GK Removed,,,,,,,,,,
2026-07-23,0:00,1H,A,Martin,GK On,,,,,,,,,,
2026-07-23,0:06,1H,A,Ines,On Target,,none,,,,,,,,
2026-07-23,0:06,1H,B,Alberto,Blocks,,none,,,,,,,,
2026-07-23,0:20,1H,B,Jake,Off Target,,none,,,,,,,,
2026-07-23,0:19,1H,B,Lachlan,Key Passes,,none,,,,,,,,
2026-07-23,0:22,1H,A,Logan,Interceptions,,none,,,,,,,,
2026-07-23,0:29,1H,B,Lachlan,Tackles,,none,,,,,,,,
2026-07-23,0:29,1H,A,Ines,Interceptions,,none,,,,,,,,
2026-07-23,0:37,1H,A,Logan,Tackles,,none,,,,,,,,
2026-07-23,0:56,1H,B,Lachlan,Interceptions,,none,,,,,,,,
2026-07-23,0:58,1H,A,Andres,Tackles,,none,,,,,,,,
2026-07-23,1:00,1H,A,Gio,Off Target,,none,,,,,,,,
2026-07-23,1:09,1H,B,Lachlan,Interceptions,,none,,,,,,,,
2026-07-23,1:11,1H,B,Bailey,Interceptions,,none,,,,,,,,
2026-07-23,1:24,1H,B,Alberto,Interceptions,,none,,,,,,,,
2026-07-23,1:30,1H,A,Logan,Interceptions,,none,,,,,,,,
2026-07-23,1:31,1H,A,Logan,Off Target,,none,,,,,,,,
2026-07-23,1:31,1H,A,Logan,Post,,none,,,,,,,,
2026-07-23,0:00,1H,B,Bailey,Team Change,Bailey: B → —,none,,,,,,,,
2026-07-23,0:00,1H,A,Bailey,Team Change,Bailey: — → A,none,,,,,,,,
2026-07-23,0:00,1H,B,Gio,Team Change,Gio: A → B,none,,,,,,,,
2026-07-23,0:00,1H,B,Richard,Team Change,Richard: B → —,none,,,,,,,,
2026-07-23,0:00,1H,A,Richard,Team Change,Richard: — → A,none,,,,,,,,
2026-07-23,0:00,1H,B,Martin,Team Change,Martin: A → B,none,,,,,,,,
2026-07-23,1:37,1H,A,Andres,Off Target,,none,,,,,,,,
2026-07-23,1:36,1H,A,Bailey,Key Passes,,none,,,,,,,,
2026-07-23,1:45,1H,A,Ines,Interceptions,,none,,,,,,,,
2026-07-23,1:55,1H,B,Gio,Interceptions,,none,,,,,,,,
2026-07-23,2:04,1H,A,Andres,Interceptions,,none,,,,,,,,
2026-07-23,2:23,1H,A,Andres,Interceptions,,none,,,,,,,,
2026-07-23,2:37,1H,A,Andres,Tackles,,none,,,,,,,,
2026-07-23,2:44,1H,B,Jake,Interceptions,,none,,,,,,,,
2026-07-23,2:52,1H,B,Lachlan,Interceptions,,none,,,,,,,,
2026-07-23,2:57,1H,B,Jake,Interceptions,,none,,,,,,,,
2026-07-23,3:00,1H,B,Lachlan,On Target,,none,,,,,,,,
2026-07-23,2:59,1H,B,Jake,Key Passes,,none,,,,,,,,
2026-07-23,3:00,1H,A,Logan,Blocks,,none,,,,,,,,
2026-07-23,3:07,1H,B,Gio,Interceptions,,none,,,,,,,,
2026-07-23,3:10,1H,B,Jake,Off Target,,none,,,,,,,,
2026-07-23,3:09,1H,B,Lachlan,Key Passes,,none,,,,,,,,
2026-07-23,3:10,1H,A,Richard,GK Saves,,none,,,,,,,,
2026-07-23,3:16,1H,B,Alberto,Interceptions,,none,,,,,,,,
2026-07-23,3:25,1H,A,Logan,Interceptions,,none,,,,,,,,
2026-07-23,3:35,1H,B,Alberto,Interceptions,,none,,,,,,,,
2026-07-23,3:40,1H,B,Jake,Off Target,,none,,,,,,,,
2026-07-23,3:39,1H,B,Gio,Key Passes,,none,,,,,,,,
2026-07-23,3:41,1H,A,Logan,Interceptions,,none,,,,,,,,
2026-07-23,3:46,1H,A,Ines,On Target,,none,,,,,,,,
2026-07-23,3:45,1H,A,Richard,Key Passes,,none,,,,,,,,
2026-07-23,3:46,1H,B,Alberto,Blocks,,none,,,,,,,,
2026-07-23,3:53,1H,B,Jake,Off Target,,none,,,,,,,,
2026-07-23,3:52,1H,B,Gio,Key Passes,,none,,,,,,,,
2026-07-23,4:02,1H,B,Jake,On Target,,none,,,,,,,,
2026-07-23,4:01,1H,B,Lachlan,Key Passes,,none,,,,,,,,
2026-07-23,4:03,1H,A,Richard,GK Saves,,none,,,,,,,,
2026-07-23,4:05,1H,A,Richard,Moment,,lowlight,,,,,,,,
2026-07-23,4:08,1H,B,Alberto,Interceptions,,none,,,,,,,,
2026-07-23,4:22,1H,B,Jake,Off Target,,none,,,,,,,,
2026-07-23,4:21,1H,B,Gio,Key Passes,,none,,,,,,,,
2026-07-23,4:29,1H,A,Richard,GK Removed,,,,,,,,,,
2026-07-23,4:29,1H,A,Ines,GK On,,,,,,,,,,
2026-07-23,4:33,1H,B,Martin,GK Removed,,,,,,,,,,
2026-07-23,4:33,1H,B,Alberto,GK On,,,,,,,,,,
2026-07-23,4:37,1H,B,Martin,Interceptions,,none,,,,,,,,
2026-07-23,4:38,1H,A,Bailey,Interceptions,,none,,,,,,,,
2026-07-23,4:42,1H,A,Richard,Nutmegs,,none,,,,,,,,
2026-07-23,4:53,1H,A,Logan,Tackles,,none,,,,,,,,
2026-07-23,4:59,1H,B,Lachlan,Tackles,,none,,,,,,,,
2026-07-23,5:02,1H,B,Jake,Off Target,,none,,,,,,,,
2026-07-23,5:01,1H,B,Gio,Key Passes,,none,,,,,,,,
2026-07-23,5:03,1H,A,Andres,Blocks,,none,,,,,,,,
2026-07-23,5:04,1H,B,Lachlan,Off Target,,none,,,,,,,,
2026-07-23,5:07,1H,B,Gio,Interceptions,,none,,,,,,,,
2026-07-23,5:12,1H,B,Martin,Interceptions,,none,,,,,,,,
2026-07-23,5:14,1H,A,Richard,On Target,,none,,,,,,,,
2026-07-23,5:15,1H,B,Alberto,GK Saves,,none,,,,,,,,
2026-07-23,5:17,1H,B,Gio,Interceptions,,none,,,,,,,,
2026-07-23,5:36,1H,B,Jake,Interceptions,,none,,,,,,,,
2026-07-23,5:44,1H,B,Gio,Interceptions,,none,,,,,,,,
2026-07-23,5:46,1H,A,Andres,Off Target,,none,,,,,,,,
2026-07-23,5:45,1H,A,Bailey,Key Passes,,none,,,,,,,,
2026-07-23,6:00,1H,B,Jake,Off Target,,none,,,,,,,,
2026-07-23,5:59,1H,B,Gio,Key Passes,,none,,,,,,,,
2026-07-23,6:02,1H,A,Ines,Interceptions,,none,,,,,,,,
2026-07-23,6:10,1H,A,Bailey,Interceptions,,none,,,,,,,,
2026-07-23,6:12,1H,B,Martin,Nutmegs,,none,,,,,,,,
2026-07-23,6:28,1H,A,Richard,Interceptions,,none,,,,,,,,
2026-07-23,6:33,1H,B,Gio,Interceptions,,none,,,,,,,,
2026-07-23,6:34,1H,A,Richard,Off Target,,none,,,,,,,,
2026-07-23,6:33,1H,A,Bailey,Key Passes,,none,,,,,,,,
2026-07-23,6:49,1H,A,Logan,Off Target,,none,,,,,,,,
2026-07-23,6:48,1H,A,Bailey,Key Passes,,none,,,,,,,,
2026-07-23,6:51,1H,A,Bailey,Off Target,,none,,,,,,,,
2026-07-23,7:01,1H,A,Ines,Interceptions,,none,,,,,,,,
2026-07-23,7:18,1H,B,Lachlan,Tackles,,none,,,,,,,,
2026-07-23,7:29,1H,B,Jake,Off Target,,none,,,,,,,,
2026-07-23,7:30,1H,A,Ines,GK Saves,,none,,,,,,,,
2026-07-23,7:32,1H,B,Gio,Goals,Lachlan,none,highlight,0.8710,0.3300,0.9100,0.7910,0.1670,0.7500,right
2026-07-23,7:52,1H,A,Logan,Off Target,,none,,,,,,,,
2026-07-23,7:51,1H,A,Bailey,Key Passes,,none,,,,,,,,
2026-07-23,7:57,1H,A,Andres,Interceptions,,none,,,,,,,,
2026-07-23,8:09,1H,A,Ines,GK Saves,,none,,,,,,,,
2026-07-23,8:24,1H,A,Logan,On Target,,none,,,,,,,,
2026-07-23,8:24,1H,B,Lachlan,Blocks,,none,,,,,,,,
2026-07-23,8:31,1H,A,Bailey,Goals,Richard,highlight,none,0.7340,0.2650,0.5430,0.7730,0.0440,0.4930,left
2026-07-23,9:00,1H,A,Richard,Tackles,,none,,,,,,,,
2026-07-23,9:03,1H,B,Jake,Tackles,,none,,,,,,,,
2026-07-23,9:05,1H,A,Logan,Tackles,,none,,,,,,,,
2026-07-23,9:12,1H,A,Logan,Off Target,,none,,,,,,,,
2026-07-23,9:11,1H,A,Bailey,Key Passes,,none,,,,,,,,
2026-07-23,9:12,1H,A,Logan,Post,,none,,,,,,,,
2026-07-23,9:21,1H,B,Lachlan,Off Target,,none,,,,,,,,
2026-07-23,9:20,1H,B,Gio,Key Passes,,none,,,,,,,,
2026-07-23,9:25,1H,B,Martin,Off Target,,none,,,,,,,,
2026-07-23,9:24,1H,B,Gio,Key Passes,,none,,,,,,,,
2026-07-23,9:27,1H,B,Lachlan,Goals,,none,none,0.8820,0.8170,,,0.0490,0.4070,right
2026-07-23,9:34,1H,A,Ines,GK Removed,,,,,,,,,,
2026-07-23,9:34,1H,A,Andres,GK On,,,,,,,,,,
2026-07-23,9:45,1H,A,Ines,Off Target,,none,,,,,,,,
2026-07-23,9:46,1H,B,Alberto,GK Saves,,none,,,,,,,,
2026-07-23,9:55,1H,A,Richard,Interceptions,,none,,,,,,,,
2026-07-23,9:57,1H,A,Richard,Off Target,,none,,,,,,,,
2026-07-23,9:57,1H,B,Alberto,GK Saves,,none,,,,,,,,
2026-07-23,10:06,1H,B,Jake,On Target,,none,,,,,,,,
2026-07-23,10:05,1H,B,Gio,Key Passes,,none,,,,,,,,
2026-07-23,10:07,1H,A,Andres,GK Saves,,none,,,,,,,,
2026-07-23,10:10,1H,B,Gio,Tackles,,none,,,,,,,,
2026-07-23,10:12,1H,B,Jake,Off Target,,none,,,,,,,,
2026-07-23,10:11,1H,B,Gio,Key Passes,,none,,,,,,,,
2026-07-23,10:23,1H,B,Lachlan,Interceptions,,none,,,,,,,,
2026-07-23,10:28,1H,A,Bailey,On Target,,none,,,,,,,,
2026-07-23,10:28,1H,B,Alberto,GK Saves,,none,,,,,,,,
2026-07-23,10:32,1H,B,Martin,On Target,,none,,,,,,,,
2026-07-23,10:31,1H,B,Gio,Key Passes,,none,,,,,,,,
2026-07-23,10:34,1H,A,Andres,GK Saves,,none,,,,,,,,
2026-07-23,10:37,1H,B,Jake,On Target,,none,,,,,,,,
2026-07-23,10:37,1H,A,Andres,GK Saves,,none,,,,,,,,
2026-07-23,10:46,1H,A,Ines,On Target,,none,,,,,,,,
2026-07-23,10:45,1H,A,Andres,Key Passes,,none,,,,,,,,
2026-07-23,10:47,1H,B,Alberto,GK Saves,,none,,,,,,,,
2026-07-23,10:51,1H,A,Logan,Off Target,,none,,,,,,,,
2026-07-23,10:50,1H,A,Bailey,Key Passes,,none,,,,,,,,
2026-07-23,10:55,1H,B,Gio,Tackles,,none,,,,,,,,
2026-07-23,11:07,1H,A,Richard,Interceptions,,none,,,,,,,,
2026-07-23,11:12,1H,B,Lachlan,Interceptions,,none,,,,,,,,
2026-07-23,11:42,1H,B,Martin,Off Target,,none,,,,,,,,
2026-07-23,11:41,1H,B,Jake,Key Passes,,none,,,,,,,,
2026-07-23,11:47,1H,B,Martin,Interceptions,,none,,,,,,,,
2026-07-23,11:50,1H,A,Richard,Interceptions,,none,,,,,,,,
2026-07-23,11:53,1H,B,Jake,Tackles,,none,,,,,,,,
2026-07-23,12:06,1H,B,Gio,Interceptions,,none,,,,,,,,
2026-07-23,12:11,1H,A,Richard,Tackles,,none,,,,,,,,
2026-07-23,12:17,1H,A,Richard,Off Target,,none,,,,,,,,
2026-07-23,12:16,1H,A,Bailey,Key Passes,,none,,,,,,,,
2026-07-23,12:17,1H,B,Lachlan,Blocks,,none,,,,,,,,
2026-07-23,12:36,1H,A,Logan,Goals,Bailey,highlight,none,0.7520,0.7560,0.4610,0.3000,0.1510,0.5000,left
2026-07-23,12:55,1H,A,Richard,Interceptions,,none,,,,,,,,
2026-07-23,13:34,1H,A,Bailey,Interceptions,,none,,,,,,,,
2026-07-23,14:08,1H,B,Lachlan,Tackles,,none,,,,,,,,
2026-07-23,14:08,1H,A,Richard,Interceptions,,none,,,,,,,,
2026-07-23,14:09,1H,A,Richard,On Target,,none,,,,,,,,
2026-07-23,14:09,1H,B,Lachlan,Blocks,,none,,,,,,,,
2026-07-23,14:16,1H,A,Ines,Interceptions,,none,,,,,,,,
2026-07-23,14:21,1H,A,Logan,Nutmegs,,none,,,,,,,,
2026-07-23,14:32,1H,A,Logan,Off Target,,none,,,,,,,,
2026-07-23,15:08,1H,A,Bailey,Interceptions,,none,,,,,,,,
2026-07-23,15:12,1H,B,Gio,Interceptions,,none,,,,,,,,
2026-07-23,15:18,1H,B,Gio,Interceptions,,none,,,,,,,,
2026-07-23,15:20,1H,A,Richard,Tackles,,none,,,,,,,,
2026-07-23,15:22,1H,B,Martin,Interceptions,,none,,,,,,,,
2026-07-23,15:27,1H,A,Andres,Interceptions,,none,,,,,,,,
2026-07-23,15:40,1H,A,Logan,On Target,,none,,,,,,,,
2026-07-23,15:39,1H,A,Bailey,Key Passes,,none,,,,,,,,
2026-07-23,15:39,1H,A,Logan,Nutmegs,,none,,,,,,,,
2026-07-23,15:41,1H,B,Alberto,GK Saves,,none,,,,,,,,
2026-07-23,15:59,1H,A,Bailey,On Target,,none,,,,,,,,
2026-07-23,15:58,1H,A,Ines,Key Passes,,none,,,,,,,,
2026-07-23,16:00,1H,B,Alberto,GK Saves,,none,,,,,,,,
2026-07-23,16:10,1H,A,Logan,Tackles,,none,,,,,,,,
2026-07-23,16:32,1H,B,Jake,Interceptions,,none,,,,,,,,
2026-07-23,16:39,1H,A,Richard,Off Target,,none,,,,,,,,
2026-07-23,16:38,1H,A,Andres,Key Passes,,none,,,,,,,,
2026-07-23,16:39,1H,B,Alberto,GK Saves,,none,,,,,,,,
2026-07-23,16:41,1H,B,Martin,Interceptions,,none,,,,,,,,
2026-07-23,16:13,1H,A,Andres,GK Removed,,,,,,,,,,
2026-07-23,16:13,1H,A,Ines,GK On,,,,,,,,,,
2026-07-23,16:48,1H,A,Andres,Tackles,,none,,,,,,,,
2026-07-23,16:57,1H,A,Richard,On Target,,none,,,,,,,,
2026-07-23,16:56,1H,A,Andres,Key Passes,,none,,,,,,,,
2026-07-23,16:57,1H,B,Lachlan,Blocks,,none,,,,,,,,
2026-07-23,17:02,1H,A,Andres,Tackles,,none,,,,,,,,
2026-07-23,17:09,1H,A,Richard,Tackles,,none,,,,,,,,
2026-07-23,17:20,1H,A,Bailey,On Target,,none,,,,,,,,
2026-07-23,17:19,1H,A,Andres,Key Passes,,none,,,,,,,,
2026-07-23,17:19,1H,A,Bailey,Nutmegs,,none,,,,,,,,
2026-07-23,17:20,1H,B,Alberto,GK Saves,,none,,,,,,,,
2026-07-23,17:25,1H,A,Bailey,Tackles,,none,,,,,,,,
2026-07-23,17:45,1H,A,Andres,Off Target,,none,,,,,,,,
2026-07-23,17:44,1H,A,Bailey,Key Passes,,none,,,,,,,,
2026-07-23,17:44,1H,A,Andres,Nutmegs,,none,,,,,,,,
2026-07-23,17:42,1H,A,Ines,GK Removed,,,,,,,,,,
2026-07-23,17:42,1H,A,Richard,GK On,,,,,,,,,,
2026-07-23,17:59,1H,A,Ines,On Target,,none,,,,,,,,
2026-07-23,17:59,1H,B,Martin,Blocks,,none,,,,,,,,
2026-07-23,18:04,1H,B,Lachlan,Off Target,,none,,,,,,,,
2026-07-23,18:03,1H,B,Gio,Key Passes,,none,,,,,,,,
2026-07-23,18:06,1H,A,Andres,Interceptions,,none,,,,,,,,
2026-07-23,18:42,1H,A,Logan,Off Target,,none,,,,,,,,
2026-07-23,18:41,1H,A,Andres,Key Passes,,none,,,,,,,,
2026-07-23,18:43,1H,B,Alberto,GK Saves,,none,,,,,,,,
2026-07-23,19:18,1H,B,Jake,Off Target,,none,,,,,,,,
2026-07-23,19:17,1H,B,Gio,Key Passes,,none,,,,,,,,
2026-07-23,19:25,1H,B,Gio,Interceptions,,none,,,,,,,,
2026-07-23,19:26,1H,B,Gio,Goals,,none,none,0.7870,0.4140,,,0.6250,0.7640,right
2026-07-23,19:48,1H,A,Andres,Off Target,,none,,,,,,,,
2026-07-23,19:47,1H,A,Bailey,Key Passes,,none,,,,,,,,
2026-07-23,20:00,1H,A,Logan,Tackles,,none,,,,,,,,
2026-07-23,20:07,1H,A,Bailey,Goals,Richard,none,none,0.7800,0.0980,0.1030,0.5150,0.6640,0.6500,left
2026-07-23,20:30,1H,B,Jake,Off Target,,none,,,,,,,,
2026-07-23,20:42,1H,A,Ines,On Target,,none,,,,,,,,
2026-07-23,20:41,1H,A,Bailey,Key Passes,,none,,,,,,,,
2026-07-23,20:42,1H,B,Gio,Blocks,,none,,,,,,,,
2026-07-23,21:01,1H,B,Lachlan,Interceptions,,none,,,,,,,,
2026-07-23,21:12,1H,A,Ines,Interceptions,,none,,,,,,,,
2026-07-23,21:13,1H,A,Ines,On Target,,none,,,,,,,,
2026-07-23,21:13,1H,B,Gio,Blocks,,none,,,,,,,,
2026-07-23,21:15,1H,A,Ines,Off Target,,none,,,,,,,,
2026-07-23,21:21,1H,B,Jake,On Target,,none,,,,,,,,
2026-07-23,21:20,1H,B,Lachlan,Key Passes,,none,,,,,,,,
2026-07-23,21:21,1H,A,Richard,GK Saves,,none,,,,,,,,
2026-07-23,21:23,1H,B,Jake,On Target,,none,,,,,,,,
2026-07-23,21:23,1H,A,Richard,GK Saves,,none,,,,,,,,
2026-07-23,21:28,1H,B,Gio,Interceptions,,none,,,,,,,,
2026-07-23,21:32,1H,A,Bailey,Off Target,,none,,,,,,,,
2026-07-23,21:46,1H,B,Gio,Interceptions,,none,,,,,,,,
2026-07-23,21:53,1H,B,Martin,Off Target,,none,,,,,,,,
2026-07-23,21:52,1H,B,Gio,Key Passes,,none,,,,,,,,
2026-07-23,22:11,1H,A,Andres,On Target,,none,,,,,,,,
2026-07-23,22:10,1H,A,Bailey,Key Passes,,none,,,,,,,,
2026-07-23,22:11,1H,B,Gio,Blocks,,none,,,,,,,,
2026-07-23,22:13,1H,A,Bailey,On Target,,none,,,,,,,,
2026-07-23,22:13,1H,B,Lachlan,Blocks,,none,,,,,,,,
2026-07-23,22:23,1H,A,Andres,Tackles,,none,,,,,,,,
2026-07-23,22:36,1H,B,Gio,Off Target,,none,,,,,,,,
2026-07-23,22:35,1H,B,Martin,Key Passes,,none,,,,,,,,
2026-07-23,22:45,1H,B,Martin,Tackles,,none,,,,,,,,
2026-07-23,22:50,1H,A,Andres,Tackles,,none,,,,,,,,
2026-07-23,23:01,1H,A,Andres,Tackles,,none,,,,,,,,
2026-07-23,23:12,1H,A,Ines,Goals,Andres,highlight,none,0.8070,0.1860,0.9390,0.7950,0.7620,0.8140,left
2026-07-23,23:31,1H,A,Logan,Interceptions,,none,,,,,,,,
2026-07-23,23:37,1H,A,Ines,On Target,,none,,,,,,,,
2026-07-23,23:36,1H,A,Logan,Key Passes,,none,,,,,,,,
2026-07-23,23:38,1H,B,Alberto,GK Saves,,none,,,,,,,,
2026-07-23,23:46,1H,A,Logan,Interceptions,,none,,,,,,,,
2026-07-23,24:14,1H,B,Lachlan,Goals,Martin,none,none,0.9050,0.7600,0.9550,0.1860,0.9620,0.5640,right
2026-07-23,24:41,1H,B,Martin,Interceptions,,none,,,,,,,,
2026-07-23,24:46,1H,A,Andres,Interceptions,,none,,,,,,,,
2026-07-23,24:51,1H,A,Ines,Off Target,,none,,,,,,,,
2026-07-23,24:50,1H,A,Logan,Key Passes,,none,,,,,,,,
2026-07-23,0:00,1H,A,Ines,GK Removed,,,,,,,,,,
2026-07-23,0:00,1H,A,Martin,GK On,,,,,,,,,,
2026-07-23,0:06,1H,A,Ines,On Target,,none,,,,,,,,
2026-07-23,0:06,1H,B,Alberto,Blocks,,none,,,,,,,,
2026-07-23,0:20,1H,B,Jake,Off Target,,none,,,,,,,,
2026-07-23,0:19,1H,B,Lachlan,Key Passes,,none,,,,,,,,
2026-07-23,0:22,1H,A,Logan,Interceptions,,none,,,,,,,,
2026-07-23,0:29,1H,B,Lachlan,Tackles,,none,,,,,,,,
2026-07-23,0:29,1H,A,Ines,Interceptions,,none,,,,,,,,
2026-07-23,0:37,1H,A,Logan,Tackles,,none,,,,,,,,
2026-07-23,0:56,1H,B,Lachlan,Interceptions,,none,,,,,,,,
2026-07-23,0:58,1H,A,Andres,Tackles,,none,,,,,,,,
2026-07-23,1:00,1H,A,Gio,Off Target,,none,,,,,,,,
2026-07-23,1:09,1H,B,Lachlan,Interceptions,,none,,,,,,,,
2026-07-23,1:11,1H,B,Bailey,Interceptions,,none,,,,,,,,
2026-07-23,1:24,1H,B,Alberto,Interceptions,,none,,,,,,,,
2026-07-23,1:30,1H,A,Logan,Interceptions,,none,,,,,,,,
2026-07-23,1:31,1H,A,Logan,Off Target,,none,,,,,,,,
2026-07-23,1:31,1H,A,Logan,Post,,none,,,,,,,,
2026-07-23,0:00,1H,B,Bailey,Team Change,Bailey: B → —,none,,,,,,,,
2026-07-23,0:00,1H,A,Bailey,Team Change,Bailey: — → A,none,,,,,,,,
2026-07-23,0:00,1H,B,Gio,Team Change,Gio: A → B,none,,,,,,,,
2026-07-23,0:00,1H,B,Richard,Team Change,Richard: B → —,none,,,,,,,,
2026-07-23,0:00,1H,A,Richard,Team Change,Richard: — → A,none,,,,,,,,
2026-07-23,0:00,1H,B,Martin,Team Change,Martin: A → B,none,,,,,,,,
2026-07-23,1:37,1H,A,Andres,Off Target,,none,,,,,,,,
2026-07-23,1:36,1H,A,Bailey,Key Passes,,none,,,,,,,,
2026-07-23,1:45,1H,A,Ines,Interceptions,,none,,,,,,,,
2026-07-23,1:55,1H,B,Gio,Interceptions,,none,,,,,,,,
2026-07-23,2:04,1H,A,Andres,Interceptions,,none,,,,,,,,
2026-07-23,2:23,1H,A,Andres,Interceptions,,none,,,,,,,,
2026-07-23,2:37,1H,A,Andres,Tackles,,none,,,,,,,,
2026-07-23,2:44,1H,B,Jake,Interceptions,,none,,,,,,,,
2026-07-23,2:52,1H,B,Lachlan,Interceptions,,none,,,,,,,,
2026-07-23,2:57,1H,B,Jake,Interceptions,,none,,,,,,,,
2026-07-23,3:00,1H,B,Lachlan,On Target,,none,,,,,,,,
2026-07-23,2:59,1H,B,Jake,Key Passes,,none,,,,,,,,
2026-07-23,3:00,1H,A,Logan,Blocks,,none,,,,,,,,
2026-07-23,3:07,1H,B,Gio,Interceptions,,none,,,,,,,,
2026-07-23,3:10,1H,B,Jake,Off Target,,none,,,,,,,,
2026-07-23,3:09,1H,B,Lachlan,Key Passes,,none,,,,,,,,
2026-07-23,3:10,1H,A,Richard,GK Saves,,none,,,,,,,,
2026-07-23,3:16,1H,B,Alberto,Interceptions,,none,,,,,,,,
2026-07-23,3:25,1H,A,Logan,Interceptions,,none,,,,,,,,
2026-07-23,3:35,1H,B,Alberto,Interceptions,,none,,,,,,,,
2026-07-23,3:40,1H,B,Jake,Off Target,,none,,,,,,,,
2026-07-23,3:39,1H,B,Gio,Key Passes,,none,,,,,,,,
2026-07-23,3:41,1H,A,Logan,Interceptions,,none,,,,,,,,
2026-07-23,3:46,1H,A,Ines,On Target,,none,,,,,,,,
2026-07-23,3:45,1H,A,Richard,Key Passes,,none,,,,,,,,
2026-07-23,3:46,1H,B,Alberto,Blocks,,none,,,,,,,,
2026-07-23,3:53,1H,B,Jake,Off Target,,none,,,,,,,,
2026-07-23,3:52,1H,B,Gio,Key Passes,,none,,,,,,,,
2026-07-23,4:02,1H,B,Jake,On Target,,none,,,,,,,,
2026-07-23,4:01,1H,B,Lachlan,Key Passes,,none,,,,,,,,
2026-07-23,4:03,1H,A,Richard,GK Saves,,none,,,,,,,,
2026-07-23,4:05,1H,A,Richard,Moment,,lowlight,,,,,,,,
2026-07-23,4:08,1H,B,Alberto,Interceptions,,none,,,,,,,,
2026-07-23,4:22,1H,B,Jake,Off Target,,none,,,,,,,,
2026-07-23,4:21,1H,B,Gio,Key Passes,,none,,,,,,,,
2026-07-23,4:29,1H,A,Richard,GK Removed,,,,,,,,,,
2026-07-23,4:29,1H,A,Ines,GK On,,,,,,,,,,
2026-07-23,4:33,1H,B,Martin,GK Removed,,,,,,,,,,
2026-07-23,4:33,1H,B,Alberto,GK On,,,,,,,,,,
2026-07-23,4:37,1H,B,Martin,Interceptions,,none,,,,,,,,
2026-07-23,4:38,1H,A,Bailey,Interceptions,,none,,,,,,,,
2026-07-23,4:42,1H,A,Richard,Nutmegs,,none,,,,,,,,
2026-07-23,4:53,1H,A,Logan,Tackles,,none,,,,,,,,
2026-07-23,4:59,1H,B,Lachlan,Tackles,,none,,,,,,,,
2026-07-23,5:02,1H,B,Jake,Off Target,,none,,,,,,,,
2026-07-23,5:01,1H,B,Gio,Key Passes,,none,,,,,,,,
2026-07-23,5:03,1H,A,Andres,Blocks,,none,,,,,,,,
2026-07-23,5:04,1H,B,Lachlan,Off Target,,none,,,,,,,,
2026-07-23,5:07,1H,B,Gio,Interceptions,,none,,,,,,,,
2026-07-23,5:12,1H,B,Martin,Interceptions,,none,,,,,,,,
2026-07-23,5:14,1H,A,Richard,On Target,,none,,,,,,,,
2026-07-23,5:15,1H,B,Alberto,GK Saves,,none,,,,,,,,
2026-07-23,5:17,1H,B,Gio,Interceptions,,none,,,,,,,,
2026-07-23,5:36,1H,B,Jake,Interceptions,,none,,,,,,,,
2026-07-23,5:44,1H,B,Gio,Interceptions,,none,,,,,,,,
2026-07-23,5:46,1H,A,Andres,Off Target,,none,,,,,,,,
2026-07-23,5:45,1H,A,Bailey,Key Passes,,none,,,,,,,,
2026-07-23,6:00,1H,B,Jake,Off Target,,none,,,,,,,,
2026-07-23,5:59,1H,B,Gio,Key Passes,,none,,,,,,,,
2026-07-23,6:02,1H,A,Ines,Interceptions,,none,,,,,,,,
2026-07-23,6:10,1H,A,Bailey,Interceptions,,none,,,,,,,,
2026-07-23,6:12,1H,B,Martin,Nutmegs,,none,,,,,,,,
2026-07-23,6:28,1H,A,Richard,Interceptions,,none,,,,,,,,
2026-07-23,6:33,1H,B,Gio,Interceptions,,none,,,,,,,,
2026-07-23,6:34,1H,A,Richard,Off Target,,none,,,,,,,,
2026-07-23,6:33,1H,A,Bailey,Key Passes,,none,,,,,,,,
2026-07-23,6:49,1H,A,Logan,Off Target,,none,,,,,,,,
2026-07-23,6:48,1H,A,Bailey,Key Passes,,none,,,,,,,,
2026-07-23,6:51,1H,A,Bailey,Off Target,,none,,,,,,,,
2026-07-23,7:01,1H,A,Ines,Interceptions,,none,,,,,,,,
2026-07-23,7:18,1H,B,Lachlan,Tackles,,none,,,,,,,,
2026-07-23,7:29,1H,B,Jake,Off Target,,none,,,,,,,,
2026-07-23,7:30,1H,A,Ines,GK Saves,,none,,,,,,,,
2026-07-23,7:32,1H,B,Gio,Goals,Lachlan,none,highlight,0.8710,0.3300,0.9100,0.7910,0.1670,0.7500,right
2026-07-23,7:52,1H,A,Logan,Off Target,,none,,,,,,,,
2026-07-23,7:51,1H,A,Bailey,Key Passes,,none,,,,,,,,
2026-07-23,7:57,1H,A,Andres,Interceptions,,none,,,,,,,,
2026-07-23,8:09,1H,A,Ines,GK Saves,,none,,,,,,,,
2026-07-23,8:24,1H,A,Logan,On Target,,none,,,,,,,,
2026-07-23,8:24,1H,B,Lachlan,Blocks,,none,,,,,,,,
2026-07-23,8:31,1H,A,Bailey,Goals,Richard,highlight,none,0.7340,0.2650,0.5430,0.7730,0.0440,0.4930,left
2026-07-23,9:00,1H,A,Richard,Tackles,,none,,,,,,,,
2026-07-23,9:03,1H,B,Jake,Tackles,,none,,,,,,,,
2026-07-23,9:05,1H,A,Logan,Tackles,,none,,,,,,,,
2026-07-23,9:12,1H,A,Logan,Off Target,,none,,,,,,,,
2026-07-23,9:11,1H,A,Bailey,Key Passes,,none,,,,,,,,
2026-07-23,9:12,1H,A,Logan,Post,,none,,,,,,,,
2026-07-23,9:21,1H,B,Lachlan,Off Target,,none,,,,,,,,
2026-07-23,9:20,1H,B,Gio,Key Passes,,none,,,,,,,,
2026-07-23,9:25,1H,B,Martin,Off Target,,none,,,,,,,,
2026-07-23,9:24,1H,B,Gio,Key Passes,,none,,,,,,,,
2026-07-23,9:27,1H,B,Lachlan,Goals,,none,none,0.8820,0.8170,,,0.0490,0.4070,right
2026-07-23,9:34,1H,A,Ines,GK Removed,,,,,,,,,,
2026-07-23,9:34,1H,A,Andres,GK On,,,,,,,,,,
2026-07-23,9:45,1H,A,Ines,Off Target,,none,,,,,,,,
2026-07-23,9:46,1H,B,Alberto,GK Saves,,none,,,,,,,,
2026-07-23,9:55,1H,A,Richard,Interceptions,,none,,,,,,,,
2026-07-23,9:57,1H,A,Richard,Off Target,,none,,,,,,,,
2026-07-23,9:57,1H,B,Alberto,GK Saves,,none,,,,,,,,
2026-07-23,10:06,1H,B,Jake,On Target,,none,,,,,,,,
2026-07-23,10:05,1H,B,Gio,Key Passes,,none,,,,,,,,
2026-07-23,10:07,1H,A,Andres,GK Saves,,none,,,,,,,,
2026-07-23,10:10,1H,B,Gio,Tackles,,none,,,,,,,,
2026-07-23,10:12,1H,B,Jake,Off Target,,none,,,,,,,,
2026-07-23,10:11,1H,B,Gio,Key Passes,,none,,,,,,,,
2026-07-23,10:23,1H,B,Lachlan,Interceptions,,none,,,,,,,,
2026-07-23,10:28,1H,A,Bailey,On Target,,none,,,,,,,,
2026-07-23,10:28,1H,B,Alberto,GK Saves,,none,,,,,,,,
2026-07-23,10:32,1H,B,Martin,On Target,,none,,,,,,,,
2026-07-23,10:31,1H,B,Gio,Key Passes,,none,,,,,,,,
2026-07-23,10:34,1H,A,Andres,GK Saves,,none,,,,,,,,
2026-07-23,10:37,1H,B,Jake,On Target,,none,,,,,,,,
2026-07-23,10:37,1H,A,Andres,GK Saves,,none,,,,,,,,
2026-07-23,10:46,1H,A,Ines,On Target,,none,,,,,,,,
2026-07-23,10:45,1H,A,Andres,Key Passes,,none,,,,,,,,
2026-07-23,10:47,1H,B,Alberto,GK Saves,,none,,,,,,,,
2026-07-23,10:51,1H,A,Logan,Off Target,,none,,,,,,,,
2026-07-23,10:50,1H,A,Bailey,Key Passes,,none,,,,,,,,
2026-07-23,10:55,1H,B,Gio,Tackles,,none,,,,,,,,
2026-07-23,11:07,1H,A,Richard,Interceptions,,none,,,,,,,,
2026-07-23,11:12,1H,B,Lachlan,Interceptions,,none,,,,,,,,
2026-07-23,11:42,1H,B,Martin,Off Target,,none,,,,,,,,
2026-07-23,11:41,1H,B,Jake,Key Passes,,none,,,,,,,,
2026-07-23,11:47,1H,B,Martin,Interceptions,,none,,,,,,,,
2026-07-23,11:50,1H,A,Richard,Interceptions,,none,,,,,,,,
2026-07-23,11:53,1H,B,Jake,Tackles,,none,,,,,,,,
2026-07-23,12:06,1H,B,Gio,Interceptions,,none,,,,,,,,
2026-07-23,12:11,1H,A,Richard,Tackles,,none,,,,,,,,
2026-07-23,12:17,1H,A,Richard,Off Target,,none,,,,,,,,
2026-07-23,12:16,1H,A,Bailey,Key Passes,,none,,,,,,,,
2026-07-23,12:17,1H,B,Lachlan,Blocks,,none,,,,,,,,
2026-07-23,12:36,1H,A,Logan,Goals,Bailey,highlight,none,0.7520,0.7560,0.4610,0.3000,0.1510,0.5000,left
2026-07-23,12:55,1H,A,Richard,Interceptions,,none,,,,,,,,
2026-07-23,13:34,1H,A,Bailey,Interceptions,,none,,,,,,,,
2026-07-23,14:08,1H,B,Lachlan,Tackles,,none,,,,,,,,
2026-07-23,14:08,1H,A,Richard,Interceptions,,none,,,,,,,,
2026-07-23,14:09,1H,A,Richard,On Target,,none,,,,,,,,
2026-07-23,14:09,1H,B,Lachlan,Blocks,,none,,,,,,,,
2026-07-23,14:16,1H,A,Ines,Interceptions,,none,,,,,,,,
2026-07-23,14:21,1H,A,Logan,Nutmegs,,none,,,,,,,,
2026-07-23,14:32,1H,A,Logan,Off Target,,none,,,,,,,,
2026-07-23,15:08,1H,A,Bailey,Interceptions,,none,,,,,,,,
2026-07-23,15:12,1H,B,Gio,Interceptions,,none,,,,,,,,
2026-07-23,15:18,1H,B,Gio,Interceptions,,none,,,,,,,,
2026-07-23,15:20,1H,A,Richard,Tackles,,none,,,,,,,,
2026-07-23,15:22,1H,B,Martin,Interceptions,,none,,,,,,,,
2026-07-23,15:27,1H,A,Andres,Interceptions,,none,,,,,,,,
2026-07-23,15:40,1H,A,Logan,On Target,,none,,,,,,,,
2026-07-23,15:39,1H,A,Bailey,Key Passes,,none,,,,,,,,
2026-07-23,15:39,1H,A,Logan,Nutmegs,,none,,,,,,,,
2026-07-23,15:41,1H,B,Alberto,GK Saves,,none,,,,,,,,
2026-07-23,15:59,1H,A,Bailey,On Target,,none,,,,,,,,
2026-07-23,15:58,1H,A,Ines,Key Passes,,none,,,,,,,,
2026-07-23,16:00,1H,B,Alberto,GK Saves,,none,,,,,,,,
2026-07-23,16:10,1H,A,Logan,Tackles,,none,,,,,,,,
2026-07-23,16:32,1H,B,Jake,Interceptions,,none,,,,,,,,
2026-07-23,16:39,1H,A,Richard,Off Target,,none,,,,,,,,
2026-07-23,16:38,1H,A,Andres,Key Passes,,none,,,,,,,,
2026-07-23,16:39,1H,B,Alberto,GK Saves,,none,,,,,,,,
2026-07-23,16:41,1H,B,Martin,Interceptions,,none,,,,,,,,
2026-07-23,16:13,1H,A,Andres,GK Removed,,,,,,,,,,
2026-07-23,16:13,1H,A,Ines,GK On,,,,,,,,,,
2026-07-23,16:48,1H,A,Andres,Tackles,,none,,,,,,,,
2026-07-23,16:57,1H,A,Richard,On Target,,none,,,,,,,,
2026-07-23,16:56,1H,A,Andres,Key Passes,,none,,,,,,,,
2026-07-23,16:57,1H,B,Lachlan,Blocks,,none,,,,,,,,
2026-07-23,17:02,1H,A,Andres,Tackles,,none,,,,,,,,
2026-07-23,17:09,1H,A,Richard,Tackles,,none,,,,,,,,
2026-07-23,17:20,1H,A,Bailey,On Target,,none,,,,,,,,
2026-07-23,17:19,1H,A,Andres,Key Passes,,none,,,,,,,,
2026-07-23,17:19,1H,A,Bailey,Nutmegs,,none,,,,,,,,
2026-07-23,17:20,1H,B,Alberto,GK Saves,,none,,,,,,,,
2026-07-23,17:25,1H,A,Bailey,Tackles,,none,,,,,,,,
2026-07-23,17:45,1H,A,Andres,Off Target,,none,,,,,,,,
2026-07-23,17:44,1H,A,Bailey,Key Passes,,none,,,,,,,,
2026-07-23,17:44,1H,A,Andres,Nutmegs,,none,,,,,,,,
2026-07-23,17:42,1H,A,Ines,GK Removed,,,,,,,,,,
2026-07-23,17:42,1H,A,Richard,GK On,,,,,,,,,,
2026-07-23,17:59,1H,A,Ines,On Target,,none,,,,,,,,
2026-07-23,17:59,1H,B,Martin,Blocks,,none,,,,,,,,
2026-07-23,18:04,1H,B,Lachlan,Off Target,,none,,,,,,,,
2026-07-23,18:03,1H,B,Gio,Key Passes,,none,,,,,,,,
2026-07-23,18:06,1H,A,Andres,Interceptions,,none,,,,,,,,
2026-07-23,18:42,1H,A,Logan,Off Target,,none,,,,,,,,
2026-07-23,18:41,1H,A,Andres,Key Passes,,none,,,,,,,,
2026-07-23,18:43,1H,B,Alberto,GK Saves,,none,,,,,,,,
2026-07-23,19:18,1H,B,Jake,Off Target,,none,,,,,,,,
2026-07-23,19:17,1H,B,Gio,Key Passes,,none,,,,,,,,
2026-07-23,19:25,1H,B,Gio,Interceptions,,none,,,,,,,,
2026-07-23,19:26,1H,B,Gio,Goals,,none,none,0.7870,0.4140,,,0.6250,0.7640,right
2026-07-23,19:48,1H,A,Andres,Off Target,,none,,,,,,,,
2026-07-23,19:47,1H,A,Bailey,Key Passes,,none,,,,,,,,
2026-07-23,20:00,1H,A,Logan,Tackles,,none,,,,,,,,
2026-07-23,20:07,1H,A,Bailey,Goals,Richard,none,none,0.7800,0.0980,0.1030,0.5150,0.6640,0.6500,left
2026-07-23,20:30,1H,B,Jake,Off Target,,none,,,,,,,,
2026-07-23,20:42,1H,A,Ines,On Target,,none,,,,,,,,
2026-07-23,20:41,1H,A,Bailey,Key Passes,,none,,,,,,,,
2026-07-23,20:42,1H,B,Gio,Blocks,,none,,,,,,,,
2026-07-23,21:01,1H,B,Lachlan,Interceptions,,none,,,,,,,,
2026-07-23,21:12,1H,A,Ines,Interceptions,,none,,,,,,,,
2026-07-23,21:13,1H,A,Ines,On Target,,none,,,,,,,,
2026-07-23,21:13,1H,B,Gio,Blocks,,none,,,,,,,,
2026-07-23,21:15,1H,A,Ines,Off Target,,none,,,,,,,,
2026-07-23,21:21,1H,B,Jake,On Target,,none,,,,,,,,
2026-07-23,21:20,1H,B,Lachlan,Key Passes,,none,,,,,,,,
2026-07-23,21:21,1H,A,Richard,GK Saves,,none,,,,,,,,
2026-07-23,21:23,1H,B,Jake,On Target,,none,,,,,,,,
2026-07-23,21:23,1H,A,Richard,GK Saves,,none,,,,,,,,
2026-07-23,21:28,1H,B,Gio,Interceptions,,none,,,,,,,,
2026-07-23,21:32,1H,A,Bailey,Off Target,,none,,,,,,,,
2026-07-23,21:46,1H,B,Gio,Interceptions,,none,,,,,,,,
2026-07-23,21:53,1H,B,Martin,Off Target,,none,,,,,,,,
2026-07-23,21:52,1H,B,Gio,Key Passes,,none,,,,,,,,
2026-07-23,22:11,1H,A,Andres,On Target,,none,,,,,,,,
2026-07-23,22:10,1H,A,Bailey,Key Passes,,none,,,,,,,,
2026-07-23,22:11,1H,B,Gio,Blocks,,none,,,,,,,,
2026-07-23,22:13,1H,A,Bailey,On Target,,none,,,,,,,,
2026-07-23,22:13,1H,B,Lachlan,Blocks,,none,,,,,,,,
2026-07-23,22:23,1H,A,Andres,Tackles,,none,,,,,,,,
2026-07-23,22:36,1H,B,Gio,Off Target,,none,,,,,,,,
2026-07-23,22:35,1H,B,Martin,Key Passes,,none,,,,,,,,
2026-07-23,22:45,1H,B,Martin,Tackles,,none,,,,,,,,
2026-07-23,22:50,1H,A,Andres,Tackles,,none,,,,,,,,
2026-07-23,23:01,1H,A,Andres,Tackles,,none,,,,,,,,
2026-07-23,23:12,1H,A,Ines,Goals,Andres,highlight,none,0.8070,0.1860,0.9390,0.7950,0.7620,0.8140,left
2026-07-23,23:31,1H,A,Logan,Interceptions,,none,,,,,,,,
2026-07-23,23:37,1H,A,Ines,On Target,,none,,,,,,,,
2026-07-23,23:36,1H,A,Logan,Key Passes,,none,,,,,,,,
2026-07-23,23:38,1H,B,Alberto,GK Saves,,none,,,,,,,,
2026-07-23,23:46,1H,A,Logan,Interceptions,,none,,,,,,,,
2026-07-23,24:14,1H,B,Lachlan,Goals,Martin,none,none,0.9050,0.7600,0.9550,0.1860,0.9620,0.5640,right
2026-07-23,24:41,1H,B,Martin,Interceptions,,none,,,,,,,,
2026-07-23,24:46,1H,A,Andres,Interceptions,,none,,,,,,,,
2026-07-23,24:51,1H,A,Ines,Off Target,,none,,,,,,,,
2026-07-23,24:50,1H,A,Logan,Key Passes,,none,,,,,,,,
2026-07-30,0:00.000,1H,B,Xavier,GK On,,,,,,,,,,
2026-07-30,0:00.000,1H,A,Alberto,GK On,,,,,,,,,,
2026-07-30,1:17.731,1H,A,Jake,Off Target,,none,,,,,,,,
2026-07-30,1:16.731,1H,A,Amin,Key Passes,,none,,,,,,,,
2026-07-30,1:17.845,1H,B,Gio,Blocks,,none,,,,,,,,
2026-07-30,1:20.045,1H,A,Vijit,Interceptions,,none,,,,,,,,
2026-07-30,1:19.912,1H,B,Richard,Nutmegs,,none,,,,,,,,
2026-07-30,1:24.481,1H,B,Richard,Goals,Ines,highlight,none,0.8000,0.3640,0.6730,0.7810,0.9920,0.9690,left
2026-07-30,1:37.719,1H,A,Bailey,Nutmegs,,none,,,,,,,,
2026-07-30,1:42.280,1H,B,Richard,Tackles,,none,,,,,,,,
2026-07-30,1:48.165,1H,A,Bailey,On Target,,none,,,,,,,,
2026-07-30,1:47.165,1H,A,Jake,Key Passes,,none,,,,,,,,
2026-07-30,1:48.241,1H,B,Gio,Blocks,,none,,,,,,,,
2026-07-30,1:55.505,1H,A,Bailey,Tackles,,none,,,,,,,,
2026-07-30,2:02.562,1H,A,Amin,On Target,,none,,,,,,,,
2026-07-30,2:01.562,1H,A,Alberto,Key Passes,,none,,,,,,,,
2026-07-30,2:02.758,1H,B,Richard,Blocks,,none,,,,,,,,
2026-07-30,2:09.527,1H,B,Richard,Interceptions,,none,,,,,,,,
2026-07-30,2:15.118,1H,A,Vijit,Interceptions,,none,,,,,,,,
2026-07-30,2:24.105,1H,A,Vijit,Interceptions,,none,,,,,,,,
2026-07-30,2:29.602,1H,A,Amin,Off Target,,none,,,,,,,,
2026-07-30,2:28.602,1H,A,Vijit,Key Passes,,none,,,,,,,,
2026-07-30,2:31.261,1H,A,Amin,Off Target,,none,,,,,,,,
2026-07-30,2:33.525,1H,A,Amin,Interceptions,,none,,,,,,,,
2026-07-30,2:37.343,1H,A,Amin,On Target,,none,,,,,,,,
2026-07-30,2:37.442,1H,B,Gio,Blocks,,none,,,,,,,,
2026-07-30,2:52.053,1H,B,Ines,Interceptions,,none,,,,,,,,
2026-07-30,2:54.492,1H,A,Jake,Off Target,,none,,,,,,,,
2026-07-30,2:53.492,1H,A,Vijit,Key Passes,,none,,,,,,,,
2026-07-30,3:06.774,1H,B,James,On Target,,none,,,,,,,,
2026-07-30,3:05.774,1H,B,Richard,Key Passes,,none,,,,,,,,
2026-07-30,3:07.192,1H,A,Alberto,GK Saves,,none,,,,,,,,
2026-07-30,3:08.782,1H,B,James,On Target,,none,,,,,,,,
2026-07-30,3:08.962,1H,A,Alberto,GK Saves,,none,,,,,,,,
2026-07-30,3:21.679,1H,B,Richard,Interceptions,,none,,,,,,,,
2026-07-30,3:22.525,1H,A,Jake,Nutmegs,,none,,,,,,,,
2026-07-30,3:28.828,1H,A,Bailey,On Target,,none,,,,,,,,
2026-07-30,3:29.000,1H,B,Gio,Tackles,,none,,,,,,,,
2026-07-30,3:33.542,1H,A,Amin,Interceptions,,none,,,,,,,,
2026-07-30,3:34.328,1H,B,James,Interceptions,,none,,,,,,,,
2026-07-30,3:35.586,1H,B,Richard,Tackles,,none,,,,,,,,
2026-07-30,3:36.250,1H,A,Amin,On Target,,none,,,,,,,,
2026-07-30,3:36.320,1H,B,Gio,Blocks,,none,,,,,,,,
2026-07-30,3:46.833,1H,A,Amin,Interceptions,,none,,,,,,,,
2026-07-30,3:49.080,1H,A,Amin,Off Target,,none,,,,,,,,
2026-07-30,3:49.705,1H,B,Xavier,GK Saves,,none,,,,,,,,
2026-07-30,4:00.597,1H,A,Vijit,Interceptions,,none,,,,,,,,
2026-07-30,4:02.173,1H,B,James,Interceptions,,none,,,,,,,,
2026-07-30,4:15.216,1H,A,Bailey,On Target,,none,,,,,,,,
2026-07-30,4:14.216,1H,A,Amin,Key Passes,,none,,,,,,,,
2026-07-30,4:15.647,1H,B,Xavier,GK Saves,,none,,,,,,,,
2026-07-30,4:27.346,1H,B,James,Off Target,,none,,,,,,,,
2026-07-30,4:26.346,1H,B,Gio,Key Passes,,none,,,,,,,,
2026-07-30,4:36.441,1H,B,Ines,Tackles,,none,,,,,,,,
2026-07-30,4:27.938,1H,B,Xavier,GK Removed,,,,,,,,,,
2026-07-30,4:27.938,1H,B,Richard,GK On,,,,,,,,,,
2026-07-30,4:41.735,1H,B,Xavier,Interceptions,,none,,,,,,,,
2026-07-30,4:43.105,1H,A,Amin,Off Target,,none,,,,,,,,
2026-07-30,4:42.105,1H,A,Bailey,Key Passes,,none,,,,,,,,
2026-07-30,4:51.189,1H,B,Xavier,Off Target,,none,,,,,,,,
2026-07-30,4:50.189,1H,B,Richard,Key Passes,,none,,,,,,,,
2026-07-30,5:01.058,1H,B,Xavier,Tackles,,none,,,,,,,,
2026-07-30,5:09.607,1H,A,Vijit,Interceptions,,none,,,,,,,,
2026-07-30,5:12.141,1H,B,James,Tackles,,none,,,,,,,,
2026-07-30,5:16.781,1H,A,Vijit,Tackles,,none,,,,,,,,
2026-07-30,5:19.501,1H,B,Ines,Interceptions,,none,,,,,,,,
2026-07-30,5:19.526,1H,B,Ines,On Target,,none,,,,,,,,
2026-07-30,5:20.006,1H,A,Jake,Blocks,,none,,,,,,,,
2026-07-30,5:25.478,1H,B,Gio,Interceptions,,none,,,,,,,,
2026-07-30,5:27.148,1H,A,Amin,On Target,,none,,,,,,,,
2026-07-30,5:26.148,1H,A,Bailey,Key Passes,,none,,,,,,,,
2026-07-30,5:27.842,1H,B,Richard,GK Saves,,none,,,,,,,,
2026-07-30,5:31.926,1H,A,Amin,Tackles,,none,,,,,,,,
2026-07-30,5:36.504,1H,A,Jake,Nutmegs,,none,,,,,,,,
2026-07-30,5:46.552,1H,A,Vijit,Interceptions,,none,,,,,,,,
2026-07-30,6:00.356,1H,A,Amin,On Target,,none,,,,,,,,
2026-07-30,5:59.356,1H,A,Bailey,Key Passes,,none,,,,,,,,
2026-07-30,6:00.451,1H,B,Xavier,Blocks,,none,,,,,,,,
2026-07-30,6:10.506,1H,A,Vijit,Tackles,,none,,,,,,,,
2026-07-30,6:13.510,1H,A,Bailey,Nutmegs,,none,,,,,,,,
2026-07-30,6:15.859,1H,A,Jake,On Target,,none,,,,,,,,
2026-07-30,6:14.859,1H,A,Bailey,Key Passes,,none,,,,,,,,
2026-07-30,6:16.004,1H,B,Xavier,Blocks,,none,,,,,,,,
2026-07-30,6:22.538,1H,A,Jake,Off Target,,none,,,,,,,,
2026-07-30,6:21.538,1H,A,Vijit,Key Passes,,none,,,,,,,,
2026-07-30,6:23.262,1H,B,Richard,GK Saves,,none,,,,,,,,
2026-07-30,6:39.544,1H,B,Xavier,Goals,,highlight,none,0.8120,0.8650,,,0.9940,0.7640,right
2026-07-30,6:56.680,1H,A,Amin,Off Target,,none,,,,,,,,
2026-07-30,6:55.680,1H,A,Bailey,Key Passes,,none,,,,,,,,
2026-07-30,6:58.582,1H,A,Bailey,Off Target,,none,,,,,,,,
2026-07-30,7:00.086,1H,A,Jake,Off Target,,none,,,,,,,,
2026-07-30,6:50.057,1H,A,Alberto,GK Removed,,,,,,,,,,
2026-07-30,6:50.057,1H,A,Vijit,GK On,,,,,,,,,,
2026-07-30,7:03.950,1H,A,Alberto,Interceptions,,none,,,,,,,,
2026-07-30,7:05.873,1H,B,Gio,Interceptions,,none,,,,,,,,
2026-07-30,7:08.093,1H,B,James,Interceptions,,none,,,,,,,,
2026-07-30,7:13.281,1H,B,James,Off Target,,none,,,,,,,,
2026-07-30,7:12.281,1H,B,Gio,Key Passes,,none,,,,,,,,
2026-07-30,7:19.964,1H,B,Xavier,Interceptions,,none,,,,,,,,
2026-07-30,7:21.228,1H,B,Xavier,Interceptions,,none,,,,,,,,
2026-07-30,7:27.374,1H,B,Xavier,Off Target,,none,,,,,,,,
2026-07-30,7:27.848,1H,A,Vijit,GK Saves,,none,,,,,,,,
2026-07-30,7:38.269,1H,B,Gio,Interceptions,,none,,,,,,,,
2026-07-30,7:39.669,1H,B,James,Off Target,,none,,,,,,,,
2026-07-30,7:38.669,1H,B,Gio,Key Passes,,none,,,,,,,,
2026-07-30,7:40.145,1H,A,Vijit,GK Saves,,none,,,,,,,,
2026-07-30,7:47.591,1H,A,Alberto,Off Target,,none,,,,,,,,
2026-07-30,7:46.591,1H,A,Bailey,Key Passes,,none,,,,,,,,
2026-07-30,7:48.284,1H,B,Richard,GK Saves,,none,,,,,,,,
2026-07-30,8:24.743,1H,A,Jake,Interceptions,,none,,,,,,,,
2026-07-30,8:32.721,1H,B,Xavier,Interceptions,,none,,,,,,,,
2026-07-30,8:37.045,1H,A,Alberto,Interceptions,,none,,,,,,,,
2026-07-30,8:45.887,1H,A,Bailey,Nutmegs,,none,,,,,,,,
2026-07-30,8:45.887,1H,A,Bailey,Goals,Amin,none,none,0.8660,0.7430,0.2540,0.9490,0.6320,0.9930,left
2026-07-30,8:53.083,1H,B,Richard,GK Removed,,,,,,,,,,
2026-07-30,8:53.083,1H,B,James,GK On,,,,,,,,,,
2026-07-30,9:08.128,1H,B,Xavier,Off Target,,none,,,,,,,,
2026-07-30,9:10.159,1H,B,Richard,Goals,,highlight,none,0.8620,0.7600,,,0.5020,0.7500,right
2026-07-30,9:30.267,1H,A,Amin,Nutmegs,,none,,,,,,,,
2026-07-30,9:31.191,1H,A,Amin,Goals,Alberto,highlight,none,0.8500,0.2820,0.4270,0.6550,0.5000,0.7790,left
2026-07-30,9:51.778,1H,A,Bailey,Tackles,,none,,,,,,,,
2026-07-30,9:52.471,1H,B,Xavier,Tackles,,none,,,,,,,,
2026-07-30,9:56.460,1H,B,Ines,Key Passes,,none,,,,,,,,
2026-07-30,10:04.434,1H,B,Xavier,Interceptions,,none,,,,,,,,
2026-07-30,10:10.180,1H,B,Ines,Goals,Xavier,highlight,none,0.7780,0.2820,0.5910,0.4930,0.7250,0.7360,right
2026-07-30,10:27.577,1H,B,Richard,Interceptions,,none,,,,,,,,
2026-07-30,10:39.487,1H,B,Gio,Off Target,,none,,,,,,,,
2026-07-30,10:38.487,1H,B,Xavier,Key Passes,,none,,,,,,,,
2026-07-30,10:39.610,1H,A,Alberto,Blocks,,none,,,,,,,,
2026-07-30,10:52.892,1H,A,Bailey,On Target,,none,,,,,,,,
2026-07-30,10:51.892,1H,A,Amin,Key Passes,,none,,,,,,,,
2026-07-30,10:53.525,1H,B,James,GK Saves,,none,,,,,,,,
2026-07-30,10:59.386,1H,A,Jake,On Target,,none,,,,,,,,
2026-07-30,10:58.386,1H,A,Amin,Key Passes,,none,,,,,,,,
2026-07-30,10:59.447,1H,B,Richard,Blocks,,none,,,,,,,,
2026-07-30,10:59.638,1H,B,James,GK Saves,,none,,,,,,,,
2026-07-30,11:09.745,1H,A,Bailey,Tackles,,none,,,,,,,,
2026-07-30,11:37.579,1H,B,Gio,Interceptions,,none,,,,,,,,
2026-07-30,11:48.075,1H,B,Richard,On Target,,none,,,,,,,,
2026-07-30,11:47.075,1H,B,Ines,Key Passes,,none,,,,,,,,
2026-07-30,11:48.341,1H,A,Vijit,GK Saves,,none,,,,,,,,
2026-07-30,11:50.027,1H,A,Alberto,Interceptions,,none,,,,,,,,
2026-07-30,12:07.631,1H,A,Jake,Tackles,,none,,,,,,,,
2026-07-30,12:11.698,1H,A,Jake,On Target,,none,,,,,,,,
2026-07-30,12:11.698,1H,A,Jake,Nutmegs,,none,,,,,,,,
2026-07-30,12:11.896,1H,B,Xavier,Blocks,,none,,,,,,,,
2026-07-30,12:25.064,1H,B,Xavier,Goals,Gio,none,none,0.7980,0.6900,0.6230,0.6590,0.7590,0.6500,left
2026-07-30,12:45.259,1H,B,Richard,Tackles,,none,,,,,,,,
2026-07-30,12:40.259,1H,B,James,GK Removed,,,,,,,,,,
2026-07-30,12:40.259,1H,B,Xavier,GK On,,,,,,,,,,
2026-07-30,13:04.386,1H,A,Amin,On Target,,none,,,,,,,,
2026-07-30,13:03.386,1H,A,Vijit,Key Passes,,none,,,,,,,,
2026-07-30,13:04.407,1H,B,Ines,Blocks,,none,,,,,,,,
2026-07-30,13:06.830,1H,A,Alberto,On Target,,none,,,,,,,,
2026-07-30,13:07.231,1H,B,Xavier,GK Saves,,none,,,,,,,,
2026-07-30,13:13.111,1H,A,Alberto,Tackles,,none,,,,,,,,
2026-07-30,13:14.701,1H,B,Ines,On Target,,none,,,,,,,,
2026-07-30,13:15.135,1H,A,Alberto,Blocks,,none,,,,,,,,
2026-07-30,13:33.207,1H,A,Alberto,Interceptions,,none,,,,,,,,
2026-07-30,13:42.228,1H,A,Alberto,Interceptions,,none,,,,,,,,
2026-07-30,13:47.269,1H,A,Amin,Off Target,,none,,,,,,,,
2026-07-30,13:46.269,1H,A,Alberto,Key Passes,,none,,,,,,,,
2026-07-30,13:53.791,1H,B,James,On Target,,none,,,,,,,,
2026-07-30,13:52.791,1H,B,Gio,Key Passes,,none,,,,,,,,
2026-07-30,13:54.160,1H,A,Vijit,GK Saves,,none,,,,,,,,
2026-07-30,13:55.186,1H,A,Jake,Interceptions,,none,,,,,,,,
2026-07-30,14:05.713,1H,A,Bailey,On Target,,none,,,,,,,,
2026-07-30,14:04.713,1H,A,Alberto,Key Passes,,none,,,,,,,,
2026-07-30,14:05.965,1H,B,Gio,Blocks,,none,,,,,,,,
2026-07-30,14:06.863,1H,A,Bailey,On Target,,none,,,,,,,,
2026-07-30,14:07.109,1H,B,Gio,Blocks,,none,,,,,,,,
2026-07-30,14:15.777,1H,A,Bailey,Interceptions,,none,,,,,,,,
2026-07-30,14:17.478,1H,A,Bailey,Off Target,,none,,,,,,,,
2026-07-30,14:18.458,1H,B,Xavier,GK Saves,,none,,,,,,,,
2026-07-30,14:19.416,1H,B,Richard,Interceptions,,none,,,,,,,,
2026-07-30,14:26.683,1H,B,James,On Target,,none,,,,,,,,
2026-07-30,14:25.683,1H,B,Xavier,Key Passes,,none,,,,,,,,
2026-07-30,14:25.683,1H,B,James,Nutmegs,,none,,,,,,,,
2026-07-30,14:26.857,1H,A,Amin,Blocks,,none,,,,,,,,
2026-07-30,14:30.733,1H,B,Richard,Interceptions,,none,,,,,,,,
2026-07-30,14:32.062,1H,B,Richard,On Target,,none,,,,,,,,
2026-07-30,14:36.269,1H,B,Gio,Off Target,,none,,,,,,,,
2026-07-30,14:35.269,1H,B,James,Key Passes,,none,,,,,,,,
2026-07-30,14:37.582,1H,A,Jake,Interceptions,,none,,,,,,,,
2026-07-30,14:45.655,1H,A,Jake,Tackles,,none,,,,,,,,
2026-07-30,14:50.701,1H,A,Alberto,Goals,Jake,highlight,none,0.8090,0.7210,0.4340,0.1370,0.3200,0.9140,right
2026-07-30,14:32.572,1H,A,Vijit,GK Saves,,highlight,,,,,,,,
2026-07-30,15:09.855,1H,B,Gio,Off Target,,none,,,,,,,,
2026-07-30,15:13.263,1H,B,Gio,On Target,,none,,,,,,,,
2026-07-30,15:12.263,1H,B,James,Key Passes,,none,,,,,,,,
2026-07-30,15:13.498,1H,A,Jake,Blocks,,none,,,,,,,,
2026-07-30,15:22.289,1H,A,Jake,On Target,,none,,,,,,,,
2026-07-30,15:21.289,1H,A,Amin,Key Passes,,none,,,,,,,,
2026-07-30,15:22.853,1H,B,Xavier,GK Saves,,none,,,,,,,,
2026-07-30,15:35.005,1H,A,Bailey,Interceptions,,none,,,,,,,,
2026-07-30,15:38.056,1H,B,Richard,Interceptions,,none,,,,,,,,
2026-07-30,15:43.539,1H,B,James,Off Target,,none,,,,,,,,
2026-07-30,15:42.539,1H,B,Gio,Key Passes,,none,,,,,,,,
2026-07-30,15:47.138,1H,B,Richard,On Target,,none,,,,,,,,
2026-07-30,15:46.138,1H,B,Gio,Key Passes,,none,,,,,,,,
2026-07-30,15:47.330,1H,A,Amin,Blocks,,none,,,,,,,,
2026-07-30,15:51.151,1H,A,Amin,Off Target,,none,,,,,,,,
2026-07-30,16:05.519,1H,A,Jake,Interceptions,,none,,,,,,,,
2026-07-30,16:10.798,1H,B,Ines,Interceptions,,none,,,,,,,,
2026-07-30,16:15.602,1H,A,Alberto,Interceptions,,none,,,,,,,,
2026-07-30,16:19.930,1H,A,Alberto,Interceptions,,none,,,,,,,,
2026-07-30,16:24.354,1H,B,Xavier,GK Removed,,,,,,,,,,
2026-07-30,16:24.354,1H,B,Richard,GK On,,,,,,,,,,
2026-07-30,16:24.354,1H,B,Xavier,Interceptions,,none,,,,,,,,
2026-07-30,16:27.158,1H,A,Bailey,Interceptions,,none,,,,,,,,
2026-07-30,16:29.380,1H,A,Alberto,Goals,Bailey,highlight,none,0.8390,0.2470,0.7370,0.0370,0.5430,0.2710,right
2026-07-30,16:47.848,1H,A,Jake,Tackles,,none,,,,,,,,
2026-07-30,16:47.848,1H,A,Jake,Nutmegs,,none,,,,,,,,
2026-07-30,16:50.017,1H,B,Ines,Interceptions,,none,,,,,,,,
2026-07-30,16:56.003,1H,B,James,On Target,,none,,,,,,,,
2026-07-30,16:55.003,1H,B,Ines,Key Passes,,none,,,,,,,,
2026-07-30,16:56.224,1H,A,Vijit,GK Saves,,none,,,,,,,,
2026-07-30,17:10.458,1H,A,Alberto,Tackles,,none,,,,,,,,
2026-07-30,17:17.765,1H,A,Jake,On Target,,none,,,,,,,,
2026-07-30,17:16.765,1H,A,Bailey,Key Passes,,none,,,,,,,,
2026-07-30,17:17.901,1H,B,Richard,GK Saves,,none,,,,,,,,
2026-07-30,17:27.702,1H,A,Amin,Interceptions,,none,,,,,,,,
2026-07-30,17:29.269,1H,A,Amin,On Target,,none,,,,,,,,
2026-07-30,17:24.833,1H,B,Richard,GK Removed,,,,,,,,,,
2026-07-30,17:24.833,1H,B,Ines,GK On,,,,,,,,,,
2026-07-30,17:29.831,1H,B,Ines,GK Saves,,none,,,,,,,,
2026-07-30,17:31.768,1H,A,Jake,Off Target,,none,,,,,,,,
2026-07-30,18:00.334,1H,A,Alberto,Interceptions,,none,,,,,,,,
2026-07-30,18:04.209,1H,A,Alberto,Off Target,,none,,,,,,,,
2026-07-30,18:03.209,1H,A,Amin,Key Passes,,none,,,,,,,,
2026-07-30,18:05.376,1H,A,Alberto,Off Target,,none,,,,,,,,
2026-07-30,18:19.355,1H,A,Bailey,Interceptions,,none,,,,,,,,
2026-07-30,18:29.532,1H,B,Xavier,Interceptions,,none,,,,,,,,
2026-07-30,18:31.516,1H,A,Jake,Tackles,,none,,,,,,,,
2026-07-30,18:32.420,1H,A,Jake,Off Target,,none,,,,,,,,
2026-07-30,18:37.473,1H,B,James,Interceptions,,none,,,,,,,,
2026-07-30,18:47.289,1H,B,James,Off Target,,none,,,,,,,,
2026-07-30,18:46.289,1H,B,Xavier,Key Passes,,none,,,,,,,,
2026-07-30,18:49.261,1H,B,Gio,Goals,,none,none,0.8000,0.1370,,,0.0440,0.9500,right
2026-07-30,19:13.126,1H,B,Gio,Interceptions,,none,,,,,,,,
2026-07-30,19:17.050,1H,A,Jake,Interceptions,,none,,,,,,,,
2026-07-30,19:31.976,1H,A,Bailey,Off Target,,none,,,,,,,,
2026-07-30,19:30.976,1H,A,Amin,Key Passes,,none,,,,,,,,
2026-07-30,19:32.148,1H,B,Xavier,Blocks,,none,,,,,,,,
2026-07-30,19:33.458,1H,B,Xavier,Nutmegs,,none,,,,,,,,
2026-07-30,19:00.243,1H,A,Vijit,GK Removed,,,,,,,,,,
2026-07-30,19:00.243,1H,A,Alberto,GK On,,,,,,,,,,
2026-07-30,19:35.693,1H,A,Vijit,Goals,Bailey,highlight,none,0.7270,0.6900,0.7570,0.2380,0.9670,0.9500,left
2026-07-30,19:53.473,1H,A,Jake,Interceptions,,none,,,,,,,,
2026-07-30,20:05.915,1H,A,Jake,Interceptions,,none,,,,,,,,
2026-07-30,20:09.310,1H,A,Bailey,Interceptions,,none,,,,,,,,
2026-07-30,20:10.403,1H,B,Gio,Interceptions,,none,,,,,,,,
2026-07-30,20:19.221,1H,B,Xavier,Interceptions,,none,,,,,,,,
2026-07-30,20:21.697,1H,A,Vijit,Interceptions,,none,,,,,,,,
2026-07-30,20:25.111,1H,A,Amin,On Target,,none,,,,,,,,
2026-07-30,20:24.111,1H,A,Bailey,Key Passes,,none,,,,,,,,
2026-07-30,20:25.298,1H,B,Richard,Blocks,,none,,,,,,,,
2026-07-30,20:32.054,1H,B,Xavier,Interceptions,,none,,,,,,,,
2026-07-30,20:39.371,1H,B,Gio,Nutmegs,,none,,,,,,,,
2026-07-30,20:39.442,1H,A,Jake,Interceptions,,none,,,,,,,,
2026-07-30,20:41.786,1H,B,Xavier,Tackles,,none,,,,,,,,
2026-07-30,20:49.426,1H,A,Vijit,On Target,,none,,,,,,,,
2026-07-30,20:48.426,1H,A,Bailey,Key Passes,,none,,,,,,,,
2026-07-30,20:49.701,1H,B,Richard,Blocks,,none,,,,,,,,
2026-07-30,20:53.803,1H,B,James,Goals,Gio,none,none,0.8500,0.7730,0.4200,0.5100,0.8870,0.7430,right
2026-07-30,21:15.252,1H,A,Bailey,Nutmegs,,none,,,,,,,,
2026-07-30,21:15.252,1H,A,Bailey,Goals,Vijit,highlight,none,0.8320,0.8790,0.5000,0.4970,0.1880,0.6430,right
2026-07-30,21:23.137,1H,B,Ines,GK Removed,,,,,,,,,,
2026-07-30,21:23.137,1H,B,Richard,GK On,,,,,,,,,,
2026-07-30,21:50.566,1H,B,Xavier,On Target,,none,,,,,,,,
2026-07-30,21:49.566,1H,B,Gio,Key Passes,,none,,,,,,,,
2026-07-30,21:49.566,1H,B,Xavier,Nutmegs,,none,,,,,,,,
2026-07-30,21:53.057,1H,A,Alberto,GK Saves,,none,,,,,,,,
2026-07-30,22:05.406,1H,A,Jake,Tackles,,none,,,,,,,,
2026-07-30,22:09.237,1H,B,Ines,On Target,,none,,,,,,,,
2026-07-30,22:10.142,1H,A,Alberto,GK Saves,,none,,,,,,,,
2026-07-30,22:17.143,1H,B,James,Interceptions,,none,,,,,,,,
2026-07-30,22:19.109,1H,B,Gio,Goals,James,highlight,none,0.7300,0.2870,0.3740,0.8700,0.7460,0.7290,right
2026-07-30,22:47.010,1H,A,Jake,Off Target,,none,,,,,,,,
2026-07-30,22:46.010,1H,A,Vijit,Key Passes,,none,,,,,,,,
2026-07-30,23:02.036,1H,A,Vijit,Interceptions,,none,,,,,,,,
2026-07-30,23:14.724,1H,B,Ines,Tackles,,none,,,,,,,,
2026-07-30,23:20.362,1H,B,James,Goals,Ines,highlight,highlight,0.8140,0.8700,0.7250,0.4580,0.9550,0.6790,right
2026-07-30,23:47.445,1H,B,Richard,Interceptions,,none,,,,,,,,
2026-07-30,23:56.419,1H,B,James,On Target,,none,,,,,,,,
2026-07-30,23:55.419,1H,B,Gio,Key Passes,,none,,,,,,,,
2026-07-30,23:56.650,1H,A,Alberto,GK Saves,,none,,,,,,,,
2026-07-30,24:06.166,1H,B,Ines,Interceptions,,none,,,,,,,,
2026-07-30,24:07.626,1H,B,Ines,Off Target,,none,,,,,,,,
2026-07-30,24:18.696,1H,A,Bailey,On Target,,none,,,,,,,,
2026-07-30,24:17.696,1H,A,Jake,Key Passes,,none,,,,,,,,
2026-07-30,24:18.905,1H,B,Richard,GK Saves,,highlight,,,,,,,,
2026-07-30,24:25.722,1H,B,Ines,On Target,,none,,,,,,,,
2026-07-30,24:24.722,1H,B,James,Key Passes,,none,,,,,,,,
2026-07-30,24:25.888,1H,A,Amin,Blocks,,none,,,,,,,,
2026-07-30,24:27.057,1H,B,Ines,Interceptions,,none,,,,,,,,
2026-07-30,24:34.078,1H,B,Xavier,Interceptions,,none,,,,,,,,
2026-07-30,24:37.981,1H,A,Amin,Off Target,,none,,,,,,,,
2026-07-30,24:37.981,1H,A,Amin,Post,,none,,,,,,,,
2026-07-30,24:39.722,1H,A,Bailey,Off Target,,none,,,,,,,,
2026-07-30,24:45.790,1H,A,Vijit,Tackles,,none,,,,,,,,
2026-07-30,24:46.030,1H,A,Vijit,Nutmegs,,none,,,,,,,,
2026-07-30,24:47.591,1H,B,Xavier,Tackles,,none,,,,,,,,
2026-07-30,24:55.277,1H,B,Gio,Tackles,,none,,,,,,,,
2026-07-30,25:03.275,1H,A,Bailey,Interceptions,,none,,,,,,,,
2026-07-30,25:08.170,1H,B,Xavier,Off Target,,none,,,,,,,,
2026-07-30,25:07.170,1H,B,Ines,Key Passes,,none,,,,,,,,
2026-07-30,25:32.938,1H,A,Jake,Interceptions,,none,,,,,,,,
2026-07-30,25:37.924,1H,B,Xavier,Interceptions,,none,,,,,,,,
2026-07-30,25:50.116,1H,B,Xavier,Off Target,,none,,,,,,,,
2026-07-30,25:49.116,1H,B,Richard,Key Passes,,none,,,,,,,,
2026-07-30,25:42.116,1H,B,Richard,GK Removed,,,,,,,,,,
2026-07-30,25:42.116,1H,B,Gio,GK On,,,,,,,,,,
2026-07-30,26:13.241,1H,A,Bailey,Interceptions,,none,,,,,,,,
2026-07-30,26:13.340,1H,A,Bailey,On Target,,none,,,,,,,,
2026-07-30,26:13.419,1H,B,Gio,GK Saves,,none,,,,,,,,
2026-07-30,26:20.987,1H,B,Gio,GK Removed,,,,,,,,,,
2026-07-30,26:20.987,1H,B,Ines,GK On,,,,,,,,,,
2026-07-30,26:31.941,1H,B,Gio,Tackles,,none,,,,,,,,
2026-07-30,26:34.030,1H,A,Vijit,Interceptions,,none,,,,,,,,
2026-07-30,26:36.167,1H,B,James,Interceptions,,none,,,,,,,,
2026-07-30,26:41.175,1H,B,Gio,Tackles,,none,,,,,,,,
2026-07-30,26:39.616,1H,A,Bailey,Key Passes,,none,,,,,,,,
2026-07-30,26:50.585,1H,A,Bailey,Interceptions,,none,,,,,,,,
2026-07-30,26:53.318,1H,B,Gio,On Target,,none,,,,,,,,
2026-07-30,26:53.686,1H,A,Alberto,GK Saves,,none,,,,,,,,
2026-07-30,26:58.714,1H,B,Richard,Interceptions,,none,,,,,,,,
2026-07-30,27:05.055,1H,A,Vijit,Interceptions,,none,,,,,,,,
2026-07-30,27:19.767,1H,B,James,Nutmegs,,none,,,,,,,,
2026-07-30,27:19.767,1H,B,Richard,Goals,James,highlight,none,0.8050,0.8440,0.4630,0.5890,0.8850,0.7070,right
2026-07-30,27:34.229,2H,A,Alberto,GK Removed,,,,,,,,,,
2026-07-30,27:34.229,2H,A,Bailey,GK On,,,,,,,,,,
2026-07-30,27:38.079,2H,B,James,Nutmegs,,none,,,,,,,,
2026-07-30,27:43.194,2H,A,Alberto,Tackles,,none,,,,,,,,
2026-07-30,27:51.621,2H,A,Jake,Tackles,,none,,,,,,,,
2026-07-30,27:52.951,2H,B,Xavier,Interceptions,,none,,,,,,,,
2026-07-30,28:01.705,2H,A,Jake,Tackles,,none,,,,,,,,
2026-07-30,28:12.425,2H,B,Xavier,Interceptions,,none,,,,,,,,
2026-07-30,28:20.192,2H,B,Gio,Tackles,,none,,,,,,,,
2026-07-30,28:26.523,2H,A,Jake,Tackles,,none,,,,,,,,
2026-07-30,28:28.802,2H,B,Xavier,Interceptions,,none,,,,,,,,
2026-07-30,28:31.383,2H,A,Jake,Off Target,,none,,,,,,,,
2026-07-30,28:37.979,2H,A,Alberto,Interceptions,,none,,,,,,,,
2026-07-30,28:39.316,2H,A,Alberto,Off Target,,none,,,,,,,,
2026-07-30,28:39.881,2H,B,Ines,GK Saves,,none,,,,,,,,
2026-07-30,28:47.811,2H,A,Amin,Interceptions,,none,,,,,,,,
2026-07-30,28:51.847,2H,A,Jake,Off Target,,none,,,,,,,,
2026-07-30,29:05.333,2H,A,Amin,Interceptions,,none,,,,,,,,
2026-07-30,29:19.258,2H,B,Richard,Interceptions,,none,,,,,,,,
2026-07-30,29:26.617,2H,A,Alberto,Tackles,,none,,,,,,,,
2026-07-30,29:35.911,2H,A,Amin,Off Target,,none,,,,,,,,
2026-07-30,29:34.911,2H,A,Bailey,Key Passes,,none,,,,,,,,
2026-07-30,29:34.911,2H,A,Amin,Nutmegs,,none,,,,,,,,
2026-07-30,29:44.570,2H,A,Jake,Interceptions,,none,,,,,,,,
2026-07-30,29:46.086,2H,A,Amin,On Target,,none,,,,,,,,
2026-07-30,29:45.086,2H,A,Jake,Key Passes,,none,,,,,,,,
2026-07-30,29:46.299,2H,B,Richard,Blocks,,none,,,,,,,,
2026-07-30,29:54.732,2H,B,Gio,Off Target,,none,,,,,,,,
2026-07-30,29:53.732,2H,B,James,Key Passes,,none,,,,,,,,
2026-07-30,30:03.438,2H,A,Amin,Off Target,,none,,,,,,,,
2026-07-30,30:02.438,2H,A,Alberto,Key Passes,,none,,,,,,,,
2026-07-30,30:02.438,2H,A,Amin,Nutmegs,,none,,,,,,,,
2026-07-30,30:22.961,2H,A,Amin,Interceptions,,none,,,,,,,,
2026-07-30,30:27.414,2H,A,Amin,Interceptions,,none,,,,,,,,
2026-07-30,30:32.883,2H,B,Xavier,Tackles,,none,,,,,,,,
2026-07-30,30:40.621,2H,A,Jake,Interceptions,,none,,,,,,,,
2026-07-30,30:46.362,2H,B,Xavier,Interceptions,,none,,,,,,,,
2026-07-30,30:57.331,2H,B,James,On Target,,none,,,,,,,,
2026-07-30,30:56.331,2H,B,Richard,Key Passes,,none,,,,,,,,
2026-07-30,30:57.581,2H,A,Bailey,GK Saves,,none,,,,,,,,
2026-07-30,30:59.109,2H,B,Gio,Nutmegs,,none,,,,,,,,
2026-07-30,30:59.109,2H,B,Gio,Goals,,none,none,0.8070,0.7470,,,0.6200,0.9930,right
2026-07-30,31:32.834,2H,B,Xavier,Goals,,highlight,none,0.7780,0.2210,,,0.1650,0.5790,right
2026-07-30,31:57.352,2H,A,Vijit,On Target,,none,,,,,,,,
2026-07-30,31:56.352,2H,A,Jake,Key Passes,,none,,,,,,,,
2026-07-30,31:56.352,2H,A,Vijit,Nutmegs,,none,,,,,,,,
2026-07-30,31:57.466,2H,B,Ines,GK Saves,,none,,,,,,,,
2026-07-30,32:10.091,2H,B,Xavier,Off Target,,none,,,,,,,,
2026-07-30,32:20.883,2H,A,Amin,On Target,,none,,,,,,,,
2026-07-30,32:19.883,2H,A,Alberto,Key Passes,,none,,,,,,,,
2026-07-30,32:21.541,2H,B,Ines,GK Saves,,none,,,,,,,,
2026-07-30,32:31.132,2H,A,Vijit,Interceptions,,none,,,,,,,,
2026-07-30,32:32.010,2H,B,Richard,Tackles,,none,,,,,,,,
2026-07-30,32:36.739,2H,B,Xavier,Off Target,,none,,,,,,,,
2026-07-30,32:35.739,2H,B,Richard,Key Passes,,none,,,,,,,,
2026-07-30,32:36.739,2H,B,Xavier,Post,,none,,,,,,,,
2026-07-30,32:39.553,2H,B,Xavier,On Target,,none,,,,,,,,
2026-07-30,32:39.655,2H,A,Alberto,Blocks,,none,,,,,,,,
2026-07-30,32:46.063,2H,A,Vijit,Off Target,,none,,,,,,,,
2026-07-30,32:45.063,2H,A,Jake,Key Passes,,none,,,,,,,,
2026-07-30,33:01.310,2H,A,Jake,Tackles,,none,,,,,,,,
2026-07-30,33:03.902,2H,A,Jake,Off Target,,none,,,,,,,,
2026-07-30,33:05.448,2H,A,Vijit,Goals,,highlight,none,0.8370,0.0850,,,0.6250,0.5290,left
2026-07-30,33:25.745,2H,A,Alberto,Tackles,,none,,,,,,,,
2026-07-30,33:29.994,2H,A,Jake,Tackles,,none,,,,,,,,
2026-07-30,33:34.638,2H,A,Amin,Tackles,,none,,,,,,,,
2026-07-30,33:38.582,2H,A,Amin,On Target,,none,,,,,,,,
2026-07-30,33:37.582,2H,A,Vijit,Key Passes,,none,,,,,,,,
2026-07-30,33:38.744,2H,B,Ines,GK Saves,,none,,,,,,,,
2026-07-30,33:40.205,2H,B,Xavier,Interceptions,,none,,,,,,,,
2026-07-30,33:45.112,2H,B,Richard,On Target,,none,,,,,,,,
2026-07-30,33:44.112,2H,B,James,Key Passes,,none,,,,,,,,
2026-07-30,33:45.198,2H,A,Alberto,Blocks,,none,,,,,,,,
2026-07-30,33:49.707,2H,A,Bailey,Moment,,lowlight,,,,,,,,
2026-07-30,33:49.708,2H,A,Bailey,OG,,none,,,,,,,,
2026-07-30,33:59.440,2H,A,Bailey,GK Removed,,,,,,,,,,
2026-07-30,33:59.440,2H,A,Alberto,GK On,,,,,,,,,,
2026-07-30,34:02.439,2H,B,Ines,GK Removed,,,,,,,,,,
2026-07-30,34:02.439,2H,B,Xavier,GK On,,,,,,,,,,
2026-07-30,34:52.655,2H,A,Jake,Off Target,,none,,,,,,,,
2026-07-30,34:51.655,2H,A,Bailey,Key Passes,,none,,,,,,,,
2026-07-30,34:56.687,2H,A,Bailey,Interceptions,,none,,,,,,,,
2026-07-30,35:16.326,2H,A,Amin,On Target,,none,,,,,,,,
2026-07-30,35:15.326,2H,A,Jake,Key Passes,,none,,,,,,,,
2026-07-30,35:16.777,2H,B,Gio,Blocks,,none,,,,,,,,
2026-07-30,35:17.713,2H,A,Bailey,On Target,,none,,,,,,,,
2026-07-30,35:18.054,2H,B,Xavier,GK Saves,,none,,,,,,,,
2026-07-30,35:21.862,2H,A,Amin,Interceptions,,none,,,,,,,,
2026-07-30,35:37.810,2H,A,Jake,Nutmegs,,none,,,,,,,,
2026-07-30,35:39.851,2H,A,Amin,On Target,,none,,,,,,,,
2026-07-30,35:38.851,2H,A,Jake,Key Passes,,none,,,,,,,,
2026-07-30,35:40.132,2H,B,Xavier,GK Saves,,none,,,,,,,,
2026-07-30,35:40.734,2H,A,Bailey,On Target,,none,,,,,,,,
2026-07-30,35:41.091,2H,B,Xavier,GK Saves,,none,,,,,,,,
2026-07-30,35:42.491,2H,A,Amin,Goals,,highlight,none,0.9190,0.1510,,,0.2490,0.2640,left
2026-07-30,36:00.542,2H,B,James,On Target,,none,,,,,,,,
2026-07-30,35:59.542,2H,B,Richard,Key Passes,,none,,,,,,,,
2026-07-30,36:00.904,2H,A,Alberto,GK Saves,,none,,,,,,,,
2026-07-30,36:10.049,2H,A,Jake,Interceptions,,none,,,,,,,,
2026-07-30,36:14.638,2H,B,Richard,Interceptions,,none,,,,,,,,
2026-07-30,36:21.473,2H,B,Richard,Interceptions,,none,,,,,,,,
2026-07-30,36:22.958,2H,A,Vijit,Nutmegs,,none,,,,,,,,
2026-07-30,36:30.750,2H,A,Jake,Interceptions,,none,,,,,,,,
2026-07-30,36:39.200,2H,A,Jake,Off Target,,none,,,,,,,,
2026-07-30,36:38.200,2H,A,Bailey,Key Passes,,none,,,,,,,,
2026-07-30,36:39.317,2H,B,James,Blocks,,none,,,,,,,,
2026-07-30,37:07.287,2H,B,Richard,Interceptions,,none,,,,,,,,
2026-07-30,37:11.267,2H,B,Ines,Off Target,,none,,,,,,,,
2026-07-30,37:11.267,2H,B,Ines,Post,,none,,,,,,,,
2026-07-30,37:36.484,2H,B,Richard,Interceptions,,none,,,,,,,,
2026-07-30,37:47.894,2H,A,Bailey,Interceptions,,none,,,,,,,,
2026-07-30,37:49.324,2H,A,Alberto,GK Saves,,none,,,,,,,,
2026-07-30,37:57.293,2H,B,Ines,Interceptions,,none,,,,,,,,
2026-07-30,38:04.768,2H,A,Amin,Interceptions,,none,,,,,,,,
2026-07-30,38:23.198,2H,B,Gio,Interceptions,,none,,,,,,,,
2026-07-30,38:28.075,2H,A,Jake,Tackles,,none,,,,,,,,
2026-07-30,38:29.048,2H,B,Ines,Interceptions,,none,,,,,,,,
2026-07-30,38:36.460,2H,A,Jake,Tackles,,none,,,,,,,,
2026-07-30,38:39.694,2H,A,Amin,Interceptions,,none,,,,,,,,
2026-07-30,38:46.787,2H,A,Bailey,Nutmegs,,none,,,,,,,,
2026-07-30,38:48.429,2H,B,James,Interceptions,,none,,,,,,,,
2026-07-30,38:52.404,2H,B,Ines,On Target,,none,,,,,,,,
2026-07-30,38:51.404,2H,B,James,Key Passes,,none,,,,,,,,
2026-07-30,38:52.548,2H,A,Amin,Blocks,,none,,,,,,,,
2026-07-30,38:56.846,2H,B,James,Nutmegs,,none,,,,,,,,
2026-07-30,38:56.846,2H,B,James,Goals,,none,none,0.6430,0.7300,,,0.2350,0.9860,right
2026-07-30,39:19.935,2H,B,Gio,Interceptions,,none,,,,,,,,
2026-07-30,39:21.245,2H,A,Jake,Interceptions,,none,,,,,,,,
2026-07-30,39:14.798,2H,A,Alberto,GK Removed,,,,,,,,,,
2026-07-30,39:14.798,2H,A,Vijit,GK On,,,,,,,,,,
2026-07-30,39:15.804,2H,B,Xavier,GK Removed,,,,,,,,,,
2026-07-30,39:15.804,2H,B,Ines,GK On,,,,,,,,,,
2026-07-30,39:26.168,2H,A,Jake,Nutmegs,,none,,,,,,,,
2026-07-30,39:26.312,2H,B,Richard,Interceptions,,none,,,,,,,,
2026-07-30,39:31.054,2H,A,Alberto,Tackles,,none,,,,,,,,
2026-07-30,39:41.380,2H,B,Gio,On Target,,none,,,,,,,,
2026-07-30,39:40.380,2H,B,Richard,Key Passes,,none,,,,,,,,
2026-07-30,39:41.617,2H,A,Vijit,GK Saves,,none,,,,,,,,
2026-07-30,39:47.344,2H,B,Gio,Nutmegs,,none,,,,,,,,
2026-07-30,39:47.494,2H,A,Bailey,Interceptions,,none,,,,,,,,
2026-07-30,39:57.557,2H,B,Gio,On Target,,none,,,,,,,,
2026-07-30,39:56.557,2H,B,Richard,Key Passes,,none,,,,,,,,
2026-07-30,39:58.014,2H,A,Vijit,GK Saves,,none,,,,,,,,
2026-07-30,40:18.195,2H,A,Jake,Interceptions,,none,,,,,,,,
2026-07-30,40:48.977,2H,A,Jake,Interceptions,,none,,,,,,,,
2026-07-30,40:50.925,2H,B,Xavier,Interceptions,,none,,,,,,,,
2026-07-30,40:53.402,2H,B,Xavier,On Target,,none,,,,,,,,
2026-07-30,40:53.480,2H,A,Jake,Blocks,,none,,,,,,,,
2026-07-30,41:08.734,2H,A,Amin,Off Target,,none,,,,,,,,
2026-07-30,41:07.734,2H,A,Alberto,Key Passes,,none,,,,,,,,
2026-07-30,41:10.333,2H,A,Bailey,Goals,,highlight,none,0.8250,0.3390,,,0.3830,0.4500,header
2026-07-30,41:38.428,2H,A,Amin,Interceptions,,none,,,,,,,,
2026-07-30,41:43.925,2H,A,Bailey,Nutmegs,,none,,,,,,,,
2026-07-30,41:43.925,2H,A,Bailey,Goals,Amin,highlight,none,0.7550,0.1460,0.3010,0.0940,0.6800,0.5790,left
2026-07-30,42:05.524,2H,B,James,On Target,,none,,,,,,,,
2026-07-30,42:04.524,2H,B,Gio,Key Passes,,none,,,,,,,,
2026-07-30,42:05.615,2H,A,Amin,Blocks,,none,,,,,,,,
2026-07-30,42:10.573,2H,B,Xavier,Interceptions,,none,,,,,,,,
2026-07-30,42:18.220,2H,B,Gio,Nutmegs,,none,,,,,,,,
2026-07-30,42:47.455,2H,A,Jake,Tackles,,none,,,,,,,,
2026-07-30,42:43.103,2H,B,Gio,Nutmegs,,none,,,,,,,,
2026-07-30,43:00.653,2H,B,Richard,Interceptions,,none,,,,,,,,
2026-07-30,43:10.875,2H,B,Gio,Tackles,,none,,,,,,,,
2026-07-30,43:12.996,2H,B,Gio,Off Target,,none,,,,,,,,
2026-07-30,43:12.996,2H,B,Gio,Post,,none,,,,,,,,
2026-07-30,43:15.623,2H,B,Gio,Off Target,,none,,,,,,,,
2026-07-30,43:23.398,2H,B,James,Off Target,,none,,,,,,,,
2026-07-30,43:22.398,2H,B,Gio,Key Passes,,none,,,,,,,,
2026-07-30,43:26.094,2H,A,Vijit,GK Saves,,none,,,,,,,,
2026-07-30,43:33.075,2H,B,James,Interceptions,,none,,,,,,,,
2026-07-30,43:38.860,2H,A,Jake,Interceptions,,none,,,,,,,,
2026-07-30,43:40.864,2H,B,James,On Target,,none,,,,,,,,
2026-07-30,43:41.084,2H,A,Vijit,GK Saves,,none,,,,,,,,
2026-07-30,43:45.851,2H,B,Xavier,Interceptions,,none,,,,,,,,
2026-07-30,43:49.559,2H,A,Jake,Tackles,,none,,,,,,,,
2026-07-30,43:54.144,2H,A,Amin,On Target,,none,,,,,,,,
2026-07-30,43:53.144,2H,A,Jake,Key Passes,,none,,,,,,,,
2026-07-30,43:54.332,2H,B,Ines,GK Saves,,none,,,,,,,,
2026-07-30,44:05.397,2H,B,Gio,Nutmegs,,none,,,,,,,,
2026-07-30,44:05.397,2H,B,James,Goals,Gio,none,none,0.7570,0.3000,0.5360,0.6640,0.1280,0.7500,right
2026-07-30,44:31.139,2H,B,Xavier,Tackles,,none,,,,,,,,
2026-07-30,44:45.975,2H,B,James,Interceptions,,none,,,,,,,,
2026-07-30,44:50.499,2H,A,Jake,Tackles,,none,,,,,,,,
2026-07-30,44:51.848,2H,A,Jake,Tackles,,none,,,,,,,,
2026-07-30,44:57.227,2H,B,Gio,Interceptions,,none,,,,,,,,
2026-07-30,45:11.344,2H,B,James,Interceptions,,none,,,,,,,,
2026-07-30,45:19.989,2H,A,Amin,Interceptions,,none,,,,,,,,
2026-07-30,45:35.374,2H,B,Richard,Interceptions,,none,,,,,,,,
2026-07-30,45:42.591,2H,B,James,Off Target,,none,,,,,,,,
2026-07-30,45:41.591,2H,B,Gio,Key Passes,,none,,,,,,,,
2026-07-30,45:41.591,2H,B,James,Nutmegs,,none,,,,,,,,
2026-07-30,45:45.450,2H,B,Gio,On Target,,none,,,,,,,,
2026-07-30,45:44.450,2H,B,James,Key Passes,,none,,,,,,,,
2026-07-30,45:45.773,2H,A,Vijit,GK Saves,,none,,,,,,,,
2026-07-30,45:48.564,2H,B,Gio,On Target,,none,,,,,,,,
2026-07-30,45:48.860,2H,A,Vijit,GK Saves,,none,,,,,,,,
2026-07-30,45:49.979,2H,B,Gio,On Target,,none,,,,,,,,
2026-07-30,45:50.223,2H,A,Vijit,GK Saves,,none,,,,,,,,
2026-07-30,45:45.757,2H,A,Vijit,Moment,,highlight,,,,,,,,
2026-07-30,46:04.637,2H,B,Gio,Interceptions,,none,,,,,,,,
2026-07-30,46:11.316,2H,B,Richard,Interceptions,,none,,,,,,,,
2026-07-30,46:14.029,2H,B,Gio,On Target,,none,,,,,,,,
2026-07-30,46:13.029,2H,B,Richard,Key Passes,,none,,,,,,,,
2026-07-30,46:14.263,2H,A,Vijit,GK Saves,,none,,,,,,,,
2026-07-30,46:16.926,2H,B,Richard,Off Target,,none,,,,,,,,
2026-07-30,46:15.926,2H,B,Gio,Key Passes,,none,,,,,,,,
2026-07-30,46:16.926,2H,B,Richard,Post,,none,,,,,,,,
2026-07-30,46:18.506,2H,B,James,On Target,,none,,,,,,,,
2026-07-30,46:18.727,2H,A,Vijit,GK Saves,,none,,,,,,,,
2026-07-30,46:39.143,2H,B,Xavier,Tackles,,none,,,,,,,,
2026-07-30,46:44.398,2H,B,James,Off Target,,none,,,,,,,,
2026-07-30,46:43.398,2H,B,Gio,Key Passes,,none,,,,,,,,
2026-07-30,46:47.616,2H,A,Amin,Tackles,,none,,,,,,,,
2026-07-30,46:52.540,2H,B,Richard,Interceptions,,none,,,,,,,,
2026-07-30,46:54.532,2H,A,Alberto,Interceptions,,none,,,,,,,,
2026-07-30,47:04.806,2H,A,Amin,Interceptions,,none,,,,,,,,
2026-07-30,47:08.706,2H,A,Amin,Interceptions,,none,,,,,,,,
2026-07-30,47:31.877,2H,A,Jake,Interceptions,,none,,,,,,,,
2026-07-30,47:39.805,2H,B,Gio,Off Target,,none,,,,,,,,
2026-07-30,47:40.249,2H,A,Vijit,GK Saves,,none,,,,,,,,
2026-07-30,47:50.221,2H,A,Bailey,On Target,,none,,,,,,,,
2026-07-30,47:49.221,2H,A,Alberto,Key Passes,,none,,,,,,,,
2026-07-30,47:50.312,2H,B,Richard,Blocks,,none,,,,,,,,
2026-07-30,48:03.396,2H,A,Jake,Tackles,,none,,,,,,,,
2026-07-30,48:13.028,2H,B,Xavier,Interceptions,,none,,,,,,,,
2026-07-30,48:14.186,2H,A,Amin,On Target,,none,,,,,,,,
2026-07-30,48:14.803,2H,B,Ines,GK Saves,,none,,,,,,,,
2026-07-30,48:40.582,2H,B,Richard,Key Passes,,none,,,,,,,,
2026-07-30,48:50.818,2H,B,Richard,Interceptions,,none,,,,,,,,
2026-07-30,49:08.058,2H,B,James,On Target,,none,,,,,,,,
2026-07-30,49:07.058,2H,B,Gio,Key Passes,,none,,,,,,,,
2026-07-30,49:08.202,2H,A,Jake,Blocks,,none,,,,,,,,
2026-07-30,49:17.997,2H,B,Richard,Interceptions,,none,,,,,,,,
2026-07-30,49:31.777,2H,A,Jake,Interceptions,,none,,,,,,,,
2026-07-30,49:39.921,2H,B,Xavier,Tackles,,none,,,,,,,,
2026-07-30,49:46.898,2H,A,Jake,Interceptions,,none,,,,,,,,
2026-07-30,50:01.791,2H,B,Ines,GK Removed,,,,,,,,,,
2026-07-30,50:01.791,2H,B,Richard,GK On,,,,,,,,,,
2026-07-30,50:02.372,2H,B,Ines,Moment,,lowlight,,,,,,,,
2026-07-30,50:08.948,2H,B,Xavier,Tackles,,none,,,,,,,,
2026-07-30,50:18.414,2H,A,Bailey,Goals,Jake,none,highlight,0.7910,0.2950,0.5520,0.6640,0.6500,0.6790,left
2026-07-30,50:57.517,2H,A,Vijit,GK Removed,,,,,,,,,,
2026-07-30,50:57.517,2H,A,Jake,GK On,,,,,,,,,,
2026-07-30,51:17.166,2H,A,Vijit,Tackles,,none,,,,,,,,
2026-07-30,51:34.446,2H,B,Richard,Interceptions,,none,,,,,,,,
2026-07-30,51:43.574,2H,A,Amin,Interceptions,,none,,,,,,,,
2026-07-30,51:45.223,2H,B,Xavier,Interceptions,,none,,,,,,,,
2026-07-30,51:49.254,2H,A,Amin,Interceptions,,none,,,,,,,,
2026-07-30,51:54.346,2H,A,Alberto,On Target,,none,,,,,,,,
2026-07-30,51:53.346,2H,A,Bailey,Key Passes,,none,,,,,,,,
2026-07-30,51:54.585,2H,B,Richard,GK Saves,,none,,,,,,,,
2026-07-30,52:00.822,2H,A,Amin,Interceptions,,none,,,,,,,,
2026-07-30,52:02.037,2H,A,Amin,Interceptions,,none,,,,,,,,
2026-07-30,52:04.103,2H,A,Amin,Tackles,,none,,,,,,,,
2026-07-30,52:06.375,2H,A,Vijit,Tackles,,none,,,,,,,,
2026-07-30,52:23.195,2H,A,Vijit,Interceptions,,none,,,,,,,,
2026-07-30,52:36.331,2H,A,Vijit,Tackles,,none,,,,,,,,
2026-07-30,52:53.553,2H,A,Amin,On Target,,none,,,,,,,,
2026-07-30,52:53.906,2H,B,Richard,GK Saves,,none,,,,,,,,
2026-07-30,52:59.338,2H,A,Amin,Off Target,,none,,,,,,,,
2026-07-30,53:13.210,2H,B,James,Nutmegs,,none,,,,,,,,
2026-07-30,53:21.254,2H,A,Amin,Interceptions,,none,,,,,,,,
2026-07-30,53:27.832,2H,A,Alberto,Interceptions,,none,,,,,,,,
2026-07-30,53:40.318,2H,B,Xavier,Tackles,,none,,,,,,,,
2026-07-30,54:02.089,2H,A,Vijit,Interceptions,,none,,,,,,,,
2026-07-30,54:09.873,2H,B,Gio,Interceptions,,none,,,,,,,,
2026-07-30,54:13.148,2H,B,Gio,On Target,,none,,,,,,,,
2026-07-30,54:13.689,2H,A,Jake,GK Saves,,none,,,,,,,,
2026-07-30,54:15.771,2H,B,Gio,Interceptions,,none,,,,,,,,
2026-07-30,54:20.674,2H,A,Bailey,Nutmegs,,none,,,,,,,,
2026-07-30,54:21.629,2H,A,Amin,On Target,,none,,,,,,,,
2026-07-30,54:20.629,2H,A,Bailey,Key Passes,,none,,,,,,,,
2026-07-30,54:22.036,2H,B,Richard,GK Saves,,none,,,,,,,,
2026-07-30,54:28.353,2H,A,Alberto,Interceptions,,none,,,,,,,,
2026-07-30,54:38.451,2H,A,Alberto,Tackles,,none,,,,,,,,
2026-07-30,54:41.719,2H,B,Xavier,Off Target,,none,,,,,,,,
2026-07-30,54:40.719,2H,B,Ines,Key Passes,,none,,,,,,,,
2026-07-30,54:57.775,2H,A,Alberto,Interceptions,,none,,,,,,,,
2026-07-30,54:59.498,2H,B,Xavier,Interceptions,,none,,,,,,,,
2026-07-30,55:00.444,2H,B,Xavier,Off Target,,none,,,,,,,,
2026-07-30,55:07.103,2H,B,Gio,On Target,,none,,,,,,,,
2026-07-30,55:07.283,2H,A,Alberto,Blocks,,none,,,,,,,,
2026-07-30,55:11.818,2H,B,Xavier,Interceptions,,none,,,,,,,,
2026-07-30,55:20.458,2H,B,Ines,On Target,,none,,,,,,,,
2026-07-30,55:20.571,2H,A,Vijit,Blocks,,none,,,,,,,,
2026-07-30,55:26.026,2H,A,Alberto,Interceptions,,none,,,,,,,,
2026-07-30,55:26.532,2H,B,James,Interceptions,,none,,,,,,,,
2026-07-30,55:35.868,2H,A,Bailey,Interceptions,,none,,,,,,,,
2026-08-06,0:00.439,1H,A,James,GK On,,,,,,,,,,
2026-08-06,0:00.439,1H,B,Xavier,GK On,,,,,,,,,,
2026-08-06,0:11.510,1H,B,Austin,Off Target,,none,,,,,,,,
2026-08-06,0:12.781,1H,B,Richard,Interceptions,,none,,,,,,,,
2026-08-06,0:19.774,1H,B,Lachlan,Off Target,,lowlight,,,,,,,,
2026-08-06,0:18.774,1H,B,Austin,Key Passes,,none,,,,,,,,
2026-08-06,0:20.048,1H,A,Amin,Blocks,,none,,,,,,,,
2026-08-06,0:21.530,1H,B,Austin,Goals,,highlight,none,0.6250,0.2320,,,0.4220,0.5550,right
2026-08-06,0:42.408,1H,A,Jake,On Target,,none,,,,,,,,
2026-08-06,0:42.696,1H,B,Lachlan,Blocks,,none,,,,,,,,
2026-08-06,0:44.649,1H,A,Jake,Off Target,,none,,,,,,,,
2026-08-06,0:55.896,1H,A,Amin,Tackles,,none,,,,,,,,
2026-08-06,0:57.073,1H,A,Amin,Goals,,highlight,none,0.5840,0.1510,,,0.6070,0.6360,left
2026-08-06,1:16.206,1H,A,Gio,Interceptions,,none,,,,,,,,
2026-08-06,1:19.879,1H,B,Richard,Moment,,lowlight,,,,,,,,
2026-08-06,1:21.305,1H,A,Gio,Goals,,none,none,0.8440,0.3390,,,0.7870,0.7360,right
2026-08-06,1:44.369,1H,A,Vijit,Interceptions,,none,,,,,,,,
2026-08-06,1:45.748,1H,B,Austin,Off Target,,none,,,,,,,,
2026-08-06,1:47.434,1H,B,Richard,Interceptions,,none,,,,,,,,
2026-08-06,1:55.737,1H,A,Amin,Off Target,,none,,,,,,,,
2026-08-06,1:54.737,1H,A,James,Key Passes,,none,,,,,,,,
2026-08-06,1:55.737,1H,A,Amin,Post,,none,,,,,,,,
2026-08-06,2:17.434,1H,B,Lachlan,Interceptions,,none,,,,,,,,
2026-08-06,2:23.693,1H,A,Gio,Interceptions,,none,,,,,,,,
2026-08-06,2:29.558,1H,B,Richard,Interceptions,,none,,,,,,,,
2026-08-06,2:35.511,1H,A,Amin,Goals,Jake,none,highlight,0.8480,0.1070,0.2850,0.4050,0.5040,0.3430,left
2026-08-06,2:49.100,1H,B,Austin,Off Target,,none,,,,,,,,
2026-08-06,3:02.131,1H,B,Richard,Off Target,,none,,,,,,,,
2026-08-06,3:04.086,1H,A,Jake,Interceptions,,none,,,,,,,,
2026-08-06,3:13.156,1H,A,Amin,Interceptions,,none,,,,,,,,
2026-08-06,3:19.319,1H,B,Austin,Tackles,,none,,,,,,,,
2026-08-06,3:49.659,1H,B,Richard,Goals,Alberto,highlight,highlight,0.7910,0.1680,0.7110,0.9580,0.7020,0.3140,right
2026-08-06,4:09.654,1H,A,Amin,Nutmegs,,none,,,,,,,,
2026-08-06,4:10.250,1H,B,Richard,Interceptions,,none,,,,,,,,
2026-08-06,4:11.558,1H,A,Vijit,Tackles,,none,,,,,,,,
2026-08-06,4:16.937,1H,A,Vijit,Nutmegs,,none,,,,,,,,
2026-08-06,4:16.937,1H,A,Vijit,Goals,Amin,highlight,highlight,0.8550,0.6640,0.6180,0.1810,0.7550,0.9930,left
2026-08-06,4:32.768,1H,B,Xavier,GK Removed,,,,,,,,,,
2026-08-06,4:32.768,1H,B,Richard,GK On,,,,,,,,,,
2026-08-06,5:02.018,1H,A,Amin,Interceptions,,none,,,,,,,,
2026-08-06,5:07.719,1H,A,Gio,Goals,Amin,none,none,0.8320,0.5150,0.9550,0.1900,0.5040,0.9860,right
2026-08-06,5:26.377,1H,A,Vijit,Interceptions,,none,,,,,,,,
2026-08-06,5:29.851,1H,A,Jake,Tackles,,none,,,,,,,,
2026-08-06,5:32.032,1H,B,Xavier,Off Target,,none,,,,,,,,
2026-08-06,5:32.337,1H,A,Gio,Blocks,,none,,,,,,,,
2026-08-06,5:34.551,1H,B,Lachlan,On Target,,none,,,,,,,,
2026-08-06,5:34.688,1H,A,James,GK Saves,,none,,,,,,,,
2026-08-06,5:39.478,1H,B,Austin,Interceptions,,none,,,,,,,,
2026-08-06,5:48.174,1H,B,Alberto,Interceptions,,none,,,,,,,,
2026-08-06,5:59.442,1H,A,Vijit,Tackles,,none,,,,,,,,
2026-08-06,6:10.897,1H,B,Xavier,Interceptions,,none,,,,,,,,
2026-08-06,6:15.811,1H,B,Lachlan,On Target,,none,,,,,,,,
2026-08-06,6:14.811,1H,B,Austin,Key Passes,,none,,,,,,,,
2026-08-06,6:16.219,1H,A,James,GK Saves,,none,,,,,,,,
2026-08-06,6:25.408,1H,B,Xavier,Tackles,,none,,,,,,,,
2026-08-06,6:29.169,1H,A,Gio,Interceptions,,none,,,,,,,,
2026-08-06,6:57.614,1H,B,Xavier,Interceptions,,none,,,,,,,,
2026-08-06,7:13.241,1H,B,Alberto,Off Target,,none,,,,,,,,
2026-08-06,7:12.241,1H,B,Xavier,Key Passes,,none,,,,,,,,
2026-08-06,7:13.721,1H,A,James,GK Saves,,none,,,,,,,,
2026-08-06,7:15.030,1H,B,Lachlan,Off Target,,none,,,,,,,,
2026-08-06,7:20.417,1H,B,Alberto,Interceptions,,none,,,,,,,,
2026-08-06,7:25.661,1H,A,Amin,Off Target,,none,,,,,,,,
2026-08-06,7:24.661,1H,A,James,Key Passes,,none,,,,,,,,
2026-08-06,7:28.362,1H,A,Gio,On Target,,none,,,,,,,,
2026-08-06,7:28.433,1H,B,Xavier,Blocks,,none,,,,,,,,
2026-08-06,7:38.910,1H,A,James,Interceptions,,none,,,,,,,,
2026-08-06,7:41.502,1H,B,Xavier,Tackles,,none,,,,,,,,
2026-08-06,7:45.558,1H,A,Gio,Tackles,,none,,,,,,,,
2026-08-06,7:48.122,1H,A,Gio,Nutmegs,,none,,,,,,,,
2026-08-06,7:48.971,1H,B,Xavier,Interceptions,,none,,,,,,,,
2026-08-06,7:52.289,1H,A,Gio,On Target,,none,,,,,,,,
2026-08-06,7:52.501,1H,B,Richard,GK Saves,,none,,,,,,,,
2026-08-06,7:56.113,1H,B,Xavier,Interceptions,,none,,,,,,,,
2026-08-06,7:59.090,1H,A,Amin,Interceptions,,none,,,,,,,,
2026-08-06,8:02.242,1H,A,Gio,On Target,,none,,,,,,,,
2026-08-06,8:01.242,1H,A,Amin,Key Passes,,none,,,,,,,,
2026-08-06,8:02.582,1H,B,Richard,GK Saves,,none,,,,,,,,
2026-08-06,8:09.192,1H,A,Vijit,Tackles,,none,,,,,,,,
2026-08-06,8:09.192,1H,A,Vijit,Nutmegs,,none,,,,,,,,
2026-08-06,8:23.238,1H,B,Austin,Interceptions,,none,,,,,,,,
2026-08-06,8:25.112,1H,A,Jake,Interceptions,,none,,,,,,,,
2026-08-06,8:32.227,1H,A,Amin,Tackles,,none,,,,,,,,
2026-08-06,8:37.860,1H,A,Jake,Off Target,,none,,,,,,,,
2026-08-06,8:38.720,1H,B,Richard,GK Saves,,none,,,,,,,,
2026-08-06,8:50.431,1H,B,Alberto,On Target,,none,,,,,,,,
2026-08-06,8:49.431,1H,B,Lachlan,Key Passes,,none,,,,,,,,
2026-08-06,8:50.860,1H,A,James,GK Saves,,none,,,,,,,,
2026-08-06,8:51.839,1H,B,Austin,On Target,,none,,,,,,,,
2026-08-06,8:52.128,1H,A,James,GK Saves,,none,,,,,,,,
2026-08-06,9:02.297,1H,B,Xavier,Tackles,,none,,,,,,,,
2026-08-06,9:04.128,1H,A,Jake,Tackles,,none,,,,,,,,
2026-08-06,9:07.611,1H,B,Alberto,On Target,,none,,,,,,,,
2026-08-06,9:06.611,1H,B,Austin,Key Passes,,none,,,,,,,,
2026-08-06,9:07.652,1H,A,James,GK Saves,,none,,,,,,,,
2026-08-06,9:44.578,1H,B,Alberto,Nutmegs,,none,,,,,,,,
2026-08-06,9:49.258,1H,B,Austin,Nutmegs,,none,,,,,,,,
2026-08-06,9:49.258,1H,B,Lachlan,Goals,Austin,highlight,none,0.8960,0.9270,0.6200,0.2730,0.0010,0.9290,right
2026-08-06,9:59.396,1H,B,Richard,GK Removed,,,,,,,,,,
2026-08-06,9:59.396,1H,B,Alberto,GK On,,,,,,,,,,
2026-08-06,10:07.908,1H,A,James,GK Removed,,,,,,,,,,
2026-08-06,10:07.908,1H,A,Vijit,GK On,,,,,,,,,,
2026-08-06,10:10.521,1H,A,Gio,Off Target,,none,,,,,,,,
2026-08-06,10:09.521,1H,A,James,Key Passes,,none,,,,,,,,
2026-08-06,10:09.521,1H,A,Gio,Nutmegs,,none,,,,,,,,
2026-08-06,10:18.991,1H,B,Xavier,Off Target,,none,,,,,,,,
2026-08-06,10:20.585,1H,A,James,Interceptions,,none,,,,,,,,
2026-08-06,10:31.029,1H,B,Richard,Interceptions,,none,,,,,,,,
2026-08-06,10:54.479,1H,A,Gio,Interceptions,,none,,,,,,,,
2026-08-06,11:24.087,1H,B,Richard,Goals,Lachlan,highlight,none,0.8050,0.7780,0.6040,0.3740,0.4930,0.2570,right
2026-08-06,11:38.624,1H,B,Lachlan,Interceptions,,none,,,,,,,,
2026-08-06,11:47.816,1H,B,Richard,Interceptions,,none,,,,,,,,
2026-08-06,11:52.652,1H,A,James,Interceptions,,none,,,,,,,,
2026-08-06,11:58.799,1H,A,Amin,On Target,,none,,,,,,,,
2026-08-06,11:57.799,1H,A,Vijit,Key Passes,,none,,,,,,,,
2026-08-06,11:58.911,1H,B,Xavier,Blocks,,none,,,,,,,,
2026-08-06,12:03.698,1H,A,Gio,Off Target,,none,,,,,,,,
2026-08-06,12:03.788,1H,B,Lachlan,Blocks,,none,,,,,,,,
2026-08-06,12:07.710,1H,A,James,Off Target,,none,,,,,,,,
2026-08-06,12:06.710,1H,A,Amin,Key Passes,,none,,,,,,,,
2026-08-06,12:09.458,1H,B,Xavier,Interceptions,,none,,,,,,,,
2026-08-06,12:15.303,1H,A,James,Tackles,,none,,,,,,,,
2026-08-06,12:17.867,1H,A,James,Nutmegs,,none,,,,,,,,
2026-08-06,12:17.867,1H,A,James,Goals,Gio,highlight,none,0.8190,0.1150,0.6290,0.1070,0.6000,0.8860,right
2026-08-06,12:37.935,1H,A,Gio,Interceptions,,none,,,,,,,,
2026-08-06,12:39.646,1H,B,Richard,Interceptions,,none,,,,,,,,
2026-08-06,12:44.278,1H,A,Vijit,Interceptions,,none,,,,,,,,
2026-08-06,12:46.866,1H,B,Xavier,Interceptions,,none,,,,,,,,
2026-08-06,12:53.631,1H,B,Lachlan,Nutmegs,,none,,,,,,,,
2026-08-06,12:53.631,1H,B,Lachlan,Goals,Austin,none,highlight,0.8320,0.2300,0.8140,0.8610,0.2880,0.9430,right
2026-08-06,13:13.226,1H,B,Richard,Interceptions,,none,,,,,,,,
2026-08-06,13:22.667,1H,B,Austin,Off Target,,none,,,,,,,,
2026-08-06,13:29.790,1H,B,Lachlan,Interceptions,,none,,,,,,,,
2026-08-06,13:34.786,1H,B,Richard,Interceptions,,none,,,,,,,,
2026-08-06,13:37.258,1H,B,Austin,On Target,,none,,,,,,,,
2026-08-06,13:36.258,1H,B,Richard,Key Passes,,none,,,,,,,,
2026-08-06,13:37.880,1H,A,Vijit,GK Saves,,none,,,,,,,,
2026-08-06,13:52.285,1H,A,James,Interceptions,,none,,,,,,,,
2026-08-06,13:56.089,1H,A,Amin,Goals,James,none,none,0.7840,0.1460,0.2880,0.0940,0.0920,0.6640,left
2026-08-06,14:26.355,1H,B,Austin,Interceptions,,none,,,,,,,,
2026-08-06,14:35.194,1H,B,Richard,Interceptions,,none,,,,,,,,
2026-08-06,14:49.992,1H,B,Lachlan,On Target,,none,,,,,,,,
2026-08-06,14:48.992,1H,B,Austin,Key Passes,,none,,,,,,,,
2026-08-06,14:51.056,1H,A,Vijit,GK Saves,,none,,,,,,,,
2026-08-06,15:18.204,1H,A,Amin,Interceptions,,none,,,,,,,,
2026-08-06,15:22.136,1H,B,Lachlan,Goals,Richard,none,highlight,0.8050,0.3480,0.7550,0.8790,0.7370,0.4070,right
2026-08-06,15:42.229,1H,B,Xavier,Tackles,,none,,,,,,,,
2026-08-06,15:46.138,1H,A,Jake,Tackles,,none,,,,,,,,
2026-08-06,15:46.796,1H,A,Jake,On Target,,none,,,,,,,,
2026-08-06,15:47.067,1H,B,Richard,Blocks,,none,,,,,,,,
2026-08-06,15:57.646,1H,A,Jake,Tackles,,none,,,,,,,,
2026-08-06,15:58.943,1H,A,Amin,On Target,,none,,,,,,,,
2026-08-06,15:59.379,1H,B,Alberto,GK Saves,,none,,,,,,,,
2026-08-06,16:02.644,1H,B,Richard,Interceptions,,none,,,,,,,,
2026-08-06,16:03.911,1H,A,Jake,Off Target,,none,,,,,,,,
2026-08-06,16:14.291,1H,A,Gio,Tackles,,none,,,,,,,,
2026-08-06,16:20.921,1H,A,Amin,Off Target,,none,,,,,,,,
2026-08-06,16:19.921,1H,A,James,Key Passes,,none,,,,,,,,
2026-08-06,16:31.132,1H,B,Richard,On Target,,none,,,,,,,,
2026-08-06,16:30.132,1H,B,Xavier,Key Passes,,none,,,,,,,,
2026-08-06,16:31.267,1H,A,Gio,Blocks,,none,,,,,,,,
2026-08-06,16:38.056,1H,B,Xavier,Interceptions,,none,,,,,,,,
2026-08-06,16:50.568,1H,A,Amin,Interceptions,,none,,,,,,,,
2026-08-06,16:56.996,1H,B,Alberto,GK Saves,,none,,,,,,,,
2026-08-06,17:01.960,1H,A,Jake,Interceptions,,none,,,,,,,,
2026-08-06,17:02.491,1H,B,Alberto,GK Removed,,,,,,,,,,
2026-08-06,17:02.491,1H,B,Richard,GK On,,,,,,,,,,
2026-08-06,17:03.760,1H,A,Jake,On Target,,none,,,,,,,,
2026-08-06,17:03.887,1H,B,Alberto,Blocks,,none,,,,,,,,
2026-08-06,17:14.794,1H,B,Xavier,Off Target,,none,,,,,,,,
2026-08-06,17:17.759,1H,B,Alberto,Interceptions,,none,,,,,,,,
2026-08-06,17:21.338,1H,B,Austin,On Target,,none,,,,,,,,
2026-08-06,17:21.731,1H,A,Gio,Blocks,,none,,,,,,,,
2026-08-06,17:28.911,1H,B,Austin,Off Target,,none,,,,,,,,
2026-08-06,17:27.911,1H,B,Alberto,Key Passes,,none,,,,,,,,
2026-08-06,17:42.298,1H,B,Austin,Goals,Richard,highlight,none,0.6070,0.6990,0.1100,0.5230,0.1440,0.9570,right
2026-08-06,18:01.550,1H,B,Alberto,Interceptions,,none,,,,,,,,
2026-08-06,18:05.128,1H,B,Lachlan,Off Target,,none,,,,,,,,
2026-08-06,18:04.128,1H,B,Alberto,Key Passes,,none,,,,,,,,
2026-08-06,18:14.687,1H,B,Austin,Off Target,,none,,,,,,,,
2026-08-06,18:13.687,1H,B,Xavier,Key Passes,,none,,,,,,,,
2026-08-06,18:18.923,1H,B,Austin,Interceptions,,none,,,,,,,,
2026-08-06,18:20.375,1H,B,Austin,Goals,,none,none,0.6020,0.3170,,,0.3380,0.6070,right
2026-08-06,18:38.443,1H,B,Xavier,Tackles,,none,,,,,,,,
2026-08-06,18:44.019,1H,A,Gio,Interceptions,,none,,,,,,,,
2026-08-06,18:47.907,1H,B,Xavier,Interceptions,,none,,,,,,,,
2026-08-06,18:30.980,1H,A,Vijit,GK Removed,,,,,,,,,,
2026-08-06,18:30.980,1H,A,Jake,GK On,,,,,,,,,,
2026-08-06,18:50.117,1H,A,Vijit,Interceptions,,none,,,,,,,,
2026-08-06,18:59.093,1H,A,Gio,On Target,,none,,,,,,,,
2026-08-06,18:58.093,1H,A,Amin,Key Passes,,none,,,,,,,,
2026-08-06,18:59.736,1H,B,Richard,GK Saves,,none,,,,,,,,
2026-08-06,19:09.384,1H,A,James,Interceptions,,none,,,,,,,,
2026-08-06,19:10.565,1H,A,Amin,Off Target,,none,,,,,,,,
2026-08-06,19:09.565,1H,A,James,Key Passes,,none,,,,,,,,
2026-08-06,19:17.924,1H,A,Gio,Interceptions,,none,,,,,,,,
2026-08-06,19:33.767,1H,A,Gio,Interceptions,,none,,,,,,,,
2026-08-06,20:00.600,1H,B,Xavier,Interceptions,,none,,,,,,,,
2026-08-06,20:16.990,1H,A,James,Interceptions,,none,,,,,,,,
2026-08-06,20:19.101,1H,B,Xavier,Interceptions,,none,,,,,,,,
2026-08-06,20:40.863,1H,B,Austin,Interceptions,,none,,,,,,,,
2026-08-06,20:44.647,1H,B,Austin,On Target,,none,,,,,,,,
2026-08-06,20:44.893,1H,A,Gio,Blocks,,none,,,,,,,,
2026-08-06,21:06.363,1H,B,Austin,Tackles,,none,,,,,,,,
2026-08-06,21:11.115,1H,A,Vijit,On Target,,none,,,,,,,,
2026-08-06,21:10.115,1H,A,Gio,Key Passes,,none,,,,,,,,
2026-08-06,21:11.524,1H,B,Richard,GK Saves,,none,,,,,,,,
2026-08-06,21:14.282,1H,B,Austin,Interceptions,,none,,,,,,,,
2026-08-06,21:15.169,1H,B,Alberto,Tackles,,none,,,,,,,,
2026-08-06,20:50.152,1H,A,Jake,GK Removed,,,,,,,,,,
2026-08-06,20:50.152,1H,A,James,GK On,,,,,,,,,,
2026-08-06,21:19.113,1H,A,Jake,Goals,,highlight,none,0.5360,0.9180,,,0.9550,0.6140,right
2026-08-06,21:41.111,1H,B,Xavier,Off Target,,none,,,,,,,,
2026-08-06,21:56.301,1H,B,Xavier,Interceptions,,none,,,,,,,,
2026-08-06,22:04.870,1H,B,Alberto,Key Passes,,none,,,,,,,,
2026-08-06,22:12.765,1H,B,Xavier,Interceptions,,none,,,,,,,,
2026-08-06,22:46.094,1H,A,Jake,Tackles,,none,,,,,,,,
2026-08-06,22:47.553,1H,A,Jake,Off Target,,none,,,,,,,,
2026-08-06,22:55.893,1H,B,Alberto,Off Target,,none,,,,,,,,
2026-08-06,22:54.893,1H,B,Richard,Key Passes,,none,,,,,,,,
2026-08-06,22:57.631,1H,B,Lachlan,Goals,,none,none,0.7870,0.7910,,,0.9850,0.0290,right
2026-08-06,23:13.630,1H,A,Jake,On Target,,none,,,,,,,,
2026-08-06,23:12.630,1H,A,Amin,Key Passes,,none,,,,,,,,
2026-08-06,23:14.332,1H,B,Richard,GK Saves,,none,,,,,,,,
2026-08-06,23:29.394,1H,A,Vijit,Interceptions,,none,,,,,,,,
2026-08-06,23:36.010,1H,B,Xavier,Tackles,,none,,,,,,,,
2026-08-06,23:54.072,1H,A,Jake,Interceptions,,none,,,,,,,,
2026-08-06,23:57.123,1H,B,Xavier,Tackles,,none,,,,,,,,
2026-08-06,24:04.293,1H,B,Alberto,Off Target,,none,,,,,,,,
2026-08-06,24:03.293,1H,B,Lachlan,Key Passes,,none,,,,,,,,
2026-08-06,24:03.479,1H,B,Lachlan,Nutmegs,,none,,,,,,,,
2026-08-06,24:10.861,1H,A,Gio,Goals,James,highlight,none,0.7180,0.7210,0.1080,0.5150,0.2130,0.8360,right
2026-08-06,24:31.166,1H,A,Gio,Tackles,,none,,,,,,,,
2026-08-06,24:34.044,1H,A,Amin,Off Target,,none,,,,,,,,
2026-08-06,24:35.929,1H,B,Austin,Interceptions,,none,,,,,,,,
2026-08-06,24:41.208,1H,A,Jake,Tackles,,none,,,,,,,,
2026-08-06,24:46.512,1H,B,Xavier,Tackles,,none,,,,,,,,
2026-08-06,24:53.010,1H,B,Austin,On Target,,none,,,,,,,,
2026-08-06,24:52.010,1H,B,Lachlan,Key Passes,,none,,,,,,,,
2026-08-06,24:53.200,1H,A,Jake,Blocks,,none,,,,,,,,
2026-08-06,24:54.171,1H,B,Lachlan,On Target,,none,,,,,,,,
2026-08-06,24:54.559,1H,A,James,GK Saves,,none,,,,,,,,
2026-08-06,24:58.401,1H,A,Amin,On Target,,none,,,,,,,,
2026-08-06,24:57.401,1H,A,James,Key Passes,,none,,,,,,,,
2026-08-06,24:58.522,1H,B,Xavier,Blocks,,none,,,,,,,,
2026-08-06,25:27.561,1H,B,Xavier,Tackles,,none,,,,,,,,
2026-08-06,25:31.309,1H,B,Lachlan,On Target,,none,,,,,,,,
2026-08-06,25:30.309,1H,B,Austin,Key Passes,,none,,,,,,,,
2026-08-06,25:31.445,1H,A,Gio,Blocks,,none,,,,,,,,
2026-08-06,25:51.157,1H,B,Austin,Off Target,,none,,,,,,,,
2026-08-06,25:54.136,1H,A,Jake,Tackles,,none,,,,,,,,
2026-08-06,26:00.674,1H,A,Gio,On Target,,none,,,,,,,,
2026-08-06,25:59.674,1H,A,James,Key Passes,,none,,,,,,,,
2026-08-06,26:01.003,1H,B,Richard,GK Saves,,none,,,,,,,,
2026-08-06,26:03.846,1H,B,Austin,Interceptions,,none,,,,,,,,
2026-08-06,26:10.607,1H,B,Lachlan,Off Target,,none,,,,,,,,
2026-08-06,26:09.607,1H,B,Richard,Key Passes,,none,,,,,,,,
2026-08-06,26:35.804,1H,B,Lachlan,Interceptions,,none,,,,,,,,
2026-08-06,26:42.673,1H,A,Vijit,Interceptions,,none,,,,,,,,
2026-08-06,26:44.206,1H,A,Gio,Interceptions,,none,,,,,,,,
2026-08-06,26:50.966,1H,A,Vijit,Off Target,,none,,,,,,,,
2026-08-06,26:49.966,1H,A,Amin,Key Passes,,none,,,,,,,,
2026-08-06,26:53.446,1H,A,Amin,On Target,,none,,,,,,,,
2026-08-06,26:53.527,1H,B,Xavier,Blocks,,none,,,,,,,,
2026-08-06,26:59.309,1H,A,Gio,Interceptions,,none,,,,,,,,
2026-08-06,27:15.699,1H,B,Austin,Off Target,,none,,,,,,,,
2026-08-06,27:14.699,1H,B,Xavier,Key Passes,,none,,,,,,,,
2026-08-06,27:15.699,1H,B,Austin,Post,,none,,,,,,,,
2026-08-06,27:17.004,1H,B,Alberto,Off Target,,none,,,,,,,,
2026-08-06,27:29.938,1H,B,Lachlan,Interceptions,,none,,,,,,,,
2026-08-06,27:36.739,1H,A,Vijit,Interceptions,,none,,,,,,,,
2026-08-06,27:39.802,1H,B,Alberto,Interceptions,,none,,,,,,,,
2026-08-06,27:40.041,1H,B,Alberto,Off Target,,none,,,,,,,,
2026-08-06,27:48.941,1H,B,Xavier,Interceptions,,none,,,,,,,,
2026-08-06,27:57.469,2H,A,James,GK Removed,,,,,,,,,,
2026-08-06,27:57.469,2H,A,Gio,GK On,,,,,,,,,,
2026-08-06,27:58.229,2H,B,Richard,GK Removed,,,,,,,,,,
2026-08-06,27:58.229,2H,B,Alberto,GK On,,,,,,,,,,
2026-08-06,28:16.922,2H,A,Jake,Tackles,,none,,,,,,,,
2026-08-06,28:22.699,2H,B,Austin,Interceptions,,none,,,,,,,,
2026-08-06,28:29.819,2H,B,Richard,Goals,Austin,none,none,0.7930,0.1750,0.4560,0.1400,0.5730,0.3480,right
2026-08-06,28:51.404,2H,B,Austin,Interceptions,,none,,,,,,,,
2026-08-06,28:53.226,2H,B,Austin,Tackles,,none,,,,,,,,
2026-08-06,29:03.636,2H,A,Amin,Interceptions,,none,,,,,,,,
2026-08-06,29:12.533,2H,B,Lachlan,Off Target,,none,,,,,,,,
2026-08-06,29:11.533,2H,B,Austin,Key Passes,,none,,,,,,,,
2026-08-06,29:20.200,2H,B,Lachlan,Interceptions,,none,,,,,,,,
2026-08-06,29:27.321,2H,B,Lachlan,On Target,,none,,,,,,,,
2026-08-06,29:26.321,2H,B,Richard,Key Passes,,none,,,,,,,,
2026-08-06,29:27.514,2H,A,Gio,GK Saves,,none,,,,,,,,
2026-08-06,29:49.665,2H,B,Xavier,Tackles,,none,,,,,,,,
2026-08-06,29:56.002,2H,A,Jake,Interceptions,,none,,,,,,,,
2026-08-06,29:59.450,2H,B,Richard,Interceptions,,none,,,,,,,,
2026-08-06,30:01.971,2H,A,Jake,Interceptions,,none,,,,,,,,
2026-08-06,30:14.017,2H,A,James,Off Target,,none,,,,,,,,
2026-08-06,30:13.017,2H,A,Jake,Key Passes,,none,,,,,,,,
2026-08-06,30:30.720,2H,A,Jake,Tackles,,none,,,,,,,,
2026-08-06,30:34.627,2H,A,Amin,Interceptions,,none,,,,,,,,
2026-08-06,30:37.891,2H,A,Jake,Off Target,,none,,,,,,,,
2026-08-06,30:36.891,2H,A,Amin,Key Passes,,none,,,,,,,,
2026-08-06,30:45.483,2H,A,Amin,Interceptions,,none,,,,,,,,
2026-08-06,30:52.638,2H,A,Vijit,Interceptions,,none,,,,,,,,
2026-08-06,30:58.188,2H,B,Richard,Off Target,,none,,,,,,,,
2026-08-06,30:57.188,2H,B,Xavier,Key Passes,,none,,,,,,,,
2026-08-06,31:06.804,2H,B,Austin,Interceptions,,none,,,,,,,,
2026-08-06,31:13.256,2H,B,Lachlan,Goals,Xavier,none,none,0.7180,0.8700,0.2490,0.2730,0.3950,0.3360,right
2026-08-06,31:22.418,2H,A,Gio,GK Removed,,,,,,,,,,
2026-08-06,31:22.418,2H,A,James,GK On,,,,,,,,,,
2026-08-06,31:27.418,2H,A,Gio,On Target,,none,,,,,,,,
2026-08-06,31:27.525,2H,B,Austin,Blocks,,none,,,,,,,,
2026-08-06,31:41.981,2H,A,Jake,Interceptions,,none,,,,,,,,
2026-08-06,31:46.575,2H,B,Xavier,Off Target,,none,,,,,,,,
2026-08-06,31:48.550,2H,A,Jake,Interceptions,,none,,,,,,,,
2026-08-06,31:56.444,2H,B,Austin,Tackles,,none,,,,,,,,
2026-08-06,32:04.013,2H,B,Austin,Interceptions,,none,,,,,,,,
2026-08-06,32:06.081,2H,A,Gio,Tackles,,none,,,,,,,,
2026-08-06,32:11.095,2H,B,Austin,Off Target,,none,,,,,,,,
2026-08-06,32:10.095,2H,B,Richard,Key Passes,,none,,,,,,,,
2026-08-06,32:10.095,2H,B,Austin,Nutmegs,,none,,,,,,,,
2026-08-06,32:18.777,2H,B,Richard,Off Target,,none,,,,,,,,
2026-08-06,32:17.777,2H,B,Austin,Key Passes,,none,,,,,,,,
2026-08-06,32:20.281,2H,B,Xavier,On Target,,none,,,,,,,,
2026-08-06,32:20.572,2H,A,James,GK Saves,,none,,,,,,,,
2026-08-06,32:30.206,2H,B,Lachlan,Tackles,,none,,,,,,,,
2026-08-06,32:35.438,2H,B,Lachlan,On Target,,none,,,,,,,,
2026-08-06,32:34.438,2H,B,Austin,Key Passes,,none,,,,,,,,
2026-08-06,32:35.628,2H,A,James,GK Saves,,none,,,,,,,,
2026-08-06,32:37.449,2H,A,Jake,Interceptions,,none,,,,,,,,
2026-08-06,32:40.552,2H,B,Richard,Interceptions,,none,,,,,,,,
2026-08-06,32:45.823,2H,A,Gio,Nutmegs,,none,,,,,,,,
2026-08-06,33:03.515,2H,A,Amin,On Target,,none,,,,,,,,
2026-08-06,33:02.515,2H,A,Gio,Key Passes,,none,,,,,,,,
2026-08-06,33:03.800,2H,B,Alberto,GK Saves,,none,,,,,,,,
2026-08-06,33:15.043,2H,A,Jake,Interceptions,,none,,,,,,,,
2026-08-06,33:17.318,2H,B,Lachlan,Interceptions,,none,,,,,,,,
2026-08-06,33:18.859,2H,A,Gio,Interceptions,,none,,,,,,,,
2026-08-06,33:26.330,2H,A,Jake,Nutmegs,,none,,,,,,,,
2026-08-06,33:32.108,2H,A,Vijit,Interceptions,,none,,,,,,,,
2026-08-06,33:34.018,2H,A,Jake,Interceptions,,none,,,,,,,,
2026-08-06,33:37.048,2H,B,Austin,Interceptions,,none,,,,,,,,
2026-08-06,33:37.858,2H,B,Austin,Nutmegs,,none,,,,,,,,
2026-08-06,33:52.095,2H,A,Vijit,Interceptions,,none,,,,,,,,
2026-08-06,33:53.171,2H,A,Vijit,Off Target,,none,,,,,,,,
2026-08-06,33:53.305,2H,B,Xavier,Blocks,,none,,,,,,,,
2026-08-06,34:07.292,2H,B,Richard,On Target,,none,,,,,,,,
2026-08-06,34:06.292,2H,B,Austin,Key Passes,,none,,,,,,,,
2026-08-06,34:07.578,2H,A,James,GK Saves,,highlight,,,,,,,,
2026-08-06,34:20.870,2H,B,Richard,Interceptions,,none,,,,,,,,
2026-08-06,34:35.409,2H,B,Austin,Tackles,,none,,,,,,,,
2026-08-06,34:34.304,2H,A,Amin,Key Passes,,none,,,,,,,,
2026-08-06,34:42.840,2H,A,Jake,Interceptions,,none,,,,,,,,
2026-08-06,34:53.921,2H,A,Gio,On Target,,none,,,,,,,,
2026-08-06,34:52.921,2H,A,Amin,Key Passes,,none,,,,,,,,
2026-08-06,34:53.997,2H,B,Lachlan,Blocks,,none,,,,,,,,
2026-08-06,35:06.156,2H,A,Gio,Tackles,,none,,,,,,,,
2026-08-06,35:05.829,2H,A,Gio,Nutmegs,,none,,,,,,,,
2026-08-06,35:09.885,2H,A,Gio,Goals,,highlight,none,0.7590,0.7870,,,0.1420,0.3360,right
2026-08-06,36:01.881,2H,B,Lachlan,Interceptions,,none,,,,,,,,
2026-08-06,36:08.026,2H,A,Vijit,Interceptions,,none,,,,,,,,
2026-08-06,36:10.054,2H,B,Lachlan,Tackles,,none,,,,,,,,
2026-08-06,36:11.567,2H,B,Austin,Off Target,,none,,,,,,,,
2026-08-06,36:10.567,2H,B,Lachlan,Key Passes,,none,,,,,,,,
2026-08-06,36:19.528,2H,A,Amin,On Target,,none,,,,,,,,
2026-08-06,36:18.528,2H,A,James,Key Passes,,none,,,,,,,,
2026-08-06,36:20.118,2H,B,Alberto,GK Saves,,none,,,,,,,,
2026-08-06,36:34.362,2H,B,Austin,Nutmegs,,none,,,,,,,,
2026-08-06,36:35.419,2H,A,Gio,Interceptions,,none,,,,,,,,
2026-08-06,36:49.524,2H,B,Lachlan,Interceptions,,none,,,,,,,,
2026-08-06,36:52.120,2H,B,Austin,Off Target,,none,,,,,,,,
2026-08-06,36:51.120,2H,B,Lachlan,Key Passes,,none,,,,,,,,
2026-08-06,36:54.854,2H,B,Richard,Off Target,,none,,,,,,,,
2026-08-06,36:57.270,2H,A,Jake,Interceptions,,none,,,,,,,,
2026-08-06,37:15.771,2H,A,Gio,Interceptions,,none,,,,,,,,
2026-08-06,37:34.447,2H,B,Richard,Interceptions,,none,,,,,,,,
2026-08-06,37:51.007,2H,B,Austin,Off Target,,none,,,,,,,,
2026-08-06,37:54.299,2H,B,Richard,Off Target,,none,,,,,,,,
2026-08-06,37:53.299,2H,B,Lachlan,Key Passes,,none,,,,,,,,
2026-08-06,37:54.348,2H,A,Gio,Blocks,,none,,,,,,,,
2026-08-06,37:55.297,2H,A,James,GK Saves,,none,,,,,,,,
2026-08-06,37:57.980,2H,B,Xavier,Interceptions,,none,,,,,,,,
2026-08-06,38:13.214,2H,B,Austin,On Target,,none,,,,,,,,
2026-08-06,38:12.214,2H,B,Richard,Key Passes,,none,,,,,,,,
2026-08-06,38:13.824,2H,A,James,GK Saves,,none,,,,,,,,
2026-08-06,38:19.660,2H,B,Xavier,Tackles,,none,,,,,,,,
2026-08-06,38:26.203,2H,B,Lachlan,Nutmegs,,none,,,,,,,,
2026-08-06,38:26.203,2H,A,Vijit,Interceptions,,none,,,,,,,,
2026-08-06,38:36.167,2H,B,Richard,Interceptions,,none,,,,,,,,
2026-08-06,38:38.279,2H,B,Lachlan,Off Target,,none,,,,,,,,
2026-08-06,38:44.109,2H,B,Xavier,Interceptions,,none,,,,,,,,
2026-08-06,38:43.175,2H,B,Alberto,GK Removed,,,,,,,,,,
2026-08-06,38:43.175,2H,B,Richard,GK On,,,,,,,,,,
2026-08-06,38:54.957,2H,B,Xavier,Tackles,,none,,,,,,,,
2026-08-06,39:02.894,2H,A,Jake,Interceptions,,none,,,,,,,,
2026-08-06,39:04.822,2H,A,Amin,Off Target,,lowlight,,,,,,,,
2026-08-06,39:15.089,2H,B,Lachlan,Goals,Alberto,none,none,0.8820,0.0850,0.4400,0.1590,0.3220,0.8710,right
2026-08-06,39:42.355,2H,A,Gio,On Target,,none,,,,,,,,
2026-08-06,39:42.493,2H,B,Xavier,Blocks,,none,,,,,,,,
2026-08-06,39:46.487,2H,A,Gio,On Target,,none,,,,,,,,
2026-08-06,39:46.655,2H,B,Lachlan,Blocks,,none,,,,,,,,
2026-08-06,39:48.263,2H,A,Gio,On Target,,none,,,,,,,,
2026-08-06,39:48.595,2H,B,Richard,GK Saves,,none,,,,,,,,
2026-08-06,39:28.075,2H,A,James,GK Removed,,,,,,,,,,
2026-08-06,39:28.075,2H,A,Vijit,GK On,,,,,,,,,,
2026-08-06,39:59.687,2H,A,James,Interceptions,,none,,,,,,,,
2026-08-06,40:16.053,2H,B,Richard,GK Saves,,none,,,,,,,,
2026-08-06,40:25.648,2H,B,Alberto,Off Target,,none,,,,,,,,
2026-08-06,40:24.648,2H,B,Lachlan,Key Passes,,none,,,,,,,,
2026-08-06,40:30.055,2H,B,Austin,Nutmegs,,none,,,,,,,,
2026-08-06,40:29.898,2H,A,Gio,Interceptions,,none,,,,,,,,
2026-08-06,40:46.475,2H,A,Amin,Tackles,,none,,,,,,,,
2026-08-06,40:57.187,2H,A,Jake,Interceptions,,none,,,,,,,,
2026-08-06,41:11.679,2H,A,Amin,On Target,,none,,,,,,,,
2026-08-06,41:10.679,2H,A,Jake,Key Passes,,none,,,,,,,,
2026-08-06,41:12.200,2H,B,Alberto,Blocks,,none,,,,,,,,
2026-08-06,41:16.967,2H,A,Jake,Interceptions,,none,,,,,,,,
2026-08-06,41:20.268,2H,A,James,Interceptions,,none,,,,,,,,
2026-08-06,41:22.643,2H,A,Gio,Interceptions,,none,,,,,,,,
2026-08-06,41:30.248,2H,B,Richard,GK Saves,,lowlight,,,,,,,,
2026-08-06,41:38.788,2H,A,Jake,Interceptions,,none,,,,,,,,
2026-08-06,41:44.328,2H,A,Amin,Interceptions,,none,,,,,,,,
2026-08-06,41:49.402,2H,B,Alberto,Interceptions,,none,,,,,,,,
2026-08-06,42:06.866,2H,B,Alberto,Interceptions,,none,,,,,,,,
2026-08-06,42:11.990,2H,A,Amin,Off Target,,none,,,,,,,,
2026-08-06,42:19.497,2H,A,Jake,Interceptions,,none,,,,,,,,
2026-08-06,42:24.694,2H,B,Xavier,Tackles,,none,,,,,,,,
2026-08-06,42:27.524,2H,A,Gio,Tackles,,none,,,,,,,,
2026-08-06,42:35.048,2H,A,James,Off Target,,none,,,,,,,,
2026-08-06,42:34.048,2H,A,Amin,Key Passes,,none,,,,,,,,
2026-08-06,42:46.588,2H,A,Jake,Interceptions,,none,,,,,,,,
2026-08-06,42:48.953,2H,A,Jake,On Target,,none,,,,,,,,
2026-08-06,42:49.084,2H,B,Xavier,Blocks,,none,,,,,,,,
2026-08-06,42:56.046,2H,B,Xavier,Interceptions,,none,,,,,,,,
2026-08-06,42:58.827,2H,B,Austin,Interceptions,,none,,,,,,,,
2026-08-06,43:06.801,2H,B,Austin,Off Target,,none,,,,,,,,
2026-08-06,43:20.031,2H,A,Amin,Off Target,,none,,,,,,,,
2026-08-06,43:21.644,2H,B,Richard,Interceptions,,none,,,,,,,,
2026-08-06,43:39.586,2H,A,Gio,On Target,,none,,,,,,,,
2026-08-06,43:38.586,2H,A,Amin,Key Passes,,none,,,,,,,,
2026-08-06,43:39.883,2H,B,Richard,GK Saves,,none,,,,,,,,
2026-08-06,43:50.080,2H,A,James,Interceptions,,none,,,,,,,,
2026-08-06,43:53.438,2H,B,Alberto,Tackles,,none,,,,,,,,
2026-08-06,44:05.128,2H,B,Austin,Off Target,,none,,,,,,,,
2026-08-06,44:04.128,2H,B,Lachlan,Key Passes,,none,,,,,,,,
2026-08-06,44:10.497,2H,B,Alberto,Off Target,,none,,,,,,,,
2026-08-06,44:09.497,2H,B,Austin,Key Passes,,none,,,,,,,,
2026-08-06,44:12.464,2H,B,Austin,Off Target,,none,,,,,,,,
2026-08-06,44:26.050,2H,A,James,On Target,,none,,,,,,,,
2026-08-06,44:25.050,2H,A,Amin,Key Passes,,none,,,,,,,,
2026-08-06,44:26.172,2H,B,Austin,Blocks,,none,,,,,,,,
2026-08-06,44:32.136,2H,A,James,Interceptions,,none,,,,,,,,
2026-08-06,44:17.088,2H,B,Richard,GK Removed,,,,,,,,,,
2026-08-06,44:17.088,2H,B,Xavier,GK On,,,,,,,,,,
2026-08-06,44:35.566,2H,A,James,Goals,Gio,highlight,none,0.8210,0.6860,0.7340,0.7650,0.1970,0.9790,right
2026-08-06,44:57.280,2H,A,Gio,Interceptions,,none,,,,,,,,
2026-08-06,45:08.457,2H,B,Alberto,Interceptions,,none,,,,,,,,
2026-08-06,45:19.688,2H,A,James,On Target,,none,,,,,,,,
2026-08-06,45:18.688,2H,A,Vijit,Key Passes,,none,,,,,,,,
2026-08-06,45:20.274,2H,B,Xavier,GK Saves,,none,,,,,,,,
2026-08-06,45:19.875,2H,A,James,Nutmegs,,none,,,,,,,,
2026-08-06,45:25.687,2H,B,Austin,Off Target,,none,,,,,,,,
2026-08-06,45:24.687,2H,B,Richard,Key Passes,,none,,,,,,,,
2026-08-06,45:27.641,2H,B,Austin,On Target,,none,,,,,,,,
2026-08-06,45:27.828,2H,A,Gio,Blocks,,none,,,,,,,,
2026-08-06,44:16.873,2H,A,Vijit,GK Removed,,,,,,,,,,
2026-08-06,44:16.873,2H,A,Jake,GK On,,,,,,,,,,
2026-08-06,45:42.411,2H,A,Amin,On Target,,none,,,,,,,,
2026-08-06,45:41.411,2H,A,James,Key Passes,,none,,,,,,,,
2026-08-06,45:42.563,2H,B,Lachlan,Blocks,,none,,,,,,,,
2026-08-06,45:54.516,2H,A,Gio,Interceptions,,none,,,,,,,,
2026-08-06,45:58.607,2H,A,James,Off Target,,none,,,,,,,,
2026-08-06,45:57.607,2H,A,Gio,Key Passes,,none,,,,,,,,
2026-08-06,45:57.607,2H,A,James,Nutmegs,,none,,,,,,,,
2026-08-06,46:14.498,2H,B,Richard,Interceptions,,none,,,,,,,,
2026-08-06,46:15.311,2H,A,James,Tackles,,none,,,,,,,,
2026-08-06,46:20.923,2H,B,Alberto,Goals,Austin,highlight,none,0.7960,0.1640,0.6390,0.2120,0.8730,0.9070,right
2026-08-06,46:58.574,2H,A,Vijit,Interceptions,,none,,,,,,,,
2026-08-06,47:06.099,2H,A,Vijit,Interceptions,,none,,,,,,,,
2026-08-06,47:13.246,2H,B,Alberto,Interceptions,,none,,,,,,,,
2026-08-06,47:23.733,2H,B,Lachlan,On Target,,none,,,,,,,,
2026-08-06,47:22.733,2H,B,Xavier,Key Passes,,none,,,,,,,,
2026-08-06,47:24.163,2H,A,Jake,GK Saves,,none,,,,,,,,
2026-08-06,47:37.048,2H,A,Amin,Off Target,,none,,,,,,,,
2026-08-06,47:36.048,2H,A,James,Key Passes,,none,,,,,,,,
2026-08-06,47:48.465,2H,A,Vijit,Interceptions,,none,,,,,,,,
2026-08-06,47:57.957,2H,A,Vijit,Interceptions,,none,,,,,,,,
2026-08-06,47:59.772,2H,B,Austin,Nutmegs,,none,,,,,,,,
2026-08-06,48:07.188,2H,B,Austin,Interceptions,,none,,,,,,,,
2026-08-06,48:09.529,2H,B,Lachlan,Goals,Austin,none,none,0.7780,0.4400,0.7270,0.7380,0.9550,0.7360,right
2026-08-06,48:28.749,2H,A,Gio,On Target,,none,,,,,,,,
2026-08-06,48:29.100,2H,B,Richard,Blocks,,none,,,,,,,,
2026-08-06,48:35.830,2H,A,Gio,Interceptions,,none,,,,,,,,
2026-08-06,48:43.086,2H,A,Vijit,Interceptions,,none,,,,,,,,
2026-08-06,48:58.233,2H,A,Vijit,Interceptions,,none,,,,,,,,
2026-08-06,49:02.234,2H,B,Alberto,Tackles,,none,,,,,,,,
2026-08-06,49:08.150,2H,A,Vijit,Interceptions,,none,,,,,,,,
2026-08-06,49:11.180,2H,A,Gio,Nutmegs,,none,,,,,,,,
2026-08-06,49:12.340,2H,A,Amin,On Target,,none,,,,,,,,
2026-08-06,49:11.340,2H,A,Gio,Key Passes,,none,,,,,,,,
2026-08-06,49:12.531,2H,B,Lachlan,Blocks,,none,,,,,,,,
2026-08-06,49:19.186,2H,A,Gio,On Target,,none,,,,,,,,
2026-08-06,49:18.186,2H,A,Amin,Key Passes,,none,,,,,,,,
2026-08-06,49:19.281,2H,B,Lachlan,Blocks,,none,,,,,,,,
2026-08-06,49:30.873,2H,B,Richard,Interceptions,,none,,,,,,,,
2026-08-06,49:34.802,2H,A,Vijit,Interceptions,,none,,,,,,,,
2026-08-06,49:37.240,2H,B,Austin,Off Target,,none,,,,,,,,
2026-08-06,49:42.469,2H,B,Richard,Tackles,,none,,,,,,,,
2026-08-06,49:46.019,2H,A,Amin,Off Target,,none,,,,,,,,
2026-08-06,50:03.878,2H,A,Jake,GK Removed,,,,,,,,,,
2026-08-06,50:03.878,2H,A,James,GK On,,,,,,,,,,
2026-08-06,50:09.651,2H,A,Amin,Off Target,,none,,,,,,,,
2026-08-06,50:08.651,2H,A,James,Key Passes,,none,,,,,,,,
2026-08-06,50:09.679,2H,B,Lachlan,Blocks,,none,,,,,,,,
2026-08-06,50:24.817,2H,A,Vijit,Interceptions,,none,,,,,,,,
2026-08-06,50:31.814,2H,B,Lachlan,Interceptions,,none,,,,,,,,
2026-08-06,50:38.638,2H,A,Amin,Off Target,,none,,,,,,,,
2026-08-06,50:37.638,2H,A,James,Key Passes,,none,,,,,,,,
2026-08-06,50:58.988,2H,A,Jake,Interceptions,,none,,,,,,,,
2026-08-06,51:13.305,2H,A,Gio,Goals,Amin,none,none,0.8870,0.2510,0.8210,0.0580,0.9960,0.8500,
2026-08-06,51:43.764,2H,A,Amin,On Target,,none,,,,,,,,
2026-08-06,51:44.277,2H,B,Xavier,GK Saves,,none,,,,,,,,
2026-08-06,51:45.644,2H,A,Gio,On Target,,none,,,,,,,,
2026-08-06,51:45.853,2H,B,Xavier,GK Saves,,none,,,,,,,,
2026-08-06,51:55.484,2H,B,Alberto,Tackles,,none,,,,,,,,
2026-08-06,51:56.633,2H,A,Jake,Tackles,,none,,,,,,,,
2026-08-06,52:01.371,2H,B,Lachlan,On Target,,none,,,,,,,,
2026-08-06,52:00.371,2H,B,Alberto,Key Passes,,none,,,,,,,,
2026-08-06,52:01.803,2H,A,James,GK Saves,,none,,,,,,,,
2026-08-06,52:17.400,2H,A,Jake,Tackles,,none,,,,,,,,
2026-08-06,52:36.398,2H,B,Richard,Tackles,,none,,,,,,,,
2026-08-06,52:44.652,2H,A,Amin,Interceptions,,none,,,,,,,,
2026-08-06,52:48.451,2H,A,Gio,Off Target,,none,,,,,,,,
2026-08-06,52:58.190,2H,A,Jake,Interceptions,,none,,,,,,,,
2026-08-06,53:01.426,2H,B,Alberto,On Target,,none,,,,,,,,
2026-08-06,53:00.426,2H,B,Richard,Key Passes,,none,,,,,,,,
2026-08-06,53:08.462,2H,A,Gio,Tackles,,none,,,,,,,,
2026-08-06,53:10.275,2H,A,Vijit,On Target,,none,,,,,,,,
2026-08-06,53:09.275,2H,A,Gio,Key Passes,,none,,,,,,,,
2026-08-06,53:10.919,2H,B,Xavier,GK Saves,,none,,,,,,,,
2026-08-06,53:31.598,2H,B,Xavier,GK Removed,,,,,,,,,,
2026-08-06,53:31.598,2H,B,Alberto,GK On,,,,,,,,,,
2026-08-06,53:38.570,2H,A,Gio,Interceptions,,none,,,,,,,,
2026-08-06,53:39.356,2H,B,Lachlan,Off Target,,none,,,,,,,,
2026-08-06,53:41.593,2H,B,Austin,On Target,,none,,,,,,,,
2026-08-06,53:41.751,2H,A,James,GK Saves,,none,,,,,,,,
2026-08-06,53:43.221,2H,B,Austin,Goals,,highlight,none,0.8960,0.1940,,,0.0350,0.7930,right
2026-08-06,54:06.828,2H,B,Xavier,Tackles,,none,,,,,,,,
2026-08-06,54:08.989,2H,A,Jake,Interceptions,,none,,,,,,,,
2026-08-06,54:15.474,2H,A,Jake,On Target,,none,,,,,,,,
2026-08-06,54:14.474,2H,A,Gio,Key Passes,,none,,,,,,,,
2026-08-06,54:15.862,2H,B,Alberto,GK Saves,,none,,,,,,,,
2026-08-06,54:23.641,2H,A,Vijit,Interceptions,,none,,,,,,,,
2026-08-06,54:26.406,2H,A,Jake,Off Target,,none,,,,,,,,
2026-08-06,54:25.406,2H,A,Gio,Key Passes,,none,,,,,,,,
2026-08-06,54:39.293,2H,B,Xavier,Off Target,,none,,,,,,,,
2026-08-13,0:00.000,1H,A,Richard,GK On,,,,,,,,,,
2026-08-13,0:00.000,1H,B,Ines,GK On,,,,,,,,,,
2026-08-13,0:11.429,1H,B,Austin,Tackles,,none,,,,,,,,
2026-08-13,0:23.969,1H,B,Vijit,Interceptions,,none,,,,,,,,
2026-08-13,0:27.273,1H,A,Bailey,Tackles,,none,,,,,,,,
2026-08-13,0:30.504,1H,B,Gio,Tackles,,none,,,,,,,,
2026-08-13,0:44.426,1H,A,Martin,Interceptions,,none,,,,,,,,
2026-08-13,0:47.774,1H,B,Gio,Interceptions,,none,,,,,,,,
2026-08-13,0:49.902,1H,A,Andres,Tackles,,none,,,,,,,,
2026-08-13,0:56.289,1H,B,Vijit,Interceptions,,none,,,,,,,,
2026-08-13,0:58.512,1H,B,Vijit,Tackles,,none,,,,,,,,
2026-08-13,1:10.385,1H,B,Vijit,Tackles,,none,,,,,,,,
2026-08-13,1:25.265,1H,B,Austin,On Target,,none,,,,,,,,
2026-08-13,1:24.265,1H,B,Lachlan,Key Passes,,none,,,,,,,,
2026-08-13,1:25.413,1H,A,Andres,Blocks,,none,,,,,,,,
2026-08-13,1:29.732,1H,B,Gio,Off Target,,none,,,,,,,,
2026-08-13,1:28.732,1H,B,Lachlan,Key Passes,,none,,,,,,,,
2026-08-13,1:30.082,1H,A,Richard,GK Saves,,none,,,,,,,,
2026-08-13,1:52.854,1H,B,Austin,On Target,,none,,,,,,,,
2026-08-13,1:53.590,1H,A,Richard,GK Saves,,none,,,,,,,,
2026-08-13,1:54.421,1H,B,Lachlan,Nutmegs,,none,,,,,,,,
2026-08-13,1:54.421,1H,B,Lachlan,Goals,,none,none,0.8410,0.2550,,,0.6930,0.9700,right
2026-08-13,2:19.970,1H,B,Vijit,Interceptions,,none,,,,,,,,
2026-08-13,2:26.807,1H,B,Vijit,Interceptions,,none,,,,,,,,
2026-08-13,2:36.926,1H,A,Alberto,Tackles,,none,,,,,,,,
2026-08-13,2:47.886,1H,A,Alberto,Interceptions,,none,,,,,,,,
2026-08-13,2:49.275,1H,B,Lachlan,Tackles,,none,,,,,,,,
2026-08-13,2:51.008,1H,B,Lachlan,Off Target,,none,,,,,,,,
2026-08-13,2:51.008,1H,B,Lachlan,Post,,none,,,,,,,,
2026-08-13,3:01.412,1H,A,Andres,On Target,,none,,,,,,,,
2026-08-13,3:00.412,1H,A,Martin,Key Passes,,none,,,,,,,,
2026-08-13,3:01.634,1H,B,Gio,Blocks,,none,,,,,,,,
2026-08-13,3:06.380,1H,A,Alberto,Interceptions,,none,,,,,,,,
2026-08-13,3:33.689,1H,A,Martin,Tackles,,none,,,,,,,,
2026-08-13,3:42.585,1H,B,Lachlan,Interceptions,,none,,,,,,,,
2026-08-13,3:44.493,1H,A,Alberto,Tackles,,none,,,,,,,,
2026-08-13,3:54.409,1H,B,Austin,Tackles,,none,,,,,,,,
2026-08-13,3:56.677,1H,B,Austin,On Target,,none,,,,,,,,
2026-08-13,3:55.677,1H,B,Austin,Nutmegs,,none,,,,,,,,
2026-08-13,3:57.150,1H,A,Richard,GK Saves,,none,,,,,,,,
2026-08-13,4:13.682,1H,B,Austin,Interceptions,,none,,,,,,,,
2026-08-13,4:18.604,1H,B,Lachlan,Off Target,,none,,,,,,,,
2026-08-13,4:17.604,1H,B,Ines,Key Passes,,none,,,,,,,,
2026-08-13,4:27.146,1H,A,Alberto,On Target,,none,,,,,,,,
2026-08-13,4:26.146,1H,A,Martin,Key Passes,,none,,,,,,,,
2026-08-13,4:27.591,1H,B,Ines,GK Saves,,none,,,,,,,,
2026-08-13,4:38.651,1H,B,Austin,On Target,,none,,,,,,,,
2026-08-13,4:37.651,1H,B,Gio,Key Passes,,none,,,,,,,,
2026-08-13,4:39.086,1H,B,Austin,GK Saves,,none,,,,,,,,
2026-08-13,4:48.139,1H,B,Vijit,Interceptions,,none,,,,,,,,
2026-08-13,4:53.718,1H,B,Austin,Nutmegs,,none,,,,,,,,
2026-08-13,5:01.535,1H,B,Austin,Nutmegs,,none,,,,,,,,
2026-08-13,5:01.691,1H,A,Bailey,Interceptions,,none,,,,,,,,
2026-08-13,5:03.692,1H,A,Martin,On Target,,none,,,,,,,,
2026-08-13,5:04.260,1H,B,Ines,GK Saves,,none,,,,,,,,
2026-08-13,5:13.441,1H,A,Alberto,Interceptions,,none,,,,,,,,
2026-08-13,5:27.591,1H,A,Alberto,Off Target,,none,,,,,,,,
2026-08-13,5:26.591,1H,A,Bailey,Key Passes,,none,,,,,,,,
2026-08-13,5:34.377,1H,A,Martin,Nutmegs,,none,,,,,,,,
2026-08-13,5:34.657,1H,B,Gio,Interceptions,,none,,,,,,,,
2026-08-13,5:47.991,1H,B,Lachlan,On Target,,none,,,,,,,,
2026-08-13,5:46.991,1H,B,Austin,Key Passes,,none,,,,,,,,
2026-08-13,5:59.426,1H,B,Lachlan,Tackles,,none,,,,,,,,
2026-08-13,6:07.754,1H,B,Gio,Interceptions,,none,,,,,,,,
2026-08-13,6:10.972,1H,B,Gio,Tackles,,none,,,,,,,,
2026-08-13,6:26.826,1H,B,Lachlan,Off Target,,none,,,,,,,,
2026-08-13,6:25.826,1H,B,Vijit,Key Passes,,none,,,,,,,,
2026-08-13,6:35.755,1H,A,Andres,Interceptions,,none,,,,,,,,
2026-08-13,6:40.770,1H,A,Richard,GK Removed,,,,,,,,,,
2026-08-13,6:40.770,1H,A,Alberto,GK On,,,,,,,,,,
2026-08-13,6:51.560,1H,A,Richard,Interceptions,,none,,,,,,,,
2026-08-13,6:57.221,1H,B,Lachlan,Interceptions,,none,,,,,,,,
2026-08-13,7:02.030,1H,A,Andres,Tackles,,none,,,,,,,,
2026-08-13,7:03.719,1H,A,Bailey,Off Target,,none,,,,,,,,
2026-08-13,7:02.719,1H,A,Andres,Key Passes,,none,,,,,,,,
2026-08-13,7:05.231,1H,A,Andres,Off Target,,none,,,,,,,,
2026-08-13,7:05.231,1H,A,Andres,Post,,none,,,,,,,,
2026-08-13,7:09.740,1H,A,Richard,Interceptions,,none,,,,,,,,
2026-08-13,7:12.168,1H,A,Richard,On Target,,none,,,,,,,,
2026-08-13,7:12.302,1H,B,Vijit,Blocks,,none,,,,,,,,
2026-08-13,7:14.216,1H,A,Richard,On Target,,none,,,,,,,,
2026-08-13,7:14.329,1H,B,Gio,Blocks,,none,,,,,,,,
2026-08-13,7:18.313,1H,A,Martin,Interceptions,,none,,,,,,,,
2026-08-13,7:20.754,1H,B,Gio,Off Target,,none,,,,,,,,
2026-08-13,7:27.915,1H,A,Richard,On Target,,none,,,,,,,,
2026-08-13,7:26.915,1H,A,Martin,Key Passes,,none,,,,,,,,
2026-08-13,7:28.141,1H,B,Ines,GK Saves,,none,,,,,,,,
2026-08-13,7:34.101,1H,B,Lachlan,On Target,,none,,,,,,,,
2026-08-13,7:33.101,1H,B,Vijit,Key Passes,,none,,,,,,,,
2026-08-13,7:34.318,1H,A,Martin,Blocks,,none,,,,,,,,
2026-08-13,7:40.808,1H,B,Gio,On Target,,none,,,,,,,,
2026-08-13,7:39.808,1H,B,Austin,Key Passes,,none,,,,,,,,
2026-08-13,7:41.049,1H,A,Alberto,GK Saves,,none,,,,,,,,
2026-08-13,7:47.512,1H,A,Bailey,On Target,,none,,,,,,,,
2026-08-13,7:46.512,1H,A,Alberto,Key Passes,,none,,,,,,,,
2026-08-13,7:47.724,1H,B,Vijit,Blocks,,none,,,,,,,,
2026-08-13,7:58.078,1H,A,Bailey,Tackles,,none,,,,,,,,
2026-08-13,8:02.461,1H,A,Martin,Off Target,,none,,,,,,,,
2026-08-13,8:01.461,1H,A,Bailey,Key Passes,,none,,,,,,,,
2026-08-13,8:11.143,1H,B,Gio,On Target,,none,,,,,,,,
2026-08-13,8:10.143,1H,B,Ines,Key Passes,,none,,,,,,,,
2026-08-13,8:15.702,1H,A,Andres,Tackles,,none,,,,,,,,
2026-08-13,8:25.977,1H,A,Andres,On Target,,none,,,,,,,,
2026-08-13,8:24.977,1H,A,Bailey,Key Passes,,none,,,,,,,,
2026-08-13,8:26.647,1H,B,Ines,GK Saves,,none,,,,,,,,
2026-08-13,8:29.548,1H,B,Austin,Interceptions,,none,,,,,,,,
2026-08-13,8:32.462,1H,A,Richard,Interceptions,,none,,,,,,,,
2026-08-13,8:44.145,1H,A,Martin,Interceptions,,none,,,,,,,,
2026-08-13,9:03.042,1H,A,Richard,Interceptions,,none,,,,,,,,
2026-08-13,9:08.500,1H,A,Bailey,Key Passes,,none,,,,,,,,
2026-08-13,9:20.679,1H,B,Lachlan,Off Target,,none,,,,,,,,
2026-08-13,9:19.679,1H,B,Gio,Key Passes,,none,,,,,,,,
2026-08-13,9:21.782,1H,B,Gio,On Target,,none,,,,,,,,
2026-08-13,9:22.653,1H,A,Alberto,GK Saves,,none,,,,,,,,
2026-08-13,9:24.050,1H,B,Ines,GK Removed,,,,,,,,,,
2026-08-13,9:24.050,1H,B,Vijit,GK On,,,,,,,,,,
2026-08-13,9:30.690,1H,A,Andres,Interceptions,,none,,,,,,,,
2026-08-13,9:36.895,1H,B,Ines,Interceptions,,none,,,,,,,,
2026-08-13,9:39.390,1H,A,Richard,Interceptions,,none,,,,,,,,
2026-08-13,9:41.281,1H,B,Ines,Nutmegs,,none,,,,,,,,
2026-08-13,9:42.616,1H,B,Gio,On Target,,none,,,,,,,,
2026-08-13,9:41.616,1H,B,Ines,Key Passes,,none,,,,,,,,
2026-08-13,9:42.827,1H,A,Alberto,GK Saves,,none,,,,,,,,
2026-08-13,9:44.057,1H,B,Gio,On Target,,none,,,,,,,,
2026-08-13,9:44.256,1H,A,Alberto,GK Saves,,none,,,,,,,,
2026-08-13,10:01.910,1H,B,Gio,Off Target,,none,,,,,,,,
2026-08-13,10:00.910,1H,B,Vijit,Key Passes,,none,,,,,,,,
2026-08-13,10:16.177,1H,B,Lachlan,Interceptions,,none,,,,,,,,
2026-08-13,10:26.610,1H,A,Andres,Tackles,,none,,,,,,,,
2026-08-13,10:27.323,1H,A,Richard,Off Target,,none,,,,,,,,
2026-08-13,10:26.323,1H,A,Andres,Key Passes,,none,,,,,,,,
2026-08-13,10:29.456,1H,B,Austin,Interceptions,,none,,,,,,,,
2026-08-13,10:34.495,1H,B,Gio,Goals,Ines,none,highlight,0.7930,0.6070,0.6180,0.1330,0.6340,0.9790,right
2026-08-13,11:02.141,1H,B,Austin,Tackles,,none,,,,,,,,
2026-08-13,11:05.072,1H,A,Richard,Off Target,,none,,,,,,,,
2026-08-13,11:05.072,1H,A,Richard,Post,,none,,,,,,,,
2026-08-13,11:06.425,1H,A,Bailey,Goals,,lowlight,none,0.9160,0.8520,,,,,left
2026-08-13,11:06.425,1H,A,Bailey,Off Target,,none,,,,,,,,
2026-08-13,11:37.401,1H,B,Ines,On Target,,none,,,,,,,,
2026-08-13,11:38.314,1H,A,Alberto,GK Saves,,none,,,,,,,,
2026-08-13,11:52.871,1H,A,Andres,Off Target,,none,,,,,,,,
2026-08-13,11:51.871,1H,A,Martin,Key Passes,,none,,,,,,,,
2026-08-13,11:52.871,1H,A,Andres,Post,,none,,,,,,,,
2026-08-13,11:58.510,1H,A,Martin,Interceptions,,none,,,,,,,,
2026-08-13,12:19.910,1H,A,Andres,Interceptions,,none,,,,,,,,
2026-08-13,12:41.139,1H,A,Richard,Interceptions,,none,,,,,,,,
2026-08-13,12:45.355,1H,B,Lachlan,Interceptions,,none,,,,,,,,
2026-08-13,12:51.523,1H,A,Bailey,Tackles,,none,,,,,,,,
2026-08-13,13:00.772,1H,B,Gio,Interceptions,,none,,,,,,,,
2026-08-13,13:29.996,1H,A,Richard,Interceptions,,none,,,,,,,,
2026-08-13,13:54.721,1H,A,Richard,Off Target,,none,,,,,,,,
2026-08-13,13:53.721,1H,A,Bailey,Key Passes,,none,,,,,,,,
2026-08-13,13:56.275,1H,B,Lachlan,Interceptions,,highlight,,,,,,,,
2026-08-13,14:05.196,1H,B,Austin,Tackles,,none,,,,,,,,
2026-08-13,14:07.501,1H,A,Richard,Tackles,,none,,,,,,,,
2026-08-13,14:17.412,1H,A,Andres,Off Target,,none,,,,,,,,
2026-08-13,14:27.472,1H,A,Andres,Tackles,,none,,,,,,,,
2026-08-13,14:47.660,1H,B,Lachlan,Interceptions,,none,,,,,,,,
2026-08-13,14:54.104,1H,A,Richard,Tackles,,none,,,,,,,,
2026-08-13,14:55.126,1H,A,Richard,Off Target,,none,,,,,,,,
2026-08-13,15:16.214,1H,B,Ines,Interceptions,,none,,,,,,,,
2026-08-13,15:25.326,1H,A,Andres,Interceptions,,none,,,,,,,,
2026-08-13,15:29.914,1H,A,Richard,Nutmegs,,none,,,,,,,,
2026-08-13,15:29.914,1H,A,Bailey,Goals,Richard,none,none,0.8070,0.3520,0.5790,0.1290,0.3700,0.9640,left
2026-08-13,15:45.582,1H,B,Ines,On Target,,none,,,,,,,,
2026-08-13,15:45.877,1H,A,Richard,Blocks,,none,,,,,,,,
2026-08-13,15:49.185,1H,A,Richard,Tackles,,none,,,,,,,,
2026-08-13,15:53.078,1H,A,Martin,Off Target,,none,,,,,,,,
2026-08-13,15:56.478,1H,A,Martin,Interceptions,,none,,,,,,,,
2026-08-13,16:01.936,1H,B,Ines,On Target,,none,,,,,,,,
2026-08-13,16:00.936,1H,B,Lachlan,Key Passes,,none,,,,,,,,
2026-08-13,16:02.020,1H,A,Richard,Blocks,,none,,,,,,,,
2026-08-13,16:07.982,1H,B,Lachlan,Off Target,,none,,,,,,,,
2026-08-13,16:06.982,1H,B,Gio,Key Passes,,none,,,,,,,,
2026-08-13,16:17.903,1H,A,Alberto,GK Removed,,,,,,,,,,
2026-08-13,16:17.903,1H,A,Richard,GK On,,,,,,,,,,
2026-08-13,16:29.315,1H,A,Alberto,Off Target,,none,,,,,,,,
2026-08-13,16:28.315,1H,A,Bailey,Key Passes,,none,,,,,,,,
2026-08-13,16:31.727,1H,A,Andres,Interceptions,,none,,,,,,,,
2026-08-13,16:32.928,1H,A,Andres,On Target,,none,,,,,,,,
2026-08-13,16:33.150,1H,B,Vijit,GK Saves,,none,,,,,,,,
2026-08-13,16:44.493,1H,B,Lachlan,Off Target,,none,,,,,,,,
2026-08-13,16:44.493,1H,B,Lachlan,Post,,none,,,,,,,,
2026-08-13,16:47.908,1H,B,Vijit,GK Removed,,,,,,,,,,
2026-08-13,16:47.908,1H,B,Ines,GK On,,,,,,,,,,
2026-08-13,16:51.082,1H,B,Vijit,Interceptions,,none,,,,,,,,
2026-08-13,16:56.660,1H,A,Martin,Interceptions,,none,,,,,,,,
2026-08-13,17:06.769,1H,A,Andres,On Target,,none,,,,,,,,
2026-08-13,17:05.769,1H,A,Alberto,Key Passes,,none,,,,,,,,
2026-08-13,17:06.893,1H,B,Gio,Blocks,,none,,,,,,,,
2026-08-13,17:17.241,1H,A,Alberto,Goals,Bailey,none,none,0.7520,0.6370,0.5430,0.0580,0.2010,0.7210,left
2026-08-13,17:35.691,1H,A,Bailey,Interceptions,,none,,,,,,,,
2026-08-13,17:39.604,1H,B,Gio,Interceptions,,none,,,,,,,,
2026-08-13,17:40.735,1H,A,Bailey,Nutmegs,,none,,,,,,,,
2026-08-13,17:46.724,1H,B,Vijit,Tackles,,none,,,,,,,,
2026-08-13,17:50.708,1H,A,Alberto,Interceptions,,none,,,,,,,,
2026-08-13,17:56.476,1H,B,Austin,Interceptions,,none,,,,,,,,
2026-08-13,18:01.928,1H,A,Alberto,Tackles,,none,,,,,,,,
2026-08-13,18:02.348,1H,B,Austin,On Target,,none,,,,,,,,
2026-08-13,18:02.538,1H,A,Richard,GK Saves,,none,,,,,,,,
2026-08-13,18:21.269,1H,B,Lachlan,On Target,,none,,,,,,,,
2026-08-13,18:20.269,1H,B,Austin,Key Passes,,none,,,,,,,,
2026-08-13,18:21.322,1H,A,Andres,Blocks,,none,,,,,,,,
2026-08-13,18:24.126,1H,B,Austin,Off Target,,none,,,,,,,,
2026-08-13,18:30.830,1H,A,Alberto,On Target,,none,,,,,,,,
2026-08-13,18:29.830,1H,A,Martin,Key Passes,,none,,,,,,,,
2026-08-13,18:31.233,1H,B,Ines,GK Saves,,none,,,,,,,,
2026-08-13,18:38.632,1H,B,Lachlan,On Target,,none,,,,,,,,
2026-08-13,18:37.632,1H,B,Austin,Key Passes,,none,,,,,,,,
2026-08-13,18:38.793,1H,A,Richard,GK Saves,,none,,,,,,,,
2026-08-13,18:40.079,1H,B,Lachlan,On Target,,none,,,,,,,,
2026-08-13,18:40.266,1H,A,Richard,GK Saves,,none,,,,,,,,
2026-08-13,18:41.608,1H,A,Alberto,Tackles,,none,,,,,,,,
2026-08-13,18:44.315,1H,B,Vijit,On Target,,none,,,,,,,,
2026-08-13,18:45.094,1H,A,Richard,GK Saves,,none,,,,,,,,
2026-08-13,18:48.793,1H,B,Vijit,Interceptions,,none,,,,,,,,
2026-08-13,19:05.073,1H,B,Vijit,Interceptions,,none,,,,,,,,
2026-08-13,19:25.424,1H,B,Gio,Nutmegs,,none,,,,,,,,
2026-08-13,19:27.355,1H,B,Austin,Off Target,,none,,,,,,,,
2026-08-13,19:26.355,1H,B,Gio,Key Passes,,none,,,,,,,,
2026-08-13,19:29.494,1H,B,Austin,Interceptions,,none,,,,,,,,
2026-08-13,19:33.167,1H,A,Andres,Interceptions,,none,,,,,,,,
2026-08-13,19:34.909,1H,B,Vijit,Tackles,,none,,,,,,,,
2026-08-13,19:37.365,1H,B,Vijit,Off Target,,none,,,,,,,,
2026-08-13,19:39.888,1H,B,Gio,Off Target,,none,,,,,,,,
2026-08-13,19:46.891,1H,B,Ines,GK Saves,,none,,,,,,,,
2026-08-13,19:58.691,1H,A,Andres,Tackles,,none,,,,,,,,
2026-08-13,20:08.205,1H,B,Austin,On Target,,none,,,,,,,,
2026-08-13,20:07.205,1H,B,Gio,Key Passes,,none,,,,,,,,
2026-08-13,20:08.537,1H,A,Bailey,Blocks,,none,,,,,,,,
2026-08-13,20:13.582,1H,B,Austin,Off Target,,none,,,,,,,,
2026-08-13,20:12.582,1H,B,Gio,Key Passes,,none,,,,,,,,
2026-08-13,20:15.635,1H,A,Bailey,Interceptions,,none,,,,,,,,
2026-08-13,20:26.427,1H,B,Lachlan,Interceptions,,none,,,,,,,,
2026-08-13,20:33.927,1H,B,Vijit,On Target,,none,,,,,,,,
2026-08-13,20:34.176,1H,A,Martin,Blocks,,none,,,,,,,,
2026-08-13,20:36.176,1H,B,Gio,Off Target,,none,,,,,,,,
2026-08-13,20:36.176,1H,B,Gio,Post,,none,,,,,,,,
2026-08-13,20:38.364,1H,B,Vijit,On Target,,none,,,,,,,,
2026-08-13,20:38.906,1H,A,Richard,GK Saves,,none,,,,,,,,
2026-08-13,20:41.574,1H,A,Andres,Tackles,,none,,,,,,,,
2026-08-13,20:48.223,1H,B,Austin,Interceptions,,none,,,,,,,,
2026-08-13,20:59.995,1H,B,Lachlan,Interceptions,,none,,,,,,,,
2026-08-13,21:03.915,1H,A,Bailey,Interceptions,,none,,,,,,,,
2026-08-13,21:14.412,1H,B,Austin,Off Target,,none,,,,,,,,
2026-08-13,21:13.412,1H,B,Gio,Key Passes,,none,,,,,,,,
2026-08-13,21:17.784,1H,B,Gio,On Target,,none,,,,,,,,
2026-08-13,21:16.784,1H,B,Vijit,Key Passes,,none,,,,,,,,
2026-08-13,21:18.104,1H,A,Richard,GK Saves,,none,,,,,,,,
2026-08-13,21:23.713,1H,A,Andres,Tackles,,none,,,,,,,,
2026-08-13,21:35.971,1H,A,Bailey,Off Target,,none,,,,,,,,
2026-08-13,21:34.971,1H,A,Andres,Key Passes,,none,,,,,,,,
2026-08-13,21:51.835,1H,A,Alberto,Interceptions,,none,,,,,,,,
2026-08-13,21:58.309,1H,A,Bailey,On Target,,none,,,,,,,,
2026-08-13,21:57.309,1H,A,Andres,Key Passes,,none,,,,,,,,
2026-08-13,21:58.751,1H,B,Ines,GK Saves,,none,,,,,,,,
2026-08-13,22:08.891,1H,A,Martin,Off Target,,none,,,,,,,,
2026-08-13,22:07.891,1H,A,Bailey,Key Passes,,none,,,,,,,,
2026-08-13,22:33.099,1H,A,Andres,On Target,,none,,,,,,,,
2026-08-13,22:32.099,1H,A,Alberto,Key Passes,,none,,,,,,,,
2026-08-13,22:33.517,1H,B,Ines,GK Saves,,none,,,,,,,,
2026-08-13,22:34.249,1H,A,Bailey,Nutmegs,,none,,,,,,,,
2026-08-13,22:34.249,1H,A,Bailey,Goals,,none,none,0.8370,0.4530,,,0.4950,0.9500,left
2026-08-13,22:50.915,2H,A,Richard,GK Removed,,,,,,,,,,
2026-08-13,22:50.915,2H,A,Martin,GK On,,,,,,,,,,
2026-08-13,22:50.915,2H,B,Ines,GK Removed,,,,,,,,,,
2026-08-13,22:50.915,2H,B,Vijit,GK On,,,,,,,,,,
2026-08-13,23:00.522,2H,A,Alberto,Interceptions,,none,,,,,,,,
2026-08-13,23:11.393,2H,B,Lachlan,Interceptions,,none,,,,,,,,
2026-08-13,23:17.183,2H,A,Bailey,On Target,,none,,,,,,,,
2026-08-13,23:16.183,2H,A,Andres,Key Passes,,none,,,,,,,,
2026-08-13,23:17.351,2H,B,Vijit,GK Saves,,none,,,,,,,,
2026-08-13,23:27.901,2H,B,Lachlan,On Target,,none,,,,,,,,
2026-08-13,23:26.901,2H,B,Austin,Key Passes,,none,,,,,,,,
2026-08-13,23:28.123,2H,A,Martin,GK Saves,,none,,,,,,,,
2026-08-13,23:28.988,2H,B,Lachlan,On Target,,none,,,,,,,,
2026-08-13,23:29.259,2H,A,Martin,GK Saves,,none,,,,,,,,
2026-08-13,23:32.508,2H,A,Richard,Interceptions,,none,,,,,,,,
2026-08-13,23:34.843,2H,B,Ines,Interceptions,,none,,,,,,,,
2026-08-13,23:37.323,2H,A,Richard,Interceptions,,none,,,,,,,,
2026-08-13,23:48.529,2H,B,Ines,Interceptions,,none,,,,,,,,
2026-08-13,23:50.910,2H,B,Vijit,Moment,,lowlight,,,,,,,,
2026-08-13,23:52.884,2H,A,Bailey,Goals,,none,none,0.8500,0.7690,,,0.2330,0.7000,left
2026-08-13,24:10.773,2H,A,Richard,Interceptions,,none,,,,,,,,
2026-08-13,24:15.659,2H,A,Richard,Interceptions,,none,,,,,,,,
2026-08-13,24:17.805,2H,B,Austin,Interceptions,,none,,,,,,,,
2026-08-13,24:22.613,2H,A,Alberto,Interceptions,,none,,,,,,,,
2026-08-13,24:24.273,2H,B,Gio,Off Target,,none,,,,,,,,
2026-08-13,24:23.273,2H,B,Ines,Key Passes,,none,,,,,,,,
2026-08-13,24:24.657,2H,A,Martin,GK Saves,,none,,,,,,,,
2026-08-13,24:42.478,2H,A,Bailey,Nutmegs,,none,,,,,,,,
2026-08-13,24:46.622,2H,A,Andres,Off Target,,none,,,,,,,,
2026-08-13,24:45.622,2H,A,Richard,Key Passes,,none,,,,,,,,
2026-08-13,24:51.054,2H,B,Vijit,Moment,,lowlight,,,,,,,,
2026-08-13,24:53.095,2H,A,Andres,Off Target,,none,,,,,,,,
2026-08-13,25:30.597,2H,B,Lachlan,Off Target,,none,,,,,,,,
2026-08-13,25:29.597,2H,B,Gio,Key Passes,,none,,,,,,,,
2026-08-13,25:32.296,2H,B,Austin,On Target,,none,,,,,,,,
2026-08-13,25:32.582,2H,A,Martin,GK Saves,,none,,,,,,,,
2026-08-13,25:39.681,2H,B,Austin,Interceptions,,none,,,,,,,,
2026-08-13,25:49.035,2H,A,Bailey,Nutmegs,,none,,,,,,,,
2026-08-13,25:49.217,2H,B,Ines,Interceptions,,none,,,,,,,,
2026-08-13,26:10.961,2H,B,Ines,Goals,Austin,none,none,0.7960,0.8170,0.5880,0.6640,0.6700,0.5210,right
2026-08-13,26:31.347,2H,B,Gio,Interceptions,,none,,,,,,,,
2026-08-13,26:37.013,2H,B,Lachlan,On Target,,none,,,,,,,,
2026-08-13,26:36.013,2H,B,Austin,Key Passes,,none,,,,,,,,
2026-08-13,26:37.132,2H,A,Andres,Blocks,,none,,,,,,,,
2026-08-13,26:51.377,2H,B,Ines,Interceptions,,none,,,,,,,,
2026-08-13,26:53.077,2H,B,Ines,Off Target,,none,,,,,,,,
2026-08-13,26:55.295,2H,B,Gio,Off Target,,none,,,,,,,,
2026-08-13,26:58.647,2H,A,Andres,Tackles,,none,,,,,,,,
2026-08-13,27:00.156,2H,B,Ines,Tackles,,none,,,,,,,,
2026-08-13,27:03.754,2H,B,Ines,Interceptions,,none,,,,,,,,
2026-08-13,27:08.111,2H,B,Austin,On Target,,none,,,,,,,,
2026-08-13,27:07.111,2H,B,Gio,Key Passes,,none,,,,,,,,
2026-08-13,27:08.439,2H,A,Martin,GK Saves,,none,,,,,,,,
2026-08-13,27:09.469,2H,B,Austin,Goals,,none,none,0.8070,0.6680,,,0.8090,0.9860,left
2026-08-13,27:50.014,2H,B,Austin,Tackles,,none,,,,,,,,
2026-08-13,27:50.877,2H,B,Austin,Off Target,,none,,,,,,,,
2026-08-13,27:52.600,2H,B,Lachlan,Off Target,,none,,,,,,,,
2026-08-13,27:52.600,2H,B,Lachlan,Post,,none,,,,,,,,
2026-08-13,27:54.698,2H,B,Gio,On Target,,none,,,,,,,,
2026-08-13,27:55.106,2H,A,Martin,GK Saves,,none,,,,,,,,
2026-08-13,27:57.696,2H,B,Lachlan,Nutmegs,,none,,,,,,,,
2026-08-13,27:57.928,2H,A,Alberto,Interceptions,,none,,,,,,,,
2026-08-13,28:04.551,2H,A,Bailey,Nutmegs,,none,,,,,,,,
2026-08-13,28:04.551,2H,A,Bailey,Goals,Martin,highlight,none,0.7730,0.5060,0.1150,0.5410,0.4610,0.7860,left
2026-08-13,28:16.316,2H,B,Vijit,GK Removed,,,,,,,,,,
2026-08-13,28:16.316,2H,B,Ines,GK On,,,,,,,,,,
2026-08-13,28:18.326,2H,A,Bailey,Interceptions,,none,,,,,,,,
2026-08-13,28:20.769,2H,B,Austin,Interceptions,,none,,,,,,,,
2026-08-13,28:22.119,2H,B,Austin,Nutmegs,,none,,,,,,,,
2026-08-13,28:24.496,2H,B,Lachlan,On Target,,none,,,,,,,,
2026-08-13,28:23.496,2H,B,Austin,Key Passes,,none,,,,,,,,
2026-08-13,28:24.899,2H,A,Martin,GK Saves,,none,,,,,,,,
2026-08-13,28:27.961,2H,A,Alberto,Interceptions,,none,,,,,,,,
2026-08-13,28:32.375,2H,A,Andres,Interceptions,,none,,,,,,,,
2026-08-13,28:36.091,2H,B,Vijit,Interceptions,,none,,,,,,,,
2026-08-13,28:44.378,2H,B,Austin,Interceptions,,none,,,,,,,,
2026-08-13,28:59.373,2H,B,Gio,Nutmegs,,none,,,,,,,,
2026-08-13,29:02.367,2H,A,Martin,Interceptions,,none,,,,,,,,
2026-08-13,29:03.500,2H,B,Vijit,On Target,,none,,,,,,,,
2026-08-13,29:03.992,2H,A,Martin,GK Saves,,none,,,,,,,,
2026-08-13,29:09.254,2H,B,Austin,Interceptions,,none,,,,,,,,
2026-08-13,29:21.643,2H,B,Lachlan,Interceptions,,none,,,,,,,,
2026-08-13,29:28.040,2H,A,Alberto,Tackles,,none,,,,,,,,
2026-08-13,29:39.704,2H,B,Austin,Tackles,,none,,,,,,,,
2026-08-13,29:47.812,2H,B,Gio,Post,,none,,,,,,,,
2026-08-13,29:47.812,2H,B,Gio,Goals,Austin,none,none,0.8090,0.2080,0.9760,0.1150,0.0080,0.2140,right
2026-08-13,30:14.171,2H,A,Bailey,On Target,,none,,,,,,,,
2026-08-13,30:13.171,2H,A,Andres,Key Passes,,none,,,,,,,,
2026-08-13,30:14.255,2H,B,Vijit,Blocks,,none,,,,,,,,
2026-08-13,30:24.139,2H,A,Richard,Interceptions,,none,,,,,,,,
2026-08-13,30:37.169,2H,A,Bailey,Tackles,,none,,,,,,,,
2026-08-13,30:39.550,2H,B,Lachlan,Tackles,,none,,,,,,,,
2026-08-13,30:48.644,2H,B,Gio,Interceptions,,none,,,,,,,,
2026-08-13,30:51.112,2H,B,Gio,Nutmegs,,none,,,,,,,,
2026-08-13,30:51.209,2H,A,Richard,Interceptions,,none,,,,,,,,
2026-08-13,30:57.561,2H,B,Gio,Nutmegs,,none,,,,,,,,
2026-08-13,30:57.561,2H,B,Gio,Goals,Austin,none,none,0.7840,0.3740,0.5320,0.0670,0.4860,0.9860,right
2026-08-13,31:16.994,2H,A,Richard,On Target,,none,,,,,,,,
2026-08-13,31:15.994,2H,A,Alberto,Key Passes,,none,,,,,,,,
2026-08-13,31:17.416,2H,B,Ines,GK Saves,,none,,,,,,,,
2026-08-13,31:30.838,2H,A,Richard,Interceptions,,none,,,,,,,,
2026-08-13,31:38.311,2H,B,Vijit,Goals,Lachlan,highlight,none,0.8250,0.7300,0.8190,0.0720,0.0350,0.5500,right
2026-08-13,32:08.529,2H,B,Austin,Tackles,,none,,,,,,,,
2026-08-13,32:10.332,2H,B,Austin,On Target,,none,,,,,,,,
2026-08-13,32:10.915,2H,A,Martin,GK Saves,,none,,,,,,,,
2026-08-13,32:22.432,2H,A,Richard,On Target,,none,,,,,,,,
2026-08-13,32:21.432,2H,A,Bailey,Key Passes,,none,,,,,,,,
2026-08-13,32:22.541,2H,B,Gio,Blocks,,none,,,,,,,,
2026-08-13,32:40.250,2H,B,Austin,On Target,,none,,,,,,,,
2026-08-13,32:39.250,2H,B,Lachlan,Key Passes,,none,,,,,,,,
2026-08-13,32:40.766,2H,A,Martin,GK Saves,,none,,,,,,,,
2026-08-13,32:41.912,2H,B,Vijit,On Target,,none,,,,,,,,
2026-08-13,32:42.115,2H,A,Martin,GK Saves,,none,,,,,,,,
2026-08-13,32:45.338,2H,A,Alberto,Interceptions,,none,,,,,,,,
2026-08-13,32:51.400,2H,B,Austin,Interceptions,,none,,,,,,,,
2026-08-13,32:57.568,2H,A,Alberto,Tackles,,none,,,,,,,,
2026-08-13,32:59.006,2H,B,Austin,Off Target,,none,,,,,,,,
2026-08-13,32:59.321,2H,A,Alberto,Blocks,,none,,,,,,,,
2026-08-13,33:05.507,2H,A,Martin,GK Removed,,,,,,,,,,
2026-08-13,33:05.507,2H,A,Bailey,GK On,,,,,,,,,,
2026-08-13,33:33.070,2H,A,Richard,On Target,,none,,,,,,,,
2026-08-13,33:32.070,2H,A,Martin,Key Passes,,none,,,,,,,,
2026-08-13,33:33.255,2H,B,Ines,GK Saves,,none,,,,,,,,
2026-08-13,33:38.149,2H,B,Lachlan,On Target,,none,,,,,,,,
2026-08-13,33:37.149,2H,B,Austin,Key Passes,,none,,,,,,,,
2026-08-13,33:38.458,2H,A,Bailey,GK Saves,,none,,,,,,,,
2026-08-13,33:54.603,2H,A,Andres,On Target,,none,,,,,,,,
2026-08-13,33:54.690,2H,B,Vijit,Blocks,,none,,,,,,,,
2026-08-13,34:19.553,2H,A,Andres,Nutmegs,,none,,,,,,,,
2026-08-13,34:21.806,2H,B,Vijit,Tackles,,none,,,,,,,,
2026-08-13,34:30.054,2H,A,Andres,On Target,,none,,,,,,,,
2026-08-13,34:29.054,2H,A,Bailey,Key Passes,,none,,,,,,,,
2026-08-13,34:29.054,2H,A,Andres,Nutmegs,,none,,,,,,,,
2026-08-13,34:30.375,2H,B,Ines,GK Saves,,none,,,,,,,,
2026-08-13,34:32.392,2H,A,Alberto,On Target,,none,,,,,,,,
2026-08-13,34:32.560,2H,B,Ines,GK Saves,,none,,,,,,,,
2026-08-13,34:33.127,2H,B,Vijit,Interceptions,,none,,,,,,,,
2026-08-13,34:43.954,2H,B,Austin,On Target,,none,,,,,,,,
2026-08-13,34:42.954,2H,B,Lachlan,Key Passes,,none,,,,,,,,
2026-08-13,34:44.445,2H,A,Bailey,GK Saves,,none,,,,,,,,
2026-08-13,34:48.963,2H,B,Vijit,Off Target,,none,,,,,,,,
2026-08-13,34:47.963,2H,B,Lachlan,Key Passes,,none,,,,,,,,
2026-08-13,34:49.343,2H,A,Bailey,GK Saves,,none,,,,,,,,
2026-08-13,34:54.678,2H,B,Austin,Interceptions,,none,,,,,,,,
2026-08-13,35:08.171,2H,A,Richard,Interceptions,,none,,,,,,,,
2026-08-13,35:13.825,2H,A,Alberto,Off Target,,none,,,,,,,,
2026-08-13,35:25.729,2H,B,Vijit,Tackles,,none,,,,,,,,
2026-08-13,35:31.398,2H,A,Richard,On Target,,none,,,,,,,,
2026-08-13,35:30.398,2H,A,Andres,Key Passes,,none,,,,,,,,
2026-08-13,35:31.578,2H,B,Ines,GK Saves,,none,,,,,,,,
2026-08-13,35:40.729,2H,A,Richard,Interceptions,,none,,,,,,,,
2026-08-13,35:46.333,2H,A,Martin,On Target,,none,,,,,,,,
2026-08-13,35:45.333,2H,A,Richard,Key Passes,,none,,,,,,,,
2026-08-13,35:46.884,2H,B,Ines,GK Saves,,none,,,,,,,,
2026-08-13,35:49.941,2H,A,Andres,Off Target,,none,,,,,,,,
2026-08-13,35:50.101,2H,B,Austin,Blocks,,none,,,,,,,,
2026-08-13,36:03.882,2H,A,Alberto,Tackles,,none,,,,,,,,
2026-08-13,36:11.969,2H,A,Andres,Off Target,,none,,,,,,,,
2026-08-13,36:10.969,2H,A,Richard,Key Passes,,none,,,,,,,,
2026-08-13,36:23.625,2H,A,Richard,Interceptions,,none,,,,,,,,
2026-08-13,36:46.387,2H,A,Martin,Goals,,highlight,none,0.8030,0.8260,,,0.1740,0.9360,right
2026-08-13,36:31.302,2H,A,Bailey,GK Removed,,,,,,,,,,
2026-08-13,36:31.302,2H,A,Richard,GK On,,,,,,,,,,
2026-08-13,37:06.533,2H,B,Gio,Off Target,,none,,,,,,,,
2026-08-13,37:05.533,2H,B,Austin,Key Passes,,none,,,,,,,,
2026-08-13,37:05.533,2H,B,Gio,Nutmegs,,none,,,,,,,,
2026-08-13,37:09.431,2H,A,Andres,Interceptions,,none,,,,,,,,
2026-08-13,37:02.687,2H,B,Ines,GK Removed,,,,,,,,,,
2026-08-13,37:02.687,2H,B,Vijit,GK On,,,,,,,,,,
2026-08-13,37:14.289,2H,B,Ines,Tackles,,none,,,,,,,,
2026-08-13,37:21.391,2H,A,Martin,On Target,,none,,,,,,,,
2026-08-13,37:20.391,2H,A,Andres,Key Passes,,none,,,,,,,,
2026-08-13,37:21.583,2H,B,Lachlan,Blocks,,none,,,,,,,,
2026-08-13,37:28.151,2H,A,Alberto,Interceptions,,none,,,,,,,,
2026-08-13,37:43.083,2H,A,Alberto,Interceptions,,none,,,,,,,,
2026-08-13,37:48.090,2H,A,Andres,Off Target,,none,,,,,,,,
2026-08-13,37:47.090,2H,A,Martin,Key Passes,,none,,,,,,,,
2026-08-13,37:47.090,2H,A,Andres,Nutmegs,,none,,,,,,,,
2026-08-13,37:48.368,2H,B,Lachlan,Blocks,,none,,,,,,,,
2026-08-13,37:54.138,2H,A,Alberto,Tackles,,none,,,,,,,,
2026-08-13,37:57.971,2H,B,Gio,Interceptions,,none,,,,,,,,
2026-08-13,37:58.913,2H,B,Gio,Goals,,none,none,0.8370,0.8680,,,0.1810,0.5050,right
2026-08-13,38:18.478,2H,A,Martin,On Target,,none,,,,,,,,
2026-08-13,38:17.478,2H,A,Bailey,Key Passes,,none,,,,,,,,
2026-08-13,38:18.669,2H,B,Lachlan,Blocks,,none,,,,,,,,
2026-08-13,38:24.565,2H,A,Bailey,Tackles,,none,,,,,,,,
2026-08-13,38:45.723,2H,A,Alberto,Interceptions,,none,,,,,,,,
2026-08-13,39:17.797,2H,B,Ines,Off Target,,none,,,,,,,,
2026-08-13,39:31.184,2H,B,Ines,Interceptions,,none,,,,,,,,
2026-08-13,39:40.968,2H,B,Austin,Goals,Lachlan,highlight,none,0.8800,0.7360,0.3420,0.6980,0.2330,0.6690,right
2026-08-13,39:49.470,2H,A,Richard,GK Removed,,,,,,,,,,
2026-08-13,39:49.470,2H,A,Alberto,GK On,,,,,,,,,,
2026-08-13,40:04.470,2H,A,Richard,On Target,,none,,,,,,,,
2026-08-13,40:04.666,2H,B,Vijit,GK Saves,,none,,,,,,,,
2026-08-13,40:06.710,2H,A,Bailey,On Target,,none,,,,,,,,
2026-08-13,40:05.710,2H,A,Richard,Key Passes,,none,,,,,,,,
2026-08-13,40:07.091,2H,B,Vijit,GK Saves,,none,,,,,,,,
2026-08-13,40:19.339,2H,A,Richard,Interceptions,,none,,,,,,,,
2026-08-13,40:21.785,2H,B,Lachlan,Interceptions,,none,,,,,,,,
2026-08-13,40:25.460,2H,B,Lachlan,Off Target,,none,,,,,,,,
2026-08-13,40:24.460,2H,B,Gio,Key Passes,,none,,,,,,,,
2026-08-13,40:31.331,2H,B,Ines,Tackles,,none,,,,,,,,
2026-08-13,40:40.931,2H,B,Austin,On Target,,none,,,,,,,,
2026-08-13,40:39.931,2H,B,Lachlan,Key Passes,,none,,,,,,,,
2026-08-13,40:41.201,2H,A,Alberto,GK Saves,,none,,,,,,,,
2026-08-13,40:49.448,2H,B,Austin,Interceptions,,none,,,,,,,,
2026-08-13,40:57.796,2H,B,Austin,Interceptions,,none,,,,,,,,
2026-08-13,40:58.811,2H,B,Austin,On Target,,none,,,,,,,,
2026-08-13,40:59.068,2H,A,Andres,Blocks,,none,,,,,,,,
2026-08-13,41:00.747,2H,B,Austin,On Target,,none,,,,,,,,
2026-08-13,41:00.872,2H,A,Andres,Blocks,,none,,,,,,,,
2026-08-13,41:15.191,2H,A,Martin,Interceptions,,none,,,,,,,,
2026-08-13,41:22.707,2H,B,Gio,Interceptions,,none,,,,,,,,
2026-08-13,41:35.614,2H,B,Austin,On Target,,none,,,,,,,,
2026-08-13,41:34.614,2H,B,Gio,Key Passes,,none,,,,,,,,
2026-08-13,41:34.614,2H,B,Austin,Nutmegs,,none,,,,,,,,
2026-08-13,41:36.098,2H,A,Alberto,GK Saves,,none,,,,,,,,
2026-08-13,41:46.979,2H,A,Bailey,On Target,,none,,,,,,,,
2026-08-13,41:45.979,2H,A,Alberto,Key Passes,,none,,,,,,,,
2026-08-13,41:02.080,2H,B,Vijit,GK Removed,,,,,,,,,,
2026-08-13,41:02.080,2H,B,Ines,GK On,,,,,,,,,,
2026-08-13,41:47.080,2H,B,Ines,GK Saves,,none,,,,,,,,
2026-08-13,42:02.444,2H,B,Vijit,Interceptions,,none,,,,,,,,
2026-08-13,42:04.846,2H,A,Richard,Tackles,,none,,,,,,,,
2026-08-13,42:09.095,2H,B,Austin,Nutmegs,,none,,,,,,,,
2026-08-13,42:09.264,2H,A,Martin,Interceptions,,none,,,,,,,,
2026-08-13,42:17.855,2H,B,Austin,Off Target,,none,,,,,,,,
2026-08-13,42:16.855,2H,B,Vijit,Key Passes,,none,,,,,,,,
2026-08-13,42:27.702,2H,B,Vijit,Interceptions,,none,,,,,,,,
2026-08-13,42:36.288,2H,B,Austin,Off Target,,none,,,,,,,,
2026-08-13,42:35.288,2H,B,Ines,Key Passes,,none,,,,,,,,
2026-08-13,42:37.902,2H,A,Andres,Interceptions,,none,,,,,,,,
2026-08-13,42:45.946,2H,A,Bailey,Off Target,,none,,,,,,,,
2026-08-13,42:44.946,2H,A,Martin,Key Passes,,none,,,,,,,,
2026-08-13,42:55.166,2H,A,Andres,Interceptions,,none,,,,,,,,
2026-08-13,42:59.556,2H,A,Richard,Off Target,,none,,,,,,,,
2026-08-13,42:58.556,2H,A,Martin,Key Passes,,none,,,,,,,,
2026-08-13,43:09.760,2H,B,Gio,Goals,Lachlan,none,highlight,0.8070,0.1790,0.8030,0.4390,0.2850,0.8550,right
2026-08-13,43:31.951,2H,A,Bailey,On Target,,none,,,,,,,,
2026-08-13,43:32.345,2H,B,Gio,Blocks,,none,,,,,,,,
2026-08-13,44:08.380,2H,A,Andres,On Target,,none,,,,,,,,
2026-08-13,44:08.651,2H,B,Gio,Blocks,,none,,,,,,,,
2026-08-13,44:24.550,2H,B,Vijit,On Target,,none,,,,,,,,
2026-08-13,44:23.550,2H,B,Ines,Key Passes,,none,,,,,,,,
2026-08-13,44:25.215,2H,A,Alberto,GK Saves,,none,,,,,,,,
2026-08-13,44:33.003,2H,B,Lachlan,Interceptions,,none,,,,,,,,
2026-08-13,44:34.368,2H,A,Martin,Off Target,,none,,,,,,,,
2026-08-13,44:43.455,2H,A,Richard,Interceptions,,none,,,,,,,,
2026-08-13,44:49.534,2H,B,Lachlan,Interceptions,,none,,,,,,,,
2026-08-13,44:57.062,2H,B,Gio,Interceptions,,none,,,,,,,,
2026-08-13,45:02.040,2H,B,Lachlan,Interceptions,,none,,,,,,,,
2026-08-13,45:04.887,2H,B,Lachlan,Off Target,,none,,,,,,,,
2026-08-13,45:06.928,2H,B,Gio,On Target,,none,,,,,,,,
2026-08-13,45:07.138,2H,A,Alberto,GK Saves,,none,,,,,,,,
2026-08-13,45:13.175,2H,A,Andres,On Target,,none,,,,,,,,
2026-08-13,45:12.175,2H,A,Alberto,Key Passes,,none,,,,,,,,
2026-08-13,45:13.427,2H,B,Ines,GK Saves,,none,,,,,,,,
2026-08-13,45:39.747,2H,B,Vijit,Tackles,,none,,,,,,,,
2026-08-13,45:51.792,2H,A,Bailey,Interceptions,,none,,,,,,,,
2026-08-13,46:13.929,2H,B,Ines,GK Removed,,,,,,,,,,
2026-08-13,46:13.929,2H,B,Vijit,GK On,,,,,,,,,,
2026-08-13,46:14.671,2H,A,Bailey,On Target,,none,,,,,,,,
2026-08-13,46:14.903,2H,B,Ines,Blocks,,none,,,,,,,,
2026-08-13,46:27.100,2H,B,Gio,Off Target,,none,,,,,,,,
2026-08-13,46:26.100,2H,B,Ines,Key Passes,,none,,,,,,,,
2026-08-13,46:28.734,2H,A,Alberto,Interceptions,,none,,,,,,,,
2026-08-13,46:32.759,2H,B,Gio,Interceptions,,none,,,,,,,,
2026-08-13,46:40.757,2H,A,Martin,Interceptions,,none,,,,,,,,
2026-08-13,46:58.595,2H,A,Richard,Interceptions,,none,,,,,,,,
2026-08-13,47:06.207,2H,B,Lachlan,Off Target,,none,,,,,,,,
2026-08-13,47:05.207,2H,B,Ines,Key Passes,,none,,,,,,,,
2026-08-13,47:14.793,2H,A,Andres,Nutmegs,,none,,,,,,,,
2026-08-13,47:20.773,2H,A,Bailey,On Target,,none,,,,,,,,
2026-08-13,47:19.773,2H,A,Martin,Key Passes,,none,,,,,,,,
2026-08-13,47:21.001,2H,B,Vijit,GK Saves,,none,,,,,,,,
2026-08-13,47:47.888,2H,A,Andres,Interceptions,,none,,,,,,,,
2026-08-13,47:57.907,2H,A,Martin,Interceptions,,none,,,,,,,,
2026-08-13,48:06.972,2H,B,Austin,Key Passes,,none,,,,,,,,
2026-08-13,47:47.407,2H,B,Vijit,GK Removed,,,,,,,,,,
2026-08-13,47:47.407,2H,B,Gio,GK On,,,,,,,,,,
2026-08-13,48:16.321,2H,B,Vijit,Tackles,,none,,,,,,,,
2026-08-13,48:26.224,2H,B,Austin,On Target,,none,,,,,,,,
2026-08-13,48:25.224,2H,B,Lachlan,Key Passes,,none,,,,,,,,
2026-08-13,48:26.365,2H,A,Richard,Blocks,,none,,,,,,,,
2026-08-13,48:30.010,2H,B,Lachlan,Nutmegs,,none,,,,,,,,
2026-08-13,48:30.010,2H,B,Lachlan,Goals,Vijit,none,highlight,0.8870,0.7760,0.8730,0.1700,0.2990,0.6400,right
2026-08-13,49:05.771,2H,A,Bailey,Off Target,,none,,,,,,,,
2026-08-13,49:04.771,2H,A,Andres,Key Passes,,none,,,,,,,,
2026-08-13,49:19.349,2H,B,Lachlan,Interceptions,,none,,,,,,,,
2026-08-13,49:20.392,2H,A,Andres,Off Target,,none,,,,,,,,
2026-08-13,49:20.480,2H,B,Lachlan,Blocks,,none,,,,,,,,
2026-08-13,49:23.653,2H,A,Richard,Off Target,,none,,,,,,,,
2026-08-13,49:26.412,2H,B,Lachlan,Interceptions,,none,,,,,,,,
2026-08-13,49:32.973,2H,B,Vijit,On Target,,none,,,,,,,,
2026-08-13,49:31.973,2H,B,Austin,Key Passes,,none,,,,,,,,
2026-08-13,49:34.374,2H,A,Alberto,GK Saves,,none,,,,,,,,
2026-08-13,49:53.558,2H,B,Lachlan,Interceptions,,none,,,,,,,,
2026-08-13,50:14.217,2H,A,Richard,Interceptions,,none,,,,,,,,
2026-08-13,50:15.297,2H,A,Richard,On Target,,none,,,,,,,,
2026-08-13,50:15.709,2H,B,Gio,GK Saves,,none,,,,,,,,
